ticket_id,user_id,issue_type,created_at,source_file,ingested_at
T00001,U00054,Buffering,2025-04-19 07:12:27,support_raw.csv,2026-09-26T11:24:12.876716+00:00
T00002,U00706,Login,2026-03-15 00:54:09,support_raw.csv,2026-09-26T11:24:12.876716+00:00
T00003,U00396,Login,2025-06-14 01:23:41,support_raw.csv,2026-09-26T11:24:12.876716+00:00
T00004,U00092,Login,2026-03-12 02:45:01,support_raw.csv,2026-09-26T11:24:12.876716+00:00
T00005,U00590,Account,2025-02-21 21:37:01,support_raw.csv,2026-09-26T11:24:12.876716+00:00
T00006,U00012,Login,2025-11-30 05:43:32,support_raw.csv,2026-09-26T11:24:12.876716+00:00
T00007,U00228,Buffering,2026-06-07 19:17:03,support_raw.csv,2026-09-26T11:24:12.876716+00:00
T00008,U00777,Playback,2025-09-19 13:36:56,support_raw.csv,2026-09-26T11:24:12.876716+00:00
T00009,U00537,Technical,2025-02-08 16:40:39,support_raw.csv,2026-09-26T11:24:12.876716+00:00
T00010,U00261,Buffering,2025-08-25 05:33:25,support_raw.csv,2026-09-26T11:24:12.876716+00:00
T00011,U00725,Payment,2025-09-23 18:25:28,support_raw.csv,2026-09-26T11:24:12.876716+00:00
T00012,U00551,Payment,2025-05-29 22:19:18,support_raw.csv,2026-09-26T11:24:12.876716+00:00
T00013,U00150,Playback,2026-08-08 14:22:25,support_raw.csv,2026-09-26T11:24:12.876716+00:00
T00014,U00693,Playback,2025-10-04 23:28:09,support_raw.csv,2026-09-26T11:24:12.876716+00:00
T00015,U00390,Technical,2026-06-20 04:00:21,support_raw.csv,2026-09-26T11:24:12.876716+00:00
T00016,U00680,Payment,2025-08-07 16:39:44,support_raw.csv,2026-09-26T11:24:12.876716+00:00
T00017,U00317,Unknown,2025-12-07 18:52:10,support_raw.csv,2026-09-26T11:24:12.876716+00:00
T00018,U00341,Account,2026-07-27 10:58:39,support_raw.csv,2026-09-26T11:24:12.876716+00:00
T00019,U00299,Playback,2026-01-22 20:17:10,support_raw.csv,2026-09-26T11:24:12.876716+00:00
T00020,U00543,Payment,2025-03-19 03:00:17,support_raw.csv,2026-09-26T11:24:12.876716+00:00
T00021,U00683,Payment,2026-01-22 14:33:53,support_raw.csv,2026-09-26T11:24:12.876716+00:00
T00022,U00051,Unknown,2026-04-14 03:07:14,support_raw.csv,2026-09-26T11:24:12.876716+00:00
T00023,U00145,Login,2025-05-14 13:33:52,support_raw.csv,2026-09-26T11:24:12.876716+00:00
T00024,U00716,Playback,2026-05-20 15:26:03,support_raw.csv,2026-09-26T11:24:12.876716+00:00
T00025,U00576,Payment,2025-03-08 08:15:50,support_raw.csv,2026-09-26T11:24:12.876716+00:00
T00026,U00127,Account,2025-03-23 14:45:05,support_raw.csv,2026-09-26T11:24:12.876716+00:00
T00027,U00815,Subscription,2025-02-17 16:24:56,support_raw.csv,2026-09-26T11:24:12.876716+00:00
T00028,U00744,Buffering,2026-06-27 02:02:26,support_raw.csv,2026-09-26T11:24:12.876716+00:00
T00029,U00030,Playback,2025-12-31 22:29:40,support_raw.csv,2026-09-26T11:24:12.876716+00:00
T00030,U00683,Login,2025-07-28 13:01:59,support_raw.csv,2026-09-26T11:24:12.876716+00:00
T00031,U00579,Buffering,2025-10-24 05:42:10,support_raw.csv,2026-09-26T11:24:12.876716+00:00
T00032,U00237,Subscription,2026-03-11 11:20:22,support_raw.csv,2026-09-26T11:24:12.876716+00:00
T00033,U00318,Login,2025-09-27 00:56:29,support_raw.csv,2026-09-26T11:24:12.876716+00:00
T00034,U00068,Buffering,2026-04-06 04:42:05,support_raw.csv,2026-09-26T11:24:12.876716+00:00
T00035,U00717,Login,2026-05-30 19:14:22,support_raw.csv,2026-09-26T11:24:12.876716+00:00
T00036,U00981,Playback,2025-01-07 21:07:34,support_raw.csv,2026-09-26T11:24:12.876716+00:00
T00037,U00960,Buffering,2025-08-24 01:18:53,support_raw.csv,2026-09-26T11:24:12.876716+00:00
T00038,U00932,Subscription,2026-03-09 00:43:40,support_raw.csv,2026-09-26T11:24:12.876716+00:00
T00040,U00223,Buffering,2026-06-29 13:26:48,support_raw.csv,2026-09-26T11:24:12.876716+00:00
T00041,U00901,Buffering,2026-01-19 22:14:04,support_raw.csv,2026-09-26T11:24:12.876716+00:00
T00042,U00398,Playback,2026-05-06 23:53:55,support_raw.csv,2026-09-26T11:24:12.876716+00:00
T00043,U00979,Payment,2025-08-22 21:51:35,support_raw.csv,2026-09-26T11:24:12.876716+00:00
T00044,U00317,Subscription,2026-05-03 06:33:51,support_raw.csv,2026-09-26T11:24:12.876716+00:00
T00045,U00973,Payment,2025-10-23 20:35:15,support_raw.csv,2026-09-26T11:24:12.876716+00:00
T00046,U00982,Payment,2026-09-18 12:27:37,support_raw.csv,2026-09-26T11:24:12.876716+00:00
T00047,U00617,Buffering,2025-03-05 04:01:33,support_raw.csv,2026-09-26T11:24:12.876716+00:00
T00048,U00518,Buffering,2025-02-10 09:26:14,support_raw.csv,2026-09-26T11:24:12.876716+00:00
T00049,U00333,Payment,2025-12-26 02:28:25,support_raw.csv,2026-09-26T11:24:12.876716+00:00
T00050,U00280,Buffering,2026-04-29 22:08:26,support_raw.csv,2026-09-26T11:24:12.876716+00:00
T00051,U00786,Subscription,2025-06-22 04:51:19,support_raw.csv,2026-09-26T11:24:12.876716+00:00
T00052,U00541,Account,2026-01-19 23:01:09,support_raw.csv,2026-09-26T11:24:12.876716+00:00
T00053,U00514,Technical,2026-08-18 15:23:09,support_raw.csv,2026-09-26T11:24:12.876716+00:00
T00054,U00912,Login,2025-11-12 04:24:49,support_raw.csv,2026-09-26T11:24:12.876716+00:00
T00056,U00155,Subscription,2026-05-07 20:54:47,support_raw.csv,2026-09-26T11:24:12.876716+00:00
T00057,U00236,Technical,2025-03-12 02:43:03,support_raw.csv,2026-09-26T11:24:12.876716+00:00
T00058,U00127,Playback,2026-04-04 09:40:14,support_raw.csv,2026-09-26T11:24:12.876716+00:00
T00059,U00228,Subscription,2025-08-21 04:32:27,support_raw.csv,2026-09-26T11:24:12.876716+00:00
T00060,U00528,Subscription,2025-12-11 17:40:15,support_raw.csv,2026-09-26T11:24:12.876716+00:00
T00061,U00584,Playback,2026-07-17 10:31:18,support_raw.csv,2026-09-26T11:24:12.876716+00:00
T00062,U00427,Subscription,2025-07-06 10:44:25,support_raw.csv,2026-09-26T11:24:12.876716+00:00
T00063,U00651,Technical,2025-10-13 20:42:38,support_raw.csv,2026-09-26T11:24:12.876716+00:00
T00065,U00100,Technical,2025-04-29 02:23:54,support_raw.csv,2026-09-26T11:24:12.876716+00:00
T00066,U00535,Playback,2026-02-18 08:30:21,support_raw.csv,2026-09-26T11:24:12.876716+00:00
T00067,U00785,Login,2025-04-07 14:28:42,support_raw.csv,2026-09-26T11:24:12.876716+00:00
T00068,U00214,Subscription,2026-06-23 22:03:45,support_raw.csv,2026-09-26T11:24:12.876716+00:00
T00069,U00832,Payment,2025-07-14 15:40:02,support_raw.csv,2026-09-26T11:24:12.876716+00:00
T00070,U00715,Login,2026-03-12 08:14:47,support_raw.csv,2026-09-26T11:24:12.876716+00:00
T00071,U00850,Login,2025-10-22 13:47:01,support_raw.csv,2026-09-26T11:24:12.876716+00:00
T00072,U00159,Playback,2025-01-26 22:34:03,support_raw.csv,2026-09-26T11:24:12.876716+00:00
T00073,U00270,Technical,2026-06-23 22:44:45,support_raw.csv,2026-09-26T11:24:12.876716+00:00
T00074,U00664,Payment,2025-01-26 23:37:18,support_raw.csv,2026-09-26T11:24:12.876716+00:00
T00075,U00806,Unknown,2025-01-09 15:05:53,support_raw.csv,2026-09-26T11:24:12.876716+00:00
T00077,U00468,Playback,2026-02-14 22:50:49,support_raw.csv,2026-09-26T11:24:12.876716+00:00
T00078,U00232,Buffering,2026-08-31 19:39:32,support_raw.csv,2026-09-26T11:24:12.876716+00:00
T00079,U00221,Buffering,2025-11-17 09:48:16,support_raw.csv,2026-09-26T11:24:12.876716+00:00
T00080,U00410,Login,2026-06-27 01:11:31,support_raw.csv,2026-09-26T11:24:12.876716+00:00
T00081,U00823,Payment,2025-10-23 02:31:59,support_raw.csv,2026-09-26T11:24:12.876716+00:00
T00082,U00382,Login,2025-10-22 04:50:54,support_raw.csv,2026-09-26T11:24:12.876716+00:00
T00083,U00920,Technical,2025-10-06 15:25:48,support_raw.csv,2026-09-26T11:24:12.876716+00:00
T00084,U00727,Playback,2025-06-06 14:36:06,support_raw.csv,2026-09-26T11:24:12.876716+00:00
T00085,U00132,Login,2025-05-20 08:03:24,support_raw.csv,2026-09-26T11:24:12.876716+00:00
T00086,U00068,Subscription,2026-03-31 00:42:40,support_raw.csv,2026-09-26T11:24:12.876716+00:00
T00087,U00690,Payment,2025-07-21 17:28:42,support_raw.csv,2026-09-26T11:24:12.876716+00:00
T00088,U00350,Playback,2025-11-06 01:59:35,support_raw.csv,2026-09-26T11:24:12.876716+00:00
T00089,U00268,Account,2025-11-19 23:25:10,support_raw.csv,2026-09-26T11:24:12.876716+00:00
T00090,U00487,Subscription,2025-04-12 04:36:16,support_raw.csv,2026-09-26T11:24:12.876716+00:00
T00091,U00254,Account,2025-11-26 11:36:39,support_raw.csv,2026-09-26T11:24:12.876716+00:00
T00092,U00754,Technical,2026-07-12 14:13:53,support_raw.csv,2026-09-26T11:24:12.876716+00:00
T00093,U00415,Payment,2026-06-24 11:43:48,support_raw.csv,2026-09-26T11:24:12.876716+00:00
T00094,U00376,Playback,2025-10-02 20:10:04,support_raw.csv,2026-09-26T11:24:12.876716+00:00
T00095,U00664,Payment,2025-05-08 16:49:25,support_raw.csv,2026-09-26T11:24:12.876716+00:00
T00096,U00938,Account,2026-04-22 19:46:40,support_raw.csv,2026-09-26T11:24:12.876716+00:00
T00097,U00882,Technical,2026-01-16 21:22:05,support_raw.csv,2026-09-26T11:24:12.876716+00:00
T00098,U00046,Login,2026-09-18 04:08:40,support_raw.csv,2026-09-26T11:24:12.876716+00:00
T00099,U00168,Account,2026-07-12 19:02:29,support_raw.csv,2026-09-26T11:24:12.876716+00:00
T00100,U00641,Technical,2025-10-16 07:06:20,support_raw.csv,2026-09-26T11:24:12.876716+00:00
T00101,U00989,Buffering,2025-09-07 08:48:01,support_raw.csv,2026-09-26T11:24:12.876716+00:00
T00102,U00732,Account,2026-03-05 15:03:55,support_raw.csv,2026-09-26T11:24:12.876716+00:00
T00103,U00763,Payment,2026-08-26 04:12:28,support_raw.csv,2026-09-26T11:24:12.876716+00:00
T00104,U00548,Subscription,2025-03-20 09:37:54,support_raw.csv,2026-09-26T11:24:12.876716+00:00
T00106,U00138,Technical,2025-12-19 18:18:11,support_raw.csv,2026-09-26T11:24:12.876716+00:00
T00107,U00405,Payment,2025-06-07 07:46:48,support_raw.csv,2026-09-26T11:24:12.876716+00:00
T00108,U00237,Technical,2026-01-09 20:33:31,support_raw.csv,2026-09-26T11:24:12.876716+00:00
T00109,U00612,Account,2025-09-28 05:19:11,support_raw.csv,2026-09-26T11:24:12.876716+00:00
T00110,U00053,Account,2026-04-29 03:05:17,support_raw.csv,2026-09-26T11:24:12.876716+00:00
T00111,U00553,Account,2026-02-20 00:44:38,support_raw.csv,2026-09-26T11:24:12.876716+00:00
T00112,U00780,Buffering,2025-04-13 07:20:50,support_raw.csv,2026-09-26T11:24:12.876716+00:00
T00113,U00230,unknown,2025-04-19 09:37:21,support_raw.csv,2026-09-26T11:24:12.876716+00:00
T00114,U00413,Buffering,2026-09-03 14:28:01,support_raw.csv,2026-09-26T11:24:12.876716+00:00
T00115,U00565,Login,2025-07-15 11:56:02,support_raw.csv,2026-09-26T11:24:12.876716+00:00
T00116,U00697,Login,2025-03-09 16:23:59,support_raw.csv,2026-09-26T11:24:12.876716+00:00
T00117,U00996,Account,2025-06-10 15:33:59,support_raw.csv,2026-09-26T11:24:12.876716+00:00
T00118,U00527,Subscription,2026-05-01 22:30:48,support_raw.csv,2026-09-26T11:24:12.876716+00:00
T00119,U00960,Account,2025-08-18 13:39:44,support_raw.csv,2026-09-26T11:24:12.876716+00:00
T00120,U00758,Technical,2025-10-29 14:15:41,support_raw.csv,2026-09-26T11:24:12.876716+00:00
T00121,U00441,Payment,2026-03-08 20:05:38,support_raw.csv,2026-09-26T11:24:12.876716+00:00
T00122,U00952,Unknown,2026-06-22 06:54:01,support_raw.csv,2026-09-26T11:24:12.876716+00:00
T00123,U00327,Account,2026-02-28 14:05:36,support_raw.csv,2026-09-26T11:24:12.876716+00:00
T00124,U00823,Payment,2025-08-14 05:50:51,support_raw.csv,2026-09-26T11:24:12.876716+00:00
T00125,U00859,Login,2025-04-11 08:38:01,support_raw.csv,2026-09-26T11:24:12.876716+00:00
T00126,U00247,Payment,2026-09-05 04:49:14,support_raw.csv,2026-09-26T11:24:12.876716+00:00
T00127,U00799,Subscription,2026-07-07 16:56:11,support_raw.csv,2026-09-26T11:24:12.876716+00:00
T00129,U00774,Payment,2025-10-25 16:18:04,support_raw.csv,2026-09-26T11:24:12.876716+00:00
T00130,U00256,Account,2026-01-09 01:15:59,support_raw.csv,2026-09-26T11:24:12.876716+00:00
T00131,U00244,Subscription,2026-08-06 22:31:02,support_raw.csv,2026-09-26T11:24:12.876716+00:00
T00132,U00355,Technical,2026-02-21 00:06:20,support_raw.csv,2026-09-26T11:24:12.876716+00:00
T00133,U00184,Technical,2026-09-15 09:02:03,support_raw.csv,2026-09-26T11:24:12.876716+00:00
T00134,U00199,Subscription,2026-05-07 23:54:40,support_raw.csv,2026-09-26T11:24:12.876716+00:00
T00135,U00696,Buffering,2025-09-02 01:23:10,support_raw.csv,2026-09-26T11:24:12.876716+00:00
T00136,U00871,Playback,2026-01-16 16:15:10,support_raw.csv,2026-09-26T11:24:12.876716+00:00
T00137,U00237,Login,2025-12-24 17:20:55,support_raw.csv,2026-09-26T11:24:12.876716+00:00
T00138,U00986,Playback,2025-04-30 12:46:33,support_raw.csv,2026-09-26T11:24:12.876716+00:00
T00139,U00763,Technical,2026-09-08 02:20:49,support_raw.csv,2026-09-26T11:24:12.876716+00:00
T00140,U00299,Payment,2025-05-12 03:13:38,support_raw.csv,2026-09-26T11:24:12.876716+00:00
T00141,U00578,Unknown,2025-12-15 09:16:30,support_raw.csv,2026-09-26T11:24:12.876716+00:00
T00142,U00476,Account,2025-09-20 08:41:47,support_raw.csv,2026-09-26T11:24:12.876716+00:00
T00143,U00916,Buffering,2026-04-19 19:03:26,support_raw.csv,2026-09-26T11:24:12.876716+00:00
T00145,U00266,Login,2025-05-31 13:26:16,support_raw.csv,2026-09-26T11:24:12.876716+00:00
T00146,U00733,Account,2026-03-20 18:30:45,support_raw.csv,2026-09-26T11:24:12.876716+00:00
T00147,U00707,Playback,2026-08-21 00:28:44,support_raw.csv,2026-09-26T11:24:12.876716+00:00
T00148,U00140,Playback,2025-03-27 14:17:02,support_raw.csv,2026-09-26T11:24:12.876716+00:00
T00150,U00827,Login,2025-03-07 01:52:49,support_raw.csv,2026-09-26T11:24:12.876716+00:00
T00151,U00259,Login,2025-08-10 08:40:09,support_raw.csv,2026-09-26T11:24:12.876716+00:00
T00152,U00240,Login,2025-01-02 17:03:44,support_raw.csv,2026-09-26T11:24:12.876716+00:00
T00153,U00046,Playback,2025-03-25 01:15:12,support_raw.csv,2026-09-26T11:24:12.876716+00:00
T00154,U00786,Subscription,2026-03-31 07:58:11,support_raw.csv,2026-09-26T11:24:12.876716+00:00
T00155,U00236,Technical,2025-09-02 14:35:38,support_raw.csv,2026-09-26T11:24:12.876716+00:00
T00156,U00905,Payment,2025-01-08 13:17:06,support_raw.csv,2026-09-26T11:24:12.876716+00:00
T00157,U00114,Buffering,2025-04-16 05:18:23,support_raw.csv,2026-09-26T11:24:12.876716+00:00
T00158,U00802,PAYMENT,2025-06-12 06:05:59,support_raw.csv,2026-09-26T11:24:12.876716+00:00
T00159,U00646,Technical,2025-12-30 21:53:05,support_raw.csv,2026-09-26T11:24:12.876716+00:00
T00160,U00871,Subscription,2026-01-24 21:38:44,support_raw.csv,2026-09-26T11:24:12.876716+00:00
T00161,U00935,Playback,2026-09-07 10:34:20,support_raw.csv,2026-09-26T11:24:12.876716+00:00
T00162,U00303,Account,2026-04-23 01:09:07,support_raw.csv,2026-09-26T11:24:12.876716+00:00
T00163,U00946,Technical,2025-10-08 01:33:40,support_raw.csv,2026-09-26T11:24:12.876716+00:00
T00164,U00146,Account,2025-11-21 16:18:04,support_raw.csv,2026-09-26T11:24:12.876716+00:00
T00165,U00821,Technical,2025-05-25 03:37:12,support_raw.csv,2026-09-26T11:24:12.876716+00:00
T00166,U00687,Payment,2025-02-04 11:56:55,support_raw.csv,2026-09-26T11:24:12.876716+00:00
T00167,U00973,Technical,2026-06-22 17:37:07,support_raw.csv,2026-09-26T11:24:12.876716+00:00
T00168,U00809,Payment,2026-08-22 15:52:34,support_raw.csv,2026-09-26T11:24:12.876716+00:00
T00169,U00357,Technical,2025-01-14 19:27:45,support_raw.csv,2026-09-26T11:24:12.876716+00:00
T00170,U00845,Playback,2025-01-13 07:40:48,support_raw.csv,2026-09-26T11:24:12.876716+00:00
T00171,U00036,Playback,2026-03-27 23:34:26,support_raw.csv,2026-09-26T11:24:12.876716+00:00
T00172,U00159,Payment,2025-05-23 23:23:05,support_raw.csv,2026-09-26T11:24:12.876716+00:00
T00173,U00406,Technical,2025-12-16 11:53:36,support_raw.csv,2026-09-26T11:24:12.876716+00:00
T00175,U00500,Subscription,2026-07-09 22:08:13,support_raw.csv,2026-09-26T11:24:12.876716+00:00
T00176,U00143,Login,2026-04-08 23:22:25,support_raw.csv,2026-09-26T11:24:12.876716+00:00
T00177,U00091,Buffering,2025-05-09 09:00:28,support_raw.csv,2026-09-26T11:24:12.876716+00:00
T00178,U00377,Account,2026-09-10 00:31:41,support_raw.csv,2026-09-26T11:24:12.876716+00:00
T00179,U00752,Subscription,2025-10-01 16:27:00,support_raw.csv,2026-09-26T11:24:12.876716+00:00
T00180,U00787,Login,2026-02-17 00:23:36,support_raw.csv,2026-09-26T11:24:12.876716+00:00
T00181,U00543,Payment,2026-07-24 03:33:01,support_raw.csv,2026-09-26T11:24:12.876716+00:00
T00182,U00847,Payment,2026-05-06 19:25:02,support_raw.csv,2026-09-26T11:24:12.876716+00:00
T00183,U00482,Account,2025-06-01 23:06:31,support_raw.csv,2026-09-26T11:24:12.876716+00:00
T00184,U00462,Buffering,2026-04-30 06:07:14,support_raw.csv,2026-09-26T11:24:12.876716+00:00
T00185,U00649,Payment,2026-03-28 01:30:07,support_raw.csv,2026-09-26T11:24:12.876716+00:00
T00186,U00494,Playback,2025-03-26 10:17:52,support_raw.csv,2026-09-26T11:24:12.876716+00:00
T00187,U00921,Login,2025-12-09 00:03:59,support_raw.csv,2026-09-26T11:24:12.876716+00:00
T00188,U00572,Payment,2026-08-23 16:34:35,support_raw.csv,2026-09-26T11:24:12.876716+00:00
T00189,U00545,Login,2025-11-20 01:47:15,support_raw.csv,2026-09-26T11:24:12.876716+00:00
T00190,U00151,Payment,2026-04-12 08:47:39,support_raw.csv,2026-09-26T11:24:12.876716+00:00
T00191,U00281,Subscription,2025-11-25 10:33:44,support_raw.csv,2026-09-26T11:24:12.876716+00:00
T00192,U00821,Login,2026-04-28 17:27:56,support_raw.csv,2026-09-26T11:24:12.876716+00:00
T00193,U00974,Playback,2025-04-09 15:02:11,support_raw.csv,2026-09-26T11:24:12.876716+00:00
T00194,U00984,Unknown,2025-02-25 12:23:52,support_raw.csv,2026-09-26T11:24:12.876716+00:00
T00195,U00230,Payment,2025-10-02 03:48:51,support_raw.csv,2026-09-26T11:24:12.876716+00:00
T00196,U00222,Login,2026-02-15 13:44:50,support_raw.csv,2026-09-26T11:24:12.876716+00:00
T00197,U00794,Buffering,2025-07-04 15:34:37,support_raw.csv,2026-09-26T11:24:12.876716+00:00
T00198,U00453,Buffering,2026-02-10 09:24:08,support_raw.csv,2026-09-26T11:24:12.876716+00:00
T00199,U00634,Login,2025-07-19 13:47:02,support_raw.csv,2026-09-26T11:24:12.876716+00:00
T00200,U00970,Technical,2025-10-30 03:29:40,support_raw.csv,2026-09-26T11:24:12.876716+00:00
T00201,U00154,Subscription,2025-02-06 00:32:20,support_raw.csv,2026-09-26T11:24:12.876716+00:00
T00202,U00438,Buffering,2025-04-01 07:39:16,support_raw.csv,2026-09-26T11:24:12.876716+00:00
T00203,U00715,Buffering,2026-07-28 00:52:00,support_raw.csv,2026-09-26T11:24:12.876716+00:00
T00204,U00216,Technical,2026-07-29 04:16:54,support_raw.csv,2026-09-26T11:24:12.876716+00:00
T00205,U00766,Payment,2025-05-05 14:44:11,support_raw.csv,2026-09-26T11:24:12.876716+00:00
T00206,U00659,Login,2026-07-30 13:59:34,support_raw.csv,2026-09-26T11:24:12.876716+00:00
T00207,U00259,Login,2025-01-07 19:40:52,support_raw.csv,2026-09-26T11:24:12.876716+00:00
T00208,U00457,Login,2026-02-27 22:51:26,support_raw.csv,2026-09-26T11:24:12.876716+00:00
T00210,U00415,Buffering,2025-02-26 16:09:33,support_raw.csv,2026-09-26T11:24:12.876716+00:00
T00211,U00350,Account,2026-04-19 10:23:02,support_raw.csv,2026-09-26T11:24:12.876716+00:00
T00212,U00483,Payment,2025-12-22 07:34:12,support_raw.csv,2026-09-26T11:24:12.876716+00:00
T00213,U00023,Subscription,2025-11-26 14:23:45,support_raw.csv,2026-09-26T11:24:12.876716+00:00
T00214,U00197,Payment,2026-04-08 03:55:03,support_raw.csv,2026-09-26T11:24:12.876716+00:00
T00215,U00175,Account,2026-08-22 09:08:24,support_raw.csv,2026-09-26T11:24:12.876716+00:00
T00216,U00496,unknown,2025-01-04 05:56:30,support_raw.csv,2026-09-26T11:24:12.876716+00:00
T00217,U00880,Playback,2025-05-25 17:41:26,support_raw.csv,2026-09-26T11:24:12.876716+00:00
T00218,U00386,Login,2025-11-11 17:45:41,support_raw.csv,2026-09-26T11:24:12.876716+00:00
T00219,U00980,Login,2025-02-01 10:44:48,support_raw.csv,2026-09-26T11:24:12.876716+00:00
T00220,U00308,Subscription,2026-07-21 21:20:14,support_raw.csv,2026-09-26T11:24:12.876716+00:00
T00221,U00137,Subscription,2026-03-06 09:14:10,support_raw.csv,2026-09-26T11:24:12.876716+00:00
T00222,U00340,Payment,2025-07-24 01:34:50,support_raw.csv,2026-09-26T11:24:12.876716+00:00
T00224,U00771,Payment,2025-05-02 08:33:15,support_raw.csv,2026-09-26T11:24:12.876716+00:00
T00225,U00500,Subscription,2025-02-11 15:07:17,support_raw.csv,2026-09-26T11:24:12.876716+00:00
T00226,U00677,Playback,2026-06-19 06:01:21,support_raw.csv,2026-09-26T11:24:12.876716+00:00
T00227,U00720,Technical,2025-11-10 18:39:48,support_raw.csv,2026-09-26T11:24:12.876716+00:00
T00228,U00415,Technical,2025-04-25 11:33:05,support_raw.csv,2026-09-26T11:24:12.876716+00:00
T00229,U00466,Subscription,2026-08-29 23:13:24,support_raw.csv,2026-09-26T11:24:12.876716+00:00
T00230,U00756,Buffering,2026-07-23 10:40:46,support_raw.csv,2026-09-26T11:24:12.876716+00:00
T00231,U00122,Playback,2026-02-12 22:51:23,support_raw.csv,2026-09-26T11:24:12.876716+00:00
T00233,U00295,Technical,2025-06-09 10:39:48,support_raw.csv,2026-09-26T11:24:12.876716+00:00
T00234,U00679,Account,2026-03-24 07:33:24,support_raw.csv,2026-09-26T11:24:12.876716+00:00
T00235,U00513,Technical,2025-03-06 11:59:30,support_raw.csv,2026-09-26T11:24:12.876716+00:00
T00236,U00287,Technical,2026-08-18 02:24:41,support_raw.csv,2026-09-26T11:24:12.876716+00:00
T00237,U00982,Subscription,2025-11-15 20:16:32,support_raw.csv,2026-09-26T11:24:12.876716+00:00
T00238,U00960,unknown,2025-07-01 06:17:16,support_raw.csv,2026-09-26T11:24:12.876716+00:00
T00239,U00991,Technical,2026-05-31 03:33:34,support_raw.csv,2026-09-26T11:24:12.876716+00:00
T00240,U00240,Subscription,2026-05-25 04:20:36,support_raw.csv,2026-09-26T11:24:12.876716+00:00
T00241,U00437,Payment,2025-02-06 08:46:04,support_raw.csv,2026-09-26T11:24:12.876716+00:00
T00242,U00881,Account,2025-10-01 08:33:30,support_raw.csv,2026-09-26T11:24:12.876716+00:00
T00243,U00228,Login,2025-12-16 23:31:10,support_raw.csv,2026-09-26T11:24:12.876716+00:00
T00244,U00637,Subscription,2026-04-10 14:00:55,support_raw.csv,2026-09-26T11:24:12.876716+00:00
T00245,U00240,Technical,2025-05-18 20:22:27,support_raw.csv,2026-09-26T11:24:12.876716+00:00
T00246,U00729,Buffering,2025-03-31 04:27:24,support_raw.csv,2026-09-26T11:24:12.876716+00:00
T00247,U00980,Playback,2025-08-10 10:07:01,support_raw.csv,2026-09-26T11:24:12.876716+00:00
T00248,U00091,Unknown,2026-08-06 14:39:14,support_raw.csv,2026-09-26T11:24:12.876716+00:00
T00249,U00727,Playback,2026-04-16 02:51:53,support_raw.csv,2026-09-26T11:24:12.876716+00:00
T00250,U00081,Account,2026-08-04 10:01:11,support_raw.csv,2026-09-26T11:24:12.876716+00:00
T00251,U00335,Account,2026-01-30 13:39:49,support_raw.csv,2026-09-26T11:24:12.876716+00:00
T00252,U00572,Login,2026-05-07 12:03:15,support_raw.csv,2026-09-26T11:24:12.876716+00:00
T00253,U00406,Account,2026-04-03 23:02:03,support_raw.csv,2026-09-26T11:24:12.876716+00:00
T00254,U00987,Technical,2026-03-14 09:46:56,support_raw.csv,2026-09-26T11:24:12.876716+00:00
T00255,U00269,Account,2026-01-16 15:34:21,support_raw.csv,2026-09-26T11:24:12.876716+00:00
T00256,U00063,Buffering,2025-11-08 22:14:12,support_raw.csv,2026-09-26T11:24:12.876716+00:00
T00257,U00013,Playback,2026-04-08 10:37:07,support_raw.csv,2026-09-26T11:24:12.876716+00:00
T00258,U00014,Technical,2026-03-03 01:21:59,support_raw.csv,2026-09-26T11:24:12.876716+00:00
T00259,U00836,Technical,2025-06-04 12:36:07,support_raw.csv,2026-09-26T11:24:12.876716+00:00
T00260,U00912,Login,2025-10-16 16:15:40,support_raw.csv,2026-09-26T11:24:12.876716+00:00
T00261,U00199,unknown,2026-09-08 11:21:00,support_raw.csv,2026-09-26T11:24:12.876716+00:00
T00262,U00225,Login,2026-07-30 04:58:23,support_raw.csv,2026-09-26T11:24:12.876716+00:00
T00263,U00950,Technical,2025-12-19 20:55:05,support_raw.csv,2026-09-26T11:24:12.876716+00:00
T00264,U00986,Account,2025-06-28 20:21:47,support_raw.csv,2026-09-26T11:24:12.876716+00:00
T00266,U00656,Account,2026-01-02 20:33:02,support_raw.csv,2026-09-26T11:24:12.876716+00:00
T00267,U00425,Account,2026-08-15 09:51:55,support_raw.csv,2026-09-26T11:24:12.876716+00:00
T00268,U00381,Playback,2026-07-19 00:42:47,support_raw.csv,2026-09-26T11:24:12.876716+00:00
T00269,U00913,Login,2025-04-07 10:43:43,support_raw.csv,2026-09-26T11:24:12.876716+00:00
T00270,U00439,Buffering,2025-03-07 12:44:49,support_raw.csv,2026-09-26T11:24:12.876716+00:00
T00271,U00618,Subscription,2026-05-27 09:42:44,support_raw.csv,2026-09-26T11:24:12.876716+00:00
T00272,U00400,Account,2026-04-08 22:43:19,support_raw.csv,2026-09-26T11:24:12.876716+00:00
T00273,U00747,Account,2026-03-02 12:46:14,support_raw.csv,2026-09-26T11:24:12.876716+00:00
T00274,U00797,Subscription,2025-02-17 21:34:14,support_raw.csv,2026-09-26T11:24:12.876716+00:00
T00275,U00436,Payment,2026-04-04 17:28:16,support_raw.csv,2026-09-26T11:24:12.876716+00:00
T00276,U00780,Unknown,2025-01-09 15:30:40,support_raw.csv,2026-09-26T11:24:12.876716+00:00
T00277,U00446,Buffering,2026-07-04 06:29:44,support_raw.csv,2026-09-26T11:24:12.876716+00:00
T00278,U00256,Unknown,2025-12-19 11:36:31,support_raw.csv,2026-09-26T11:24:12.876716+00:00
T00279,U00962,Buffering,2026-07-09 02:49:59,support_raw.csv,2026-09-26T11:24:12.876716+00:00
T00280,U00305,Buffering,2026-01-10 09:35:51,support_raw.csv,2026-09-26T11:24:12.876716+00:00
T00281,U00197,Subscription,2025-08-13 20:41:21,support_raw.csv,2026-09-26T11:24:12.876716+00:00
T00282,U00025,Playback,2026-01-04 14:02:29,support_raw.csv,2026-09-26T11:24:12.876716+00:00
T00283,U00936,Playback,2026-02-01 04:38:32,support_raw.csv,2026-09-26T11:24:12.876716+00:00
T00284,U00058,Subscription,2025-08-19 16:54:08,support_raw.csv,2026-09-26T11:24:12.876716+00:00
T00285,U00252,Unknown,2025-04-04 06:32:41,support_raw.csv,2026-09-26T11:24:12.876716+00:00
T00286,U00523,Technical,2025-01-31 17:52:12,support_raw.csv,2026-09-26T11:24:12.876716+00:00
T00288,U00241,Buffering,2025-05-14 18:00:41,support_raw.csv,2026-09-26T11:24:12.876716+00:00
T00289,U00249,Subscription,2026-06-05 14:18:18,support_raw.csv,2026-09-26T11:24:12.876716+00:00
T00290,U00302,Technical,2025-07-05 10:27:43,support_raw.csv,2026-09-26T11:24:12.876716+00:00
T00291,U00229,Buffering,2026-05-11 15:24:48,support_raw.csv,2026-09-26T11:24:12.876716+00:00
T00292,U00464,Technical,2025-02-03 08:29:34,support_raw.csv,2026-09-26T11:24:12.876716+00:00
T00293,U00077,Playback,2026-05-20 22:15:19,support_raw.csv,2026-09-26T11:24:12.876716+00:00
T00294,U00510,Payment,2025-05-24 21:28:13,support_raw.csv,2026-09-26T11:24:12.876716+00:00
T00295,U00422,Buffering,2026-07-25 02:29:33,support_raw.csv,2026-09-26T11:24:12.876716+00:00
T00296,U00910,Payment,2025-10-22 16:20:20,support_raw.csv,2026-09-26T11:24:12.876716+00:00
T00297,U00317,Technical,2025-01-02 12:52:08,support_raw.csv,2026-09-26T11:24:12.876716+00:00
T00298,U00422,Buffering,2026-05-21 14:50:14,support_raw.csv,2026-09-26T11:24:12.876716+00:00
T00299,U00161,Playback,2026-07-13 22:17:28,support_raw.csv,2026-09-26T11:24:12.876716+00:00
T00300,U00609,Playback,2025-09-04 12:01:42,support_raw.csv,2026-09-26T11:24:12.876716+00:00
T00301,U00131,Buffering,2026-09-17 01:36:42,support_raw.csv,2026-09-26T11:24:12.876716+00:00
T00302,U00078,Subscription,2025-07-22 21:31:35,support_raw.csv,2026-09-26T11:24:12.876716+00:00
T00303,U00375,Login,2025-03-15 23:54:31,support_raw.csv,2026-09-26T11:24:12.876716+00:00
T00304,U00888,Buffering,2026-03-17 08:40:41,support_raw.csv,2026-09-26T11:24:12.876716+00:00
T00305,U00162,Payment,2026-01-17 00:24:04,support_raw.csv,2026-09-26T11:24:12.876716+00:00
T00306,U00717,Login,2025-02-05 15:29:39,support_raw.csv,2026-09-26T11:24:12.876716+00:00
T00307,U00902,Playback,2026-08-08 13:04:30,support_raw.csv,2026-09-26T11:24:12.876716+00:00
T00308,U00221,Subscription,2026-07-30 17:31:19,support_raw.csv,2026-09-26T11:24:12.876716+00:00
T00309,U00487,Technical,2026-08-25 23:14:15,support_raw.csv,2026-09-26T11:24:12.876716+00:00
T00310,U00674,Technical,2025-01-06 19:08:22,support_raw.csv,2026-09-26T11:24:12.876716+00:00
T00311,U00641,Playback,2026-05-26 19:31:11,support_raw.csv,2026-09-26T11:24:12.876716+00:00
T00312,U00478,Playback,2025-07-11 08:14:58,support_raw.csv,2026-09-26T11:24:12.876716+00:00
T00313,U00674,Technical,2026-01-02 18:05:04,support_raw.csv,2026-09-26T11:24:12.876716+00:00
T00314,U00689,Technical,2025-11-24 06:10:58,support_raw.csv,2026-09-26T11:24:12.876716+00:00
T00315,U00703,Buffering,2025-04-23 12:32:08,support_raw.csv,2026-09-26T11:24:12.876716+00:00
T00316,U00406,Account,2026-03-16 13:01:01,support_raw.csv,2026-09-26T11:24:12.876716+00:00
T00317,U00832,Playback,2026-01-13 08:55:21,support_raw.csv,2026-09-26T11:24:12.876716+00:00
T00318,U00698,Buffering,2025-02-24 21:06:23,support_raw.csv,2026-09-26T11:24:12.876716+00:00
T00319,U00325,Account,2025-05-08 03:07:46,support_raw.csv,2026-09-26T11:24:12.876716+00:00
T00320,U00626,Technical,2025-09-18 08:49:23,support_raw.csv,2026-09-26T11:24:12.876716+00:00
T00321,U00141,Subscription,2026-03-16 01:16:32,support_raw.csv,2026-09-26T11:24:12.876716+00:00
T00322,U00912,Login,2026-08-22 11:46:22,support_raw.csv,2026-09-26T11:24:12.876716+00:00
T00323,U00741,Payment,2025-02-10 21:10:22,support_raw.csv,2026-09-26T11:24:12.876716+00:00
T00324,U00761,Login,2025-01-04 18:43:30,support_raw.csv,2026-09-26T11:24:12.876716+00:00
T00325,U00842,Account,2025-07-26 22:07:03,support_raw.csv,2026-09-26T11:24:12.876716+00:00
T00326,U00625,Technical,2025-07-30 10:24:24,support_raw.csv,2026-09-26T11:24:12.876716+00:00
T00327,U00286,Playback,2026-06-14 14:14:47,support_raw.csv,2026-09-26T11:24:12.876716+00:00
T00328,U00739,Payment,2025-04-26 04:11:32,support_raw.csv,2026-09-26T11:24:12.876716+00:00
T00329,U00786,Playback,2025-04-04 23:28:41,support_raw.csv,2026-09-26T11:24:12.876716+00:00
T00330,U00314,Unknown,2025-06-25 08:46:24,support_raw.csv,2026-09-26T11:24:12.876716+00:00
T00332,U00963,Technical,2025-01-27 09:32:35,support_raw.csv,2026-09-26T11:24:12.876716+00:00
T00333,U00345,Unknown,2025-11-24 11:20:02,support_raw.csv,2026-09-26T11:24:12.876716+00:00
T00334,U00071,Subscription,2026-09-01 22:56:48,support_raw.csv,2026-09-26T11:24:12.876716+00:00
T00335,U00835,Technical,2026-01-29 14:11:40,support_raw.csv,2026-09-26T11:24:12.876716+00:00
T00336,U00537,Playback,2026-08-28 20:22:29,support_raw.csv,2026-09-26T11:24:12.876716+00:00
T00337,U00371,Account,2025-05-14 10:23:35,support_raw.csv,2026-09-26T11:24:12.876716+00:00
T00338,U00102,Technical,2025-04-13 14:39:51,support_raw.csv,2026-09-26T11:24:12.876716+00:00
T00339,U00212,Unknown,2026-05-10 12:44:11,support_raw.csv,2026-09-26T11:24:12.876716+00:00
T00340,U00255,Account,2025-07-16 15:17:02,support_raw.csv,2026-09-26T11:24:12.876716+00:00
T00341,U00127,Account,2026-08-30 07:17:27,support_raw.csv,2026-09-26T11:24:12.876716+00:00
T00342,U00527,Playback,2025-12-01 01:44:24,support_raw.csv,2026-09-26T11:24:12.876716+00:00
T00343,U00286,unknown,2026-06-14 09:22:10,support_raw.csv,2026-09-26T11:24:12.876716+00:00
T00344,U00679,Login,2025-02-26 10:26:15,support_raw.csv,2026-09-26T11:24:12.876716+00:00
T00345,U00032,Login,2026-08-11 02:47:02,support_raw.csv,2026-09-26T11:24:12.876716+00:00
T00346,U00895,Account,2025-10-25 18:04:43,support_raw.csv,2026-09-26T11:24:12.876716+00:00
T00347,U00706,Account,2025-07-06 02:39:42,support_raw.csv,2026-09-26T11:24:12.876716+00:00
T00348,U00529,Login,2026-05-10 20:07:27,support_raw.csv,2026-09-26T11:24:12.876716+00:00
T00349,U00731,Account,2025-02-25 00:37:10,support_raw.csv,2026-09-26T11:24:12.876716+00:00
T00350,U00307,Technical,2025-04-28 03:25:57,support_raw.csv,2026-09-26T11:24:12.876716+00:00
T00351,U00863,Payment,2026-01-01 07:24:20,support_raw.csv,2026-09-26T11:24:12.876716+00:00
T00352,U00709,Playback,2025-06-04 08:49:39,support_raw.csv,2026-09-26T11:24:12.876716+00:00
T00353,U00137,Payment,2025-05-29 07:48:24,support_raw.csv,2026-09-26T11:24:12.876716+00:00
T00354,U00250,Login,2026-03-01 20:32:18,support_raw.csv,2026-09-26T11:24:12.876716+00:00
T00355,U00666,Subscription,2026-08-21 14:27:52,support_raw.csv,2026-09-26T11:24:12.876716+00:00
T00356,U00140,Playback,2025-12-17 22:07:49,support_raw.csv,2026-09-26T11:24:12.876716+00:00
T00357,U00167,Login,2025-08-01 16:24:38,support_raw.csv,2026-09-26T11:24:12.876716+00:00
T00358,U00376,Buffering,2025-02-10 23:46:36,support_raw.csv,2026-09-26T11:24:12.876716+00:00
T00359,U00424,Buffering,2026-07-28 08:40:24,support_raw.csv,2026-09-26T11:24:12.876716+00:00
T00360,U00740,Login,2026-01-03 15:05:30,support_raw.csv,2026-09-26T11:24:12.876716+00:00
T00361,U00691,Playback,2026-01-02 13:01:50,support_raw.csv,2026-09-26T11:24:12.876716+00:00
T00362,U00577,Subscription,2025-09-12 02:54:54,support_raw.csv,2026-09-26T11:24:12.876716+00:00
T00363,U00210,Payment,2026-03-03 09:45:08,support_raw.csv,2026-09-26T11:24:12.876716+00:00
T00364,U00789,Account,2025-01-30 23:09:22,support_raw.csv,2026-09-26T11:24:12.876716+00:00
T00365,U00545,Account,2026-05-17 17:45:12,support_raw.csv,2026-09-26T11:24:12.876716+00:00
T00366,U00713,Payment,2026-02-01 10:16:11,support_raw.csv,2026-09-26T11:24:12.876716+00:00
T00367,U00214,Login,2025-01-09 13:52:38,support_raw.csv,2026-09-26T11:24:12.876716+00:00
T00368,U00248,Subscription,2025-11-15 07:53:47,support_raw.csv,2026-09-26T11:24:12.876716+00:00
T00369,U00112,Buffering,2025-07-09 14:14:30,support_raw.csv,2026-09-26T11:24:12.876716+00:00
T00370,U00661,Subscription,2026-03-29 20:49:22,support_raw.csv,2026-09-26T11:24:12.876716+00:00
T00371,U00759,Technical,2026-03-11 06:19:03,support_raw.csv,2026-09-26T11:24:12.876716+00:00
T00372,U00776,Payment,2026-02-05 12:25:10,support_raw.csv,2026-09-26T11:24:12.876716+00:00
T00373,U00801,Subscription,2026-02-05 10:17:32,support_raw.csv,2026-09-26T11:24:12.876716+00:00
T00375,U00813,Account,2025-10-13 15:49:40,support_raw.csv,2026-09-26T11:24:12.876716+00:00
T00376,U00515,Technical,2026-06-04 14:03:27,support_raw.csv,2026-09-26T11:24:12.876716+00:00
T00377,U00202,Technical,2026-01-09 12:58:05,support_raw.csv,2026-09-26T11:24:12.876716+00:00
T00378,U00566,Buffering,2025-02-12 21:33:21,support_raw.csv,2026-09-26T11:24:12.876716+00:00
T00379,U00623,Payment,2025-03-23 14:10:27,support_raw.csv,2026-09-26T11:24:12.876716+00:00
T00380,U00614,Technical,2025-06-09 17:17:42,support_raw.csv,2026-09-26T11:24:12.876716+00:00
T00381,U00311,Payment,2025-05-10 13:02:00,support_raw.csv,2026-09-26T11:24:12.876716+00:00
T00382,U00839,Login,2025-10-12 23:11:50,support_raw.csv,2026-09-26T11:24:12.876716+00:00
T00384,U00288,Buffering,2025-11-30 05:44:05,support_raw.csv,2026-09-26T11:24:12.876716+00:00
T00385,U00058,Login,2026-05-28 02:29:00,support_raw.csv,2026-09-26T11:24:12.876716+00:00
T00386,U00475,Buffering,2025-11-14 19:35:11,support_raw.csv,2026-09-26T11:24:12.876716+00:00
T00387,U00134,Subscription,2026-08-13 00:37:48,support_raw.csv,2026-09-26T11:24:12.876716+00:00
T00388,U00506,Subscription,2025-10-17 23:54:20,support_raw.csv,2026-09-26T11:24:12.876716+00:00
T00389,U00718,Subscription,2025-01-19 01:58:21,support_raw.csv,2026-09-26T11:24:12.876716+00:00
T00390,U00687,Payment,2025-08-07 01:19:45,support_raw.csv,2026-09-26T11:24:12.876716+00:00
T00391,U00233,Login,2025-01-25 04:31:08,support_raw.csv,2026-09-26T11:24:12.876716+00:00
T00392,U00160,Account,2025-04-25 13:00:06,support_raw.csv,2026-09-26T11:24:12.876716+00:00
T00393,U00193,Payment,2026-09-19 22:03:12,support_raw.csv,2026-09-26T11:24:12.876716+00:00
T00394,U00111,Playback,2025-09-08 16:42:13,support_raw.csv,2026-09-26T11:24:12.876716+00:00
T00395,U00198,Payment,2026-01-26 22:26:26,support_raw.csv,2026-09-26T11:24:12.876716+00:00
T00397,U00013,Account,2025-08-28 00:41:49,support_raw.csv,2026-09-26T11:24:12.876716+00:00
T00398,U00629,Account,2025-07-13 09:22:43,support_raw.csv,2026-09-26T11:24:12.876716+00:00
T00399,U00333,Subscription,2026-08-20 03:43:11,support_raw.csv,2026-09-26T11:24:12.876716+00:00
T00400,U00129,Technical,2026-01-07 02:57:55,support_raw.csv,2026-09-26T11:24:12.876716+00:00
T00401,U00467,Subscription,2025-06-17 13:30:53,support_raw.csv,2026-09-26T11:24:12.876716+00:00
T00403,U00783,Subscription,2026-03-19 12:57:53,support_raw.csv,2026-09-26T11:24:12.876716+00:00
T00404,U00440,Technical,2026-07-03 04:20:23,support_raw.csv,2026-09-26T11:24:12.876716+00:00
T00406,U00714,Buffering,2025-06-17 14:25:09,support_raw.csv,2026-09-26T11:24:12.876716+00:00
T00407,U00060,Playback,2025-05-16 12:39:26,support_raw.csv,2026-09-26T11:24:12.876716+00:00
T00408,U00436,Buffering,2025-01-04 12:14:49,support_raw.csv,2026-09-26T11:24:12.876716+00:00
T00409,U00486,Buffering,2026-07-24 11:06:22,support_raw.csv,2026-09-26T11:24:12.876716+00:00
T00410,U00200,Playback,2026-04-19 13:29:37,support_raw.csv,2026-09-26T11:24:12.876716+00:00
T00411,U00256,Account,2026-07-21 01:00:48,support_raw.csv,2026-09-26T11:24:12.876716+00:00
T00413,U00446,Payment,2026-03-27 13:03:38,support_raw.csv,2026-09-26T11:24:12.876716+00:00
T00414,U00819,Technical,2026-08-07 06:02:01,support_raw.csv,2026-09-26T11:24:12.876716+00:00
T00415,U00956,Technical,2025-09-22 23:47:16,support_raw.csv,2026-09-26T11:24:12.876716+00:00
T00416,U00278,Buffering,2025-05-10 20:28:44,support_raw.csv,2026-09-26T11:24:12.876716+00:00
T00417,U00363,unknown,2025-01-28 18:21:24,support_raw.csv,2026-09-26T11:24:12.876716+00:00
T00418,U00915,Account,2025-05-11 02:49:00,support_raw.csv,2026-09-26T11:24:12.876716+00:00
T00419,U00482,Playback,2026-05-09 21:56:41,support_raw.csv,2026-09-26T11:24:12.876716+00:00
T00420,U00256,Login,2026-08-28 20:42:11,support_raw.csv,2026-09-26T11:24:12.876716+00:00
T00421,U00957,Login,2025-11-02 18:59:22,support_raw.csv,2026-09-26T11:24:12.876716+00:00
T00422,U00704,Payment,2026-03-24 23:41:18,support_raw.csv,2026-09-26T11:24:12.876716+00:00
T00423,U00489,Login,2026-02-19 03:59:07,support_raw.csv,2026-09-26T11:24:12.876716+00:00
T00424,U00101,Account,2025-09-06 00:06:41,support_raw.csv,2026-09-26T11:24:12.876716+00:00
T00425,U00015,Subscription,2026-06-06 17:17:09,support_raw.csv,2026-09-26T11:24:12.876716+00:00
T00427,U00833,Login,2026-02-09 22:48:58,support_raw.csv,2026-09-26T11:24:12.876716+00:00
T00428,U00099,Playback,2026-07-13 14:07:33,support_raw.csv,2026-09-26T11:24:12.876716+00:00
T00429,U00111,Playback,2026-01-19 18:47:57,support_raw.csv,2026-09-26T11:24:12.876716+00:00
T00430,U00198,Technical,2026-07-06 05:49:22,support_raw.csv,2026-09-26T11:24:12.876716+00:00
T00431,U00133,Playback,2025-10-04 11:37:35,support_raw.csv,2026-09-26T11:24:12.876716+00:00
T00432,U00266,Buffering,2026-07-08 14:32:52,support_raw.csv,2026-09-26T11:24:12.876716+00:00
T00433,U00539,Buffering,2025-03-19 17:16:54,support_raw.csv,2026-09-26T11:24:12.876716+00:00
T00434,U00889,Account,2025-01-12 20:00:29,support_raw.csv,2026-09-26T11:24:12.876716+00:00
T00435,U00604,Payment,2025-12-28 12:28:44,support_raw.csv,2026-09-26T11:24:12.876716+00:00
T00436,U00944,Unknown,2025-10-29 00:09:19,support_raw.csv,2026-09-26T11:24:12.876716+00:00
T00437,U00618,Technical,2025-12-31 05:04:02,support_raw.csv,2026-09-26T11:24:12.876716+00:00
T00438,U00796,Unknown,2025-12-12 16:21:58,support_raw.csv,2026-09-26T11:24:12.876716+00:00
T00439,U00987,Account,2025-10-20 12:11:38,support_raw.csv,2026-09-26T11:24:12.876716+00:00
T00440,U00372,Login,2026-02-14 02:10:47,support_raw.csv,2026-09-26T11:24:12.876716+00:00
T00441,U00360,Technical,2025-03-05 23:57:09,support_raw.csv,2026-09-26T11:24:12.876716+00:00
T00442,U00660,Buffering,2026-07-05 05:27:40,support_raw.csv,2026-09-26T11:24:12.876716+00:00
T00443,U00628,Login,2025-11-06 13:15:13,support_raw.csv,2026-09-26T11:24:12.876716+00:00
T00444,U00941,Technical,2025-03-24 00:09:41,support_raw.csv,2026-09-26T11:24:12.876716+00:00
T00445,U00694,Buffering,2025-11-16 16:30:30,support_raw.csv,2026-09-26T11:24:12.876716+00:00
T00446,U00174,Buffering,2026-09-15 19:16:18,support_raw.csv,2026-09-26T11:24:12.876716+00:00
T00447,U00764,Account,2025-07-27 08:36:00,support_raw.csv,2026-09-26T11:24:12.876716+00:00
T00448,U00046,Playback,2025-06-04 17:53:44,support_raw.csv,2026-09-26T11:24:12.876716+00:00
T00449,U00195,Buffering,2026-05-01 17:06:42,support_raw.csv,2026-09-26T11:24:12.876716+00:00
T00450,U00606,Account,2025-11-04 18:49:00,support_raw.csv,2026-09-26T11:24:12.876716+00:00
T00451,U00772,Buffering,2026-01-06 06:42:02,support_raw.csv,2026-09-26T11:24:12.876716+00:00
T00452,U00974,Subscription,2025-08-25 14:33:11,support_raw.csv,2026-09-26T11:24:12.876716+00:00
T00453,U00552,Account,2025-12-11 07:37:43,support_raw.csv,2026-09-26T11:24:12.876716+00:00
T00454,U00384,Subscription,2025-01-02 15:46:06,support_raw.csv,2026-09-26T11:24:12.876716+00:00
T00455,U00808,Login,2025-06-15 20:29:45,support_raw.csv,2026-09-26T11:24:12.876716+00:00
T00456,U00434,unknown,2025-01-28 05:17:06,support_raw.csv,2026-09-26T11:24:12.876716+00:00
T00457,U00110,Subscription,2025-04-01 02:38:14,support_raw.csv,2026-09-26T11:24:12.876716+00:00
T00458,U00419,Payment,2025-10-16 11:20:24,support_raw.csv,2026-09-26T11:24:12.876716+00:00
T00459,U00896,Login,2025-05-11 16:45:50,support_raw.csv,2026-09-26T11:24:12.876716+00:00
T00460,U00107,Buffering,2025-12-25 05:46:33,support_raw.csv,2026-09-26T11:24:12.876716+00:00
T00461,U00317,Account,2026-05-24 17:39:13,support_raw.csv,2026-09-26T11:24:12.876716+00:00
T00462,U00884,Subscription,2025-02-22 03:04:36,support_raw.csv,2026-09-26T11:24:12.876716+00:00
T00463,U00041,Account,2025-06-17 23:15:18,support_raw.csv,2026-09-26T11:24:12.876716+00:00
T00464,U00049,Login,2025-07-15 05:19:37,support_raw.csv,2026-09-26T11:24:12.876716+00:00
T00465,U00474,PAYMENT,2025-12-25 20:58:02,support_raw.csv,2026-09-26T11:24:12.876716+00:00
T00466,U00348,Buffering,2025-09-19 12:26:25,support_raw.csv,2026-09-26T11:24:12.876716+00:00
T00468,U00065,Login,2025-10-16 23:20:12,support_raw.csv,2026-09-26T11:24:12.876716+00:00
T00469,U00005,Payment,2026-06-11 19:47:44,support_raw.csv,2026-09-26T11:24:12.876716+00:00
T00470,U00514,Playback,2026-01-31 19:03:02,support_raw.csv,2026-09-26T11:24:12.876716+00:00
T00471,U00890,Playback,2025-10-27 08:29:43,support_raw.csv,2026-09-26T11:24:12.876716+00:00
T00472,U00899,Account,2025-07-23 15:45:28,support_raw.csv,2026-09-26T11:24:12.876716+00:00
T00473,U00741,Payment,2026-03-08 08:58:38,support_raw.csv,2026-09-26T11:24:12.876716+00:00
T00474,U00793,Login,2025-02-22 14:19:00,support_raw.csv,2026-09-26T11:24:12.876716+00:00
T00475,U00803,Buffering,2025-01-01 16:43:53,support_raw.csv,2026-09-26T11:24:12.876716+00:00
T00476,U00940,Login,2025-10-16 03:54:46,support_raw.csv,2026-09-26T11:24:12.876716+00:00
T00477,U00220,Playback,2026-08-10 22:20:46,support_raw.csv,2026-09-26T11:24:12.876716+00:00
T00478,U00112,Buffering,2025-03-26 07:36:21,support_raw.csv,2026-09-26T11:24:12.876716+00:00
T00479,U00059,Subscription,2025-09-30 06:20:07,support_raw.csv,2026-09-26T11:24:12.876716+00:00
T00480,U00918,Subscription,2026-07-11 01:30:34,support_raw.csv,2026-09-26T11:24:12.876716+00:00
T00481,U00717,Subscription,2025-12-10 20:58:39,support_raw.csv,2026-09-26T11:24:12.876716+00:00
T00482,U00982,Playback,2026-08-27 15:41:01,support_raw.csv,2026-09-26T11:24:12.876716+00:00
T00483,U00625,Account,2025-12-29 03:10:41,support_raw.csv,2026-09-26T11:24:12.876716+00:00
T00484,U00871,Subscription,2026-06-03 12:13:05,support_raw.csv,2026-09-26T11:24:12.876716+00:00
T00485,U00827,Buffering,2026-03-31 03:28:42,support_raw.csv,2026-09-26T11:24:12.876716+00:00
T00486,U00361,PAYMENT,2026-02-17 04:03:12,support_raw.csv,2026-09-26T11:24:12.876716+00:00
T00487,U00940,Playback,2025-07-07 04:00:32,support_raw.csv,2026-09-26T11:24:12.876716+00:00
T00488,U00016,Account,2025-11-14 08:41:20,support_raw.csv,2026-09-26T11:24:12.876716+00:00
T00489,U00984,Payment,2026-08-04 05:47:34,support_raw.csv,2026-09-26T11:24:12.876716+00:00
T00490,U00052,Buffering,2026-03-27 08:18:42,support_raw.csv,2026-09-26T11:24:12.876716+00:00
T00491,U00850,Subscription,2025-05-02 06:15:03,support_raw.csv,2026-09-26T11:24:12.876716+00:00
T00492,U00922,Buffering,2025-05-12 19:38:23,support_raw.csv,2026-09-26T11:24:12.876716+00:00
T00493,U00456,Login,2026-01-30 11:59:50,support_raw.csv,2026-09-26T11:24:12.876716+00:00
T00494,U00291,Payment,2026-09-01 00:46:11,support_raw.csv,2026-09-26T11:24:12.876716+00:00
T00495,U00045,Playback,2025-05-03 12:06:31,support_raw.csv,2026-09-26T11:24:12.876716+00:00
T00496,U00404,Login,2025-08-03 14:23:26,support_raw.csv,2026-09-26T11:24:12.876716+00:00
T00497,U00713,Account,2025-06-02 10:44:31,support_raw.csv,2026-09-26T11:24:12.876716+00:00
T00498,U00535,Login,2025-12-01 08:32:08,support_raw.csv,2026-09-26T11:24:12.876716+00:00
T00499,U00971,Technical,2025-03-18 13:48:23,support_raw.csv,2026-09-26T11:24:12.876716+00:00
T00500,U00574,Login,2026-09-13 16:32:35,support_raw.csv,2026-09-26T11:24:12.876716+00:00
T00501,U00259,Technical,2026-04-12 11:53:06,support_raw.csv,2026-09-26T11:24:12.876716+00:00
T00502,U00220,Technical,2026-08-26 18:47:06,support_raw.csv,2026-09-26T11:24:12.876716+00:00
T00503,U00448,Buffering,2025-06-06 03:54:56,support_raw.csv,2026-09-26T11:24:12.876716+00:00
T00504,U00079,Payment,2025-10-02 22:59:31,support_raw.csv,2026-09-26T11:24:12.876716+00:00
T00505,U00875,Account,2026-02-27 20:28:01,support_raw.csv,2026-09-26T11:24:12.876716+00:00
T00506,U00406,Account,2025-06-20 12:32:21,support_raw.csv,2026-09-26T11:24:12.876716+00:00
T00507,U00800,Payment,2025-03-10 13:43:51,support_raw.csv,2026-09-26T11:24:12.876716+00:00
T00508,U00725,Buffering,2025-12-05 22:17:09,support_raw.csv,2026-09-26T11:24:12.876716+00:00
T00509,U00445,Payment,2025-09-27 06:15:58,support_raw.csv,2026-09-26T11:24:12.876716+00:00
T00510,U00724,Technical,2026-04-28 23:42:09,support_raw.csv,2026-09-26T11:24:12.876716+00:00
T00511,U00023,Account,2026-07-04 06:42:34,support_raw.csv,2026-09-26T11:24:12.876716+00:00
T00512,U00704,Subscription,2025-05-09 13:27:57,support_raw.csv,2026-09-26T11:24:12.876716+00:00
T00513,U00816,Technical,2025-10-12 04:26:35,support_raw.csv,2026-09-26T11:24:12.876716+00:00
T00514,U00584,Payment,2025-07-25 15:31:51,support_raw.csv,2026-09-26T11:24:12.876716+00:00
T00515,U00710,Playback,2025-07-23 21:13:50,support_raw.csv,2026-09-26T11:24:12.876716+00:00
T00516,U00158,Subscription,2025-01-07 00:10:22,support_raw.csv,2026-09-26T11:24:12.876716+00:00
T00517,U00584,Subscription,2026-07-29 14:49:20,support_raw.csv,2026-09-26T11:24:12.876716+00:00
T00518,U00523,Account,2025-11-17 21:57:53,support_raw.csv,2026-09-26T11:24:12.876716+00:00
T00519,U00682,Technical,2026-09-14 02:56:22,support_raw.csv,2026-09-26T11:24:12.876716+00:00
T00520,U00908,Account,2026-05-09 15:36:08,support_raw.csv,2026-09-26T11:24:12.876716+00:00
T00521,U00602,Unknown,2025-05-03 01:47:51,support_raw.csv,2026-09-26T11:24:12.876716+00:00
T00522,U00190,Buffering,2026-01-21 10:32:36,support_raw.csv,2026-09-26T11:24:12.876716+00:00
T00523,U00835,Payment,2026-09-12 13:04:41,support_raw.csv,2026-09-26T11:24:12.876716+00:00
T00524,U00918,Buffering,2025-03-11 08:43:44,support_raw.csv,2026-09-26T11:24:12.876716+00:00
T00526,U00578,Login,2026-09-17 02:33:39,support_raw.csv,2026-09-26T11:24:12.876716+00:00
T00527,U00374,Buffering,2025-10-24 18:49:09,support_raw.csv,2026-09-26T11:24:12.876716+00:00
T00529,U00206,Playback,2026-04-21 23:50:06,support_raw.csv,2026-09-26T11:24:12.876716+00:00
T00530,U00251,Login,2026-07-02 13:35:21,support_raw.csv,2026-09-26T11:24:12.876716+00:00
T00531,U00602,Login,2025-11-17 19:28:40,support_raw.csv,2026-09-26T11:24:12.876716+00:00
T00532,U00093,Payment,2026-07-17 23:04:25,support_raw.csv,2026-09-26T11:24:12.876716+00:00
T00533,U00534,Payment,2025-11-17 19:39:15,support_raw.csv,2026-09-26T11:24:12.876716+00:00
T00534,U00195,Subscription,2025-10-05 12:45:36,support_raw.csv,2026-09-26T11:24:12.876716+00:00
T00535,U00034,Playback,2025-09-11 08:01:03,support_raw.csv,2026-09-26T11:24:12.876716+00:00
T00536,U00189,Subscription,2025-03-12 07:57:43,support_raw.csv,2026-09-26T11:24:12.876716+00:00
T00537,U00654,Account,2025-05-08 21:31:09,support_raw.csv,2026-09-26T11:24:12.876716+00:00
T00538,U00987,Payment,2026-02-18 13:56:01,support_raw.csv,2026-09-26T11:24:12.876716+00:00
T00539,U00958,Subscription,2025-06-19 09:07:38,support_raw.csv,2026-09-26T11:24:12.876716+00:00
T00540,U00457,Account,2025-08-10 06:59:36,support_raw.csv,2026-09-26T11:24:12.876716+00:00
T00541,U00240,Playback,2025-08-22 04:15:30,support_raw.csv,2026-09-26T11:24:12.876716+00:00
T00542,U00952,Account,2025-12-14 23:11:53,support_raw.csv,2026-09-26T11:24:12.876716+00:00
T00543,U00403,Technical,2025-04-22 15:55:31,support_raw.csv,2026-09-26T11:24:12.876716+00:00
T00544,U00873,Subscription,2025-06-04 11:12:47,support_raw.csv,2026-09-26T11:24:12.876716+00:00
T00545,U00627,Playback,2025-11-29 23:24:28,support_raw.csv,2026-09-26T11:24:12.876716+00:00
T00546,U00615,Technical,2025-03-13 05:32:43,support_raw.csv,2026-09-26T11:24:12.876716+00:00
T00547,U00721,Subscription,2026-04-27 03:28:36,support_raw.csv,2026-09-26T11:24:12.876716+00:00
T00549,U00636,Account,2025-08-25 14:41:41,support_raw.csv,2026-09-26T11:24:12.876716+00:00
T00550,U00062,Playback,2026-01-12 19:57:06,support_raw.csv,2026-09-26T11:24:12.876716+00:00
T00551,U00145,Subscription,2026-06-14 23:57:21,support_raw.csv,2026-09-26T11:24:12.876716+00:00
T00552,U00940,Login,2026-01-17 00:32:04,support_raw.csv,2026-09-26T11:24:12.876716+00:00
T00553,U00157,Buffering,2025-03-16 16:39:55,support_raw.csv,2026-09-26T11:24:12.876716+00:00
T00554,U00069,Subscription,2025-04-19 14:44:23,support_raw.csv,2026-09-26T11:24:12.876716+00:00
T00555,U00167,Buffering,2026-03-12 07:44:43,support_raw.csv,2026-09-26T11:24:12.876716+00:00
T00556,U00490,Account,2026-02-07 01:09:16,support_raw.csv,2026-09-26T11:24:12.876716+00:00
T00557,U00665,Payment,2025-06-30 21:41:13,support_raw.csv,2026-09-26T11:24:12.876716+00:00
T00558,U00765,Payment,2025-12-23 03:11:56,support_raw.csv,2026-09-26T11:24:12.876716+00:00
T00559,U00296,Technical,2025-02-09 12:43:35,support_raw.csv,2026-09-26T11:24:12.876716+00:00
T00560,U00117,Account,2025-07-10 04:03:08,support_raw.csv,2026-09-26T11:24:12.876716+00:00
T00561,U00449,Account,2025-10-20 01:24:18,support_raw.csv,2026-09-26T11:24:12.876716+00:00
T00562,U00505,Login,2025-07-01 07:59:52,support_raw.csv,2026-09-26T11:24:12.876716+00:00
T00563,U00147,Technical,2025-05-15 13:28:59,support_raw.csv,2026-09-26T11:24:12.876716+00:00
T00564,U00418,Playback,2025-12-01 15:27:55,support_raw.csv,2026-09-26T11:24:12.876716+00:00
T00565,U00676,Buffering,2026-09-13 19:51:57,support_raw.csv,2026-09-26T11:24:12.876716+00:00
T00567,U00450,Playback,2025-01-13 10:10:19,support_raw.csv,2026-09-26T11:24:12.876716+00:00
T00568,U00385,Login,2025-09-03 02:20:44,support_raw.csv,2026-09-26T11:24:12.876716+00:00
T00570,U00669,Login,2026-02-16 05:54:19,support_raw.csv,2026-09-26T11:24:12.876716+00:00
T00571,U00362,Account,2026-06-05 15:52:01,support_raw.csv,2026-09-26T11:24:12.876716+00:00
T00572,U00470,Technical,2026-08-28 10:18:45,support_raw.csv,2026-09-26T11:24:12.876716+00:00
T00573,U00483,Playback,2025-05-30 13:22:09,support_raw.csv,2026-09-26T11:24:12.876716+00:00
T00574,U00273,Buffering,2025-10-28 08:29:31,support_raw.csv,2026-09-26T11:24:12.876716+00:00
T00575,U00779,Account,2025-12-27 02:40:31,support_raw.csv,2026-09-26T11:24:12.876716+00:00
T00577,U00800,Buffering,2025-08-09 10:14:38,support_raw.csv,2026-09-26T11:24:12.876716+00:00
T00578,U00072,Login,2025-08-22 07:36:35,support_raw.csv,2026-09-26T11:24:12.876716+00:00
T00579,U00201,Subscription,2026-08-24 16:10:25,support_raw.csv,2026-09-26T11:24:12.876716+00:00
T00580,U00269,Account,2025-03-04 04:46:38,support_raw.csv,2026-09-26T11:24:12.876716+00:00
T00581,U00383,Buffering,2025-06-03 11:23:59,support_raw.csv,2026-09-26T11:24:12.876716+00:00
T00582,U00236,Subscription,2025-09-18 03:14:19,support_raw.csv,2026-09-26T11:24:12.876716+00:00
T00583,U00381,Login,2025-08-30 23:16:23,support_raw.csv,2026-09-26T11:24:12.876716+00:00
T00585,U00726,Subscription,2026-03-15 18:52:12,support_raw.csv,2026-09-26T11:24:12.876716+00:00
T00586,U00879,Unknown,2026-05-01 04:38:05,support_raw.csv,2026-09-26T11:24:12.876716+00:00
T00587,U00762,Account,2025-09-05 18:47:03,support_raw.csv,2026-09-26T11:24:12.876716+00:00
T00588,U00596,Account,2026-04-01 11:56:54,support_raw.csv,2026-09-26T11:24:12.876716+00:00
T00589,U00832,Playback,2026-04-14 15:43:18,support_raw.csv,2026-09-26T11:24:12.876716+00:00
T00590,U00004,Login,2026-04-10 17:31:38,support_raw.csv,2026-09-26T11:24:12.876716+00:00
T00591,U00244,Login,2025-03-12 14:04:01,support_raw.csv,2026-09-26T11:24:12.876716+00:00
T00592,U00141,Technical,2025-03-15 13:46:06,support_raw.csv,2026-09-26T11:24:12.876716+00:00
T00593,U00896,Subscription,2025-10-03 17:21:56,support_raw.csv,2026-09-26T11:24:12.876716+00:00
T00594,U00013,Payment,2025-09-30 00:54:07,support_raw.csv,2026-09-26T11:24:12.876716+00:00
T00595,U00174,Login,2025-01-19 20:17:07,support_raw.csv,2026-09-26T11:24:12.876716+00:00
T00596,U00829,Payment,2026-08-17 18:53:05,support_raw.csv,2026-09-26T11:24:12.876716+00:00
T00597,U00737,Payment,2025-08-07 02:31:21,support_raw.csv,2026-09-26T11:24:12.876716+00:00
T00599,U00121,Playback,2026-03-19 17:16:16,support_raw.csv,2026-09-26T11:24:12.876716+00:00
T00600,U00461,Playback,2025-10-16 00:59:37,support_raw.csv,2026-09-26T11:24:12.876716+00:00
T00601,U00872,Subscription,2025-06-25 12:33:59,support_raw.csv,2026-09-26T11:24:12.876716+00:00
T00602,U00420,Playback,2025-02-11 02:48:04,support_raw.csv,2026-09-26T11:24:12.876716+00:00
T00603,U00854,Payment,2026-06-26 12:28:35,support_raw.csv,2026-09-26T11:24:12.876716+00:00
T00605,U00910,PAYMENT,2026-03-21 11:56:59,support_raw.csv,2026-09-26T11:24:12.876716+00:00
T00606,U00762,Account,2026-06-01 01:49:52,support_raw.csv,2026-09-26T11:24:12.876716+00:00
T00607,U00306,Account,2026-08-30 08:31:06,support_raw.csv,2026-09-26T11:24:12.876716+00:00
T00608,U00236,Buffering,2026-06-15 20:37:14,support_raw.csv,2026-09-26T11:24:12.876716+00:00
T00609,U00699,Account,2026-07-25 16:43:04,support_raw.csv,2026-09-26T11:24:12.876716+00:00
T00610,U00485,Login,2025-05-27 09:34:29,support_raw.csv,2026-09-26T11:24:12.876716+00:00
T00611,U00529,unknown,2025-12-15 15:56:06,support_raw.csv,2026-09-26T11:24:12.876716+00:00
T00612,U00300,Login,2025-07-07 11:45:37,support_raw.csv,2026-09-26T11:24:12.876716+00:00
T00613,U00280,Subscription,2025-05-27 03:40:25,support_raw.csv,2026-09-26T11:24:12.876716+00:00
T00614,U00712,Playback,2025-02-06 21:49:01,support_raw.csv,2026-09-26T11:24:12.876716+00:00
T00615,U00603,Technical,2026-02-07 10:44:55,support_raw.csv,2026-09-26T11:24:12.876716+00:00
T00616,U00436,Login,2025-06-24 16:02:31,support_raw.csv,2026-09-26T11:24:12.876716+00:00
T00617,U00053,Buffering,2026-01-21 17:01:52,support_raw.csv,2026-09-26T11:24:12.876716+00:00
T00618,U00971,Playback,2025-12-28 10:58:28,support_raw.csv,2026-09-26T11:24:12.876716+00:00
T00619,U00676,Payment,2025-12-16 00:53:21,support_raw.csv,2026-09-26T11:24:12.876716+00:00
T00620,U00042,Payment,2025-08-12 16:40:37,support_raw.csv,2026-09-26T11:24:12.876716+00:00
T00621,U00005,Playback,2025-07-12 18:49:20,support_raw.csv,2026-09-26T11:24:12.876716+00:00
T00622,U00926,Payment,2025-03-25 12:08:36,support_raw.csv,2026-09-26T11:24:12.876716+00:00
T00623,U00368,Playback,2026-06-05 10:57:07,support_raw.csv,2026-09-26T11:24:12.876716+00:00
T00624,U00408,Account,2025-09-24 17:39:50,support_raw.csv,2026-09-26T11:24:12.876716+00:00
T00625,U00641,Payment,2026-08-14 04:02:22,support_raw.csv,2026-09-26T11:24:12.876716+00:00
T00626,U00890,Subscription,2025-08-18 18:18:11,support_raw.csv,2026-09-26T11:24:12.876716+00:00
T00627,U00944,Login,2025-05-25 05:04:13,support_raw.csv,2026-09-26T11:24:12.876716+00:00
T00629,U00208,Playback,2026-05-11 13:26:03,support_raw.csv,2026-09-26T11:24:12.876716+00:00
T00630,U00922,Payment,2026-03-21 20:43:46,support_raw.csv,2026-09-26T11:24:12.876716+00:00
T00631,U00763,Payment,2025-10-24 16:14:18,support_raw.csv,2026-09-26T11:24:12.876716+00:00
T00632,U00345,Playback,2025-11-25 12:29:28,support_raw.csv,2026-09-26T11:24:12.876716+00:00
T00633,U00602,Unknown,2025-09-26 18:49:32,support_raw.csv,2026-09-26T11:24:12.876716+00:00
T00634,U00541,Account,2025-08-03 14:52:50,support_raw.csv,2026-09-26T11:24:12.876716+00:00
T00635,U00883,Payment,2025-08-26 08:59:56,support_raw.csv,2026-09-26T11:24:12.876716+00:00
T00636,U00830,Subscription,2025-04-25 03:11:42,support_raw.csv,2026-09-26T11:24:12.876716+00:00
T00637,U00038,Account,2026-01-22 13:17:56,support_raw.csv,2026-09-26T11:24:12.876716+00:00
T00638,U00235,Payment,2026-06-13 06:55:33,support_raw.csv,2026-09-26T11:24:12.876716+00:00
T00639,U00503,Buffering,2025-09-15 23:30:00,support_raw.csv,2026-09-26T11:24:12.876716+00:00
T00640,U00914,Buffering,2026-02-15 19:06:01,support_raw.csv,2026-09-26T11:24:12.876716+00:00
T00641,U00155,Buffering,2025-09-17 13:57:15,support_raw.csv,2026-09-26T11:24:12.876716+00:00
T00642,U00125,Playback,2026-05-05 17:08:35,support_raw.csv,2026-09-26T11:24:12.876716+00:00
T00643,U00241,Playback,2026-08-27 08:01:58,support_raw.csv,2026-09-26T11:24:12.876716+00:00
T00644,U00681,Login,2025-10-23 10:47:02,support_raw.csv,2026-09-26T11:24:12.876716+00:00
T00646,U00811,Login,2025-03-04 14:25:22,support_raw.csv,2026-09-26T11:24:12.876716+00:00
T00647,U00561,Account,2025-06-01 01:24:19,support_raw.csv,2026-09-26T11:24:12.876716+00:00
T00649,U00741,Playback,2026-09-19 10:55:03,support_raw.csv,2026-09-26T11:24:12.876716+00:00
T00650,U00709,Login,2025-10-18 22:02:10,support_raw.csv,2026-09-26T11:24:12.876716+00:00
T00651,U00668,Buffering,2025-07-02 10:59:52,support_raw.csv,2026-09-26T11:24:12.876716+00:00
T00652,U00341,Subscription,2025-06-27 19:42:11,support_raw.csv,2026-09-26T11:24:12.876716+00:00
T00653,U00716,Subscription,2026-03-15 17:59:23,support_raw.csv,2026-09-26T11:24:12.876716+00:00
T00654,U00781,Technical,2025-11-16 13:24:49,support_raw.csv,2026-09-26T11:24:12.876716+00:00
T00655,U00516,Buffering,2025-12-10 18:13:55,support_raw.csv,2026-09-26T11:24:12.876716+00:00
T00656,U00723,Payment,2026-01-10 17:25:42,support_raw.csv,2026-09-26T11:24:12.876716+00:00
T00657,U00304,Subscription,2025-10-01 21:59:48,support_raw.csv,2026-09-26T11:24:12.876716+00:00
T00658,U00943,Account,2025-08-25 02:46:01,support_raw.csv,2026-09-26T11:24:12.876716+00:00
T00659,U00516,Subscription,2026-06-25 06:24:18,support_raw.csv,2026-09-26T11:24:12.876716+00:00
T00660,U00427,Buffering,2025-03-09 09:30:32,support_raw.csv,2026-09-26T11:24:12.876716+00:00
T00661,U00076,Payment,2026-05-03 14:35:44,support_raw.csv,2026-09-26T11:24:12.876716+00:00
T00662,U00591,Subscription,2026-04-27 20:10:54,support_raw.csv,2026-09-26T11:24:12.876716+00:00
T00663,U00793,Playback,2025-06-10 20:01:52,support_raw.csv,2026-09-26T11:24:12.876716+00:00
T00664,U00175,Playback,2025-09-01 00:21:20,support_raw.csv,2026-09-26T11:24:12.876716+00:00
T00665,U00556,Account,2025-08-24 20:25:03,support_raw.csv,2026-09-26T11:24:12.876716+00:00
T00666,U00319,Login,2025-08-31 07:24:23,support_raw.csv,2026-09-26T11:24:12.876716+00:00
T00667,U00622,Payment,2025-11-06 00:17:45,support_raw.csv,2026-09-26T11:24:12.876716+00:00
T00668,U00059,Technical,2026-07-14 20:13:28,support_raw.csv,2026-09-26T11:24:12.876716+00:00
T00669,U00834,Buffering,2025-06-16 19:00:31,support_raw.csv,2026-09-26T11:24:12.876716+00:00
T00670,U00299,Playback,2026-02-05 19:14:09,support_raw.csv,2026-09-26T11:24:12.876716+00:00
T00671,U00209,Account,2026-01-24 08:37:59,support_raw.csv,2026-09-26T11:24:12.876716+00:00
T00672,U00818,Login,2026-09-12 12:37:52,support_raw.csv,2026-09-26T11:24:12.876716+00:00
T00673,U00827,Subscription,2025-11-26 09:14:47,support_raw.csv,2026-09-26T11:24:12.876716+00:00
T00674,U00022,Payment,2026-01-14 12:58:22,support_raw.csv,2026-09-26T11:24:12.876716+00:00
T00675,U00627,Technical,2026-03-18 14:26:53,support_raw.csv,2026-09-26T11:24:12.876716+00:00
T00676,U00711,Payment,2026-07-20 18:51:55,support_raw.csv,2026-09-26T11:24:12.876716+00:00
T00677,U00369,Login,2025-11-26 12:57:16,support_raw.csv,2026-09-26T11:24:12.876716+00:00
T00679,U00094,Buffering,2025-12-28 00:46:09,support_raw.csv,2026-09-26T11:24:12.876716+00:00
T00680,U00692,Login,2025-02-27 08:41:35,support_raw.csv,2026-09-26T11:24:12.876716+00:00
T00681,U00092,Account,2025-09-15 01:54:33,support_raw.csv,2026-09-26T11:24:12.876716+00:00
T00682,U00724,Technical,2026-06-29 12:54:24,support_raw.csv,2026-09-26T11:24:12.876716+00:00
T00683,U00328,Technical,2025-03-27 04:06:19,support_raw.csv,2026-09-26T11:24:12.876716+00:00
T00684,U00301,Technical,2025-11-06 03:41:38,support_raw.csv,2026-09-26T11:24:12.876716+00:00
T00685,U00237,Payment,2026-03-31 20:04:17,support_raw.csv,2026-09-26T11:24:12.876716+00:00
T00686,U00101,Playback,2025-10-24 04:53:36,support_raw.csv,2026-09-26T11:24:12.876716+00:00
T00687,U00220,Technical,2025-11-11 17:01:59,support_raw.csv,2026-09-26T11:24:12.876716+00:00
T00688,U00142,Login,2025-07-05 13:23:40,support_raw.csv,2026-09-26T11:24:12.876716+00:00
T00689,U00012,Playback,2025-10-09 19:02:32,support_raw.csv,2026-09-26T11:24:12.876716+00:00
T00690,U00760,Buffering,2026-05-28 10:46:21,support_raw.csv,2026-09-26T11:24:12.876716+00:00
T00691,U00493,Account,2025-05-17 21:16:11,support_raw.csv,2026-09-26T11:24:12.876716+00:00
T00693,U00577,Subscription,2025-09-06 04:08:47,support_raw.csv,2026-09-26T11:24:12.876716+00:00
T00695,U00582,Subscription,2025-03-09 21:12:41,support_raw.csv,2026-09-26T11:24:12.876716+00:00
T00696,U00632,Payment,2025-03-15 12:28:55,support_raw.csv,2026-09-26T11:24:12.876716+00:00
T00697,U00864,Playback,2025-11-15 05:43:21,support_raw.csv,2026-09-26T11:24:12.876716+00:00
T00699,U00937,Account,2026-01-10 04:38:36,support_raw.csv,2026-09-26T11:24:12.876716+00:00
T00700,U00343,Buffering,2026-01-19 13:46:37,support_raw.csv,2026-09-26T11:24:12.876716+00:00
T00701,U00301,Account,2026-04-22 23:35:38,support_raw.csv,2026-09-26T11:24:12.876716+00:00
T00702,U00130,Playback,2026-09-10 01:01:23,support_raw.csv,2026-09-26T11:24:12.876716+00:00
T00703,U00395,Login,2026-05-04 13:31:23,support_raw.csv,2026-09-26T11:24:12.876716+00:00
T00704,U00256,Subscription,2025-09-09 15:55:18,support_raw.csv,2026-09-26T11:24:12.876716+00:00
T00705,U00811,Login,2025-08-02 23:28:58,support_raw.csv,2026-09-26T11:24:12.876716+00:00
T00706,U00767,Payment,2025-02-14 20:37:21,support_raw.csv,2026-09-26T11:24:12.876716+00:00
T00707,U00545,Technical,2025-10-13 20:32:15,support_raw.csv,2026-09-26T11:24:12.876716+00:00
T00708,U00647,Account,2025-11-27 23:35:25,support_raw.csv,2026-09-26T11:24:12.876716+00:00
T00709,U00876,Subscription,2025-06-17 03:28:07,support_raw.csv,2026-09-26T11:24:12.876716+00:00
T00710,U00974,Account,2026-09-08 08:48:39,support_raw.csv,2026-09-26T11:24:12.876716+00:00
T00711,U00571,Buffering,2025-10-17 18:02:35,support_raw.csv,2026-09-26T11:24:12.876716+00:00
T00713,U00295,Payment,2026-09-13 05:23:47,support_raw.csv,2026-09-26T11:24:12.876716+00:00
T00715,U00447,Account,2026-02-16 04:30:28,support_raw.csv,2026-09-26T11:24:12.876716+00:00
T00716,U00770,Buffering,2025-02-04 01:49:57,support_raw.csv,2026-09-26T11:24:12.876716+00:00
T00717,U00237,Subscription,2025-10-17 03:49:13,support_raw.csv,2026-09-26T11:24:12.876716+00:00
T00718,U00572,Playback,2025-08-11 04:21:00,support_raw.csv,2026-09-26T11:24:12.876716+00:00
T00719,U00531,Playback,2026-06-28 22:28:18,support_raw.csv,2026-09-26T11:24:12.876716+00:00
T00720,U00252,Playback,2026-03-13 07:22:54,support_raw.csv,2026-09-26T11:24:12.876716+00:00
T00721,U00558,Buffering,2025-09-21 04:21:50,support_raw.csv,2026-09-26T11:24:12.876716+00:00
T00722,U00595,Unknown,2025-02-17 09:04:41,support_raw.csv,2026-09-26T11:24:12.876716+00:00
T00723,U00658,Subscription,2025-04-03 16:29:21,support_raw.csv,2026-09-26T11:24:12.876716+00:00
T00724,U00134,PAYMENT,2025-11-19 01:26:47,support_raw.csv,2026-09-26T11:24:12.876716+00:00
T00725,U00030,Buffering,2026-03-23 18:49:47,support_raw.csv,2026-09-26T11:24:12.876716+00:00
T00727,U00876,Account,2025-03-13 00:22:18,support_raw.csv,2026-09-26T11:24:12.876716+00:00
T00728,U00251,Technical,2025-07-09 02:08:57,support_raw.csv,2026-09-26T11:24:12.876716+00:00
T00729,U00784,Payment,2026-07-08 16:12:17,support_raw.csv,2026-09-26T11:24:12.876716+00:00
T00730,U00735,Buffering,2025-07-26 05:44:13,support_raw.csv,2026-09-26T11:24:12.876716+00:00
T00731,U00580,Technical,2025-05-26 15:39:46,support_raw.csv,2026-09-26T11:24:12.876716+00:00
T00732,U00182,Payment,2026-08-27 04:59:18,support_raw.csv,2026-09-26T11:24:12.876716+00:00
T00733,U00631,Login,2025-11-30 01:40:31,support_raw.csv,2026-09-26T11:24:12.876716+00:00
T00734,U00020,Account,2025-01-04 18:16:43,support_raw.csv,2026-09-26T11:24:12.876716+00:00
T00735,U00622,Login,2026-04-09 08:07:41,support_raw.csv,2026-09-26T11:24:12.876716+00:00
T00737,U00370,Technical,2025-07-29 14:37:54,support_raw.csv,2026-09-26T11:24:12.876716+00:00
T00738,U00426,Technical,2026-06-26 06:11:29,support_raw.csv,2026-09-26T11:24:12.876716+00:00
T00739,U00255,Buffering,2026-01-31 20:20:03,support_raw.csv,2026-09-26T11:24:12.876716+00:00
T00740,U00175,Payment,2025-03-26 13:50:31,support_raw.csv,2026-09-26T11:24:12.876716+00:00
T00741,U00660,Buffering,2026-07-12 12:38:14,support_raw.csv,2026-09-26T11:24:12.876716+00:00
T00742,U00817,Payment,2025-11-17 20:27:53,support_raw.csv,2026-09-26T11:24:12.876716+00:00
T00743,U00085,Login,2026-03-18 06:41:03,support_raw.csv,2026-09-26T11:24:12.876716+00:00
T00744,U00774,Account,2026-09-08 02:37:29,support_raw.csv,2026-09-26T11:24:12.876716+00:00
T00746,U00035,Login,2026-05-03 18:22:17,support_raw.csv,2026-09-26T11:24:12.876716+00:00
T00747,U00299,Login,2026-08-07 08:40:43,support_raw.csv,2026-09-26T11:24:12.876716+00:00
T00748,U00307,Buffering,2026-04-30 03:45:11,support_raw.csv,2026-09-26T11:24:12.876716+00:00
T00749,U00588,Account,2026-09-10 02:41:47,support_raw.csv,2026-09-26T11:24:12.876716+00:00
T00750,U00064,Buffering,2026-01-09 05:18:25,support_raw.csv,2026-09-26T11:24:12.876716+00:00
T00751,U00807,Buffering,2026-01-05 20:01:37,support_raw.csv,2026-09-26T11:24:12.876716+00:00
T00752,U00751,Account,2025-10-22 12:29:39,support_raw.csv,2026-09-26T11:24:12.876716+00:00
T00753,U00042,Buffering,2025-05-29 11:10:00,support_raw.csv,2026-09-26T11:24:12.876716+00:00
T00754,U00961,Account,2026-04-25 09:18:42,support_raw.csv,2026-09-26T11:24:12.876716+00:00
T00755,U00574,Unknown,2025-05-27 10:08:37,support_raw.csv,2026-09-26T11:24:12.876716+00:00
T00756,U00486,Subscription,2025-02-24 20:47:21,support_raw.csv,2026-09-26T11:24:12.876716+00:00
T00757,U00248,Subscription,2026-01-03 00:40:27,support_raw.csv,2026-09-26T11:24:12.876716+00:00
T00758,U00623,Login,2025-09-12 12:18:14,support_raw.csv,2026-09-26T11:24:12.876716+00:00
T00759,U00022,Account,2025-06-30 04:25:41,support_raw.csv,2026-09-26T11:24:12.876716+00:00
T00760,U00778,Payment,2026-09-16 10:47:55,support_raw.csv,2026-09-26T11:24:12.876716+00:00
T00761,U00967,Login,2025-08-08 04:46:56,support_raw.csv,2026-09-26T11:24:12.876716+00:00
T00762,U00211,unknown,2025-03-04 22:50:42,support_raw.csv,2026-09-26T11:24:12.876716+00:00
T00763,U00720,Login,2025-12-07 01:54:00,support_raw.csv,2026-09-26T11:24:12.876716+00:00
T00764,U00340,Buffering,2025-06-20 23:26:46,support_raw.csv,2026-09-26T11:24:12.876716+00:00
T00765,U00764,Unknown,2026-07-12 15:33:48,support_raw.csv,2026-09-26T11:24:12.876716+00:00
T00766,U00341,Subscription,2026-07-31 12:00:14,support_raw.csv,2026-09-26T11:24:12.876716+00:00
T00767,U00645,Subscription,2025-08-01 18:41:36,support_raw.csv,2026-09-26T11:24:12.876716+00:00
T00768,U00969,Account,2025-12-11 04:08:46,support_raw.csv,2026-09-26T11:24:12.876716+00:00
T00769,U00379,Playback,2026-06-01 06:38:35,support_raw.csv,2026-09-26T11:24:12.876716+00:00
T00770,U00533,Playback,2026-02-04 18:45:02,support_raw.csv,2026-09-26T11:24:12.876716+00:00
T00771,U00175,Playback,2026-07-16 13:34:26,support_raw.csv,2026-09-26T11:24:12.876716+00:00
T00772,U00623,Buffering,2026-02-04 23:47:21,support_raw.csv,2026-09-26T11:24:12.876716+00:00
T00773,U00669,Payment,2025-06-16 07:17:58,support_raw.csv,2026-09-26T11:24:12.876716+00:00
T00774,U00663,Subscription,2025-12-15 22:05:21,support_raw.csv,2026-09-26T11:24:12.876716+00:00
T00775,U00131,Login,2025-08-05 15:13:20,support_raw.csv,2026-09-26T11:24:12.876716+00:00
T00777,U00064,Buffering,2025-06-16 16:23:55,support_raw.csv,2026-09-26T11:24:12.876716+00:00
T00779,U00531,Account,2025-11-20 18:17:46,support_raw.csv,2026-09-26T11:24:12.876716+00:00
T00780,U00693,Login,2025-05-07 18:33:24,support_raw.csv,2026-09-26T11:24:12.876716+00:00
T00781,U00316,Payment,2025-03-19 13:06:26,support_raw.csv,2026-09-26T11:24:12.876716+00:00
T00782,U00964,Subscription,2026-08-23 15:20:21,support_raw.csv,2026-09-26T11:24:12.876716+00:00
T00783,U00747,Playback,2025-10-07 12:04:47,support_raw.csv,2026-09-26T11:24:12.876716+00:00
T00784,U00069,Login,2025-11-23 02:59:14,support_raw.csv,2026-09-26T11:24:12.876716+00:00
T00785,U00885,Buffering,2026-07-31 07:40:57,support_raw.csv,2026-09-26T11:24:12.876716+00:00
T00786,U00176,Buffering,2026-02-22 09:20:17,support_raw.csv,2026-09-26T11:24:12.876716+00:00
T00787,U00043,Technical,2025-02-05 03:08:43,support_raw.csv,2026-09-26T11:24:12.876716+00:00
T00788,U00589,Technical,2025-09-09 10:17:57,support_raw.csv,2026-09-26T11:24:12.876716+00:00
T00789,U00952,Subscription,2026-01-08 16:11:23,support_raw.csv,2026-09-26T11:24:12.876716+00:00
T00790,U00319,Login,2026-05-28 00:34:37,support_raw.csv,2026-09-26T11:24:12.876716+00:00
T00791,U00313,Payment,2025-08-13 03:07:49,support_raw.csv,2026-09-26T11:24:12.876716+00:00
T00792,U00907,Playback,2026-05-23 11:06:43,support_raw.csv,2026-09-26T11:24:12.876716+00:00
T00793,U00194,Login,2026-09-02 08:24:46,support_raw.csv,2026-09-26T11:24:12.876716+00:00
T00794,U00251,Playback,2025-12-19 13:13:05,support_raw.csv,2026-09-26T11:24:12.876716+00:00
T00795,U00601,Buffering,2025-10-12 19:27:09,support_raw.csv,2026-09-26T11:24:12.876716+00:00
T00797,U00222,Technical,2025-03-14 16:08:10,support_raw.csv,2026-09-26T11:24:12.876716+00:00
T00798,U00911,Payment,2025-04-06 23:12:38,support_raw.csv,2026-09-26T11:24:12.876716+00:00
T00799,U00030,Login,2025-01-19 12:52:48,support_raw.csv,2026-09-26T11:24:12.876716+00:00
T00800,U00878,Account,2025-05-05 12:46:01,support_raw.csv,2026-09-26T11:24:12.876716+00:00
T00801,U00011,Subscription,2025-08-03 13:50:51,support_raw.csv,2026-09-26T11:24:12.876716+00:00
T00802,U00651,Buffering,2026-08-02 16:17:25,support_raw.csv,2026-09-26T11:24:12.876716+00:00
T00803,U00666,Playback,2025-01-27 09:35:53,support_raw.csv,2026-09-26T11:24:12.876716+00:00
T00804,U00462,Subscription,2026-07-22 20:03:48,support_raw.csv,2026-09-26T11:24:12.876716+00:00
T00805,U00401,Payment,2025-04-07 08:12:19,support_raw.csv,2026-09-26T11:24:12.876716+00:00
T00806,U00862,Subscription,2025-11-12 10:51:52,support_raw.csv,2026-09-26T11:24:12.876716+00:00
T00807,U00382,Login,2026-01-17 08:26:12,support_raw.csv,2026-09-26T11:24:12.876716+00:00
T00808,U00299,Subscription,2026-01-28 19:44:40,support_raw.csv,2026-09-26T11:24:12.876716+00:00
T00809,U00658,Account,2025-08-13 09:18:51,support_raw.csv,2026-09-26T11:24:12.876716+00:00
T00810,U00484,Playback,2025-03-12 21:22:37,support_raw.csv,2026-09-26T11:24:12.876716+00:00
T00811,U00707,Account,2025-12-10 02:35:26,support_raw.csv,2026-09-26T11:24:12.876716+00:00
T00812,U00949,Buffering,2026-01-06 10:45:40,support_raw.csv,2026-09-26T11:24:12.876716+00:00
T00814,U00667,Payment,2025-09-18 00:17:25,support_raw.csv,2026-09-26T11:24:12.876716+00:00
T00815,U00147,Technical,2026-02-20 18:02:44,support_raw.csv,2026-09-26T11:24:12.876716+00:00
T00816,U00601,Unknown,2025-07-09 00:09:08,support_raw.csv,2026-09-26T11:24:12.876716+00:00
T00817,U00349,Login,2026-09-02 04:51:52,support_raw.csv,2026-09-26T11:24:12.876716+00:00
T00818,U00193,Payment,2026-05-03 14:21:50,support_raw.csv,2026-09-26T11:24:12.876716+00:00
T00819,U00064,Login,2025-10-06 16:01:31,support_raw.csv,2026-09-26T11:24:12.876716+00:00
T00821,U00740,Subscription,2025-07-26 23:42:44,support_raw.csv,2026-09-26T11:24:12.876716+00:00
T00822,U00125,Payment,2025-12-10 06:41:52,support_raw.csv,2026-09-26T11:24:12.876716+00:00
T00823,U00251,Payment,2026-08-14 09:08:29,support_raw.csv,2026-09-26T11:24:12.876716+00:00
T00824,U00215,Playback,2025-10-23 10:31:02,support_raw.csv,2026-09-26T11:24:12.876716+00:00
T00825,U00553,Account,2025-01-14 22:11:46,support_raw.csv,2026-09-26T11:24:12.876716+00:00
T00826,U00911,Payment,2026-05-28 07:36:25,support_raw.csv,2026-09-26T11:24:12.876716+00:00
T00827,U00393,Account,2026-04-13 08:37:15,support_raw.csv,2026-09-26T11:24:12.876716+00:00
T00828,U00167,Account,2025-05-14 01:59:16,support_raw.csv,2026-09-26T11:24:12.876716+00:00
T00829,U00600,Login,2025-11-04 10:40:41,support_raw.csv,2026-09-26T11:24:12.876716+00:00
T00830,U00380,Playback,2025-12-18 12:15:26,support_raw.csv,2026-09-26T11:24:12.876716+00:00
T00832,U00649,Login,2025-01-03 07:54:53,support_raw.csv,2026-09-26T11:24:12.876716+00:00
T00833,U00790,Subscription,2026-07-31 23:29:51,support_raw.csv,2026-09-26T11:24:12.876716+00:00
T00834,U00944,Subscription,2026-04-07 10:57:55,support_raw.csv,2026-09-26T11:24:12.876716+00:00
T00835,U00838,Technical,2025-02-28 04:35:21,support_raw.csv,2026-09-26T11:24:12.876716+00:00
T00836,U00929,Playback,2025-08-16 03:03:02,support_raw.csv,2026-09-26T11:24:12.876716+00:00
T00837,U00584,Payment,2025-03-06 09:43:29,support_raw.csv,2026-09-26T11:24:12.876716+00:00
T00838,U00917,Subscription,2025-08-08 07:47:23,support_raw.csv,2026-09-26T11:24:12.876716+00:00
T00840,U00625,Subscription,2026-02-12 15:23:58,support_raw.csv,2026-09-26T11:24:12.876716+00:00
T00841,U00650,Playback,2025-02-16 18:00:12,support_raw.csv,2026-09-26T11:24:12.876716+00:00
T00842,U00641,Playback,2025-05-06 13:29:24,support_raw.csv,2026-09-26T11:24:12.876716+00:00
T00843,U00972,Subscription,2025-07-22 14:22:24,support_raw.csv,2026-09-26T11:24:12.876716+00:00
T00845,U00805,Technical,2025-10-01 11:31:34,support_raw.csv,2026-09-26T11:24:12.876716+00:00
T00846,U00922,Payment,2026-04-14 01:28:30,support_raw.csv,2026-09-26T11:24:12.876716+00:00
T00847,U00356,Buffering,2025-02-17 12:54:41,support_raw.csv,2026-09-26T11:24:12.876716+00:00
T00848,U00699,Payment,2025-02-23 00:14:28,support_raw.csv,2026-09-26T11:24:12.876716+00:00
T00849,U00052,Account,2025-12-01 16:52:31,support_raw.csv,2026-09-26T11:24:12.876716+00:00
T00850,U00322,Login,2026-06-25 13:51:23,support_raw.csv,2026-09-26T11:24:12.876716+00:00
T00851,U00493,Payment,2025-09-10 18:13:23,support_raw.csv,2026-09-26T11:24:12.876716+00:00
T00852,U00697,Subscription,2025-04-20 23:05:00,support_raw.csv,2026-09-26T11:24:12.876716+00:00
T00854,U00436,Technical,2026-03-28 14:27:38,support_raw.csv,2026-09-26T11:24:12.876716+00:00
T00855,U00276,Account,2026-01-17 03:28:49,support_raw.csv,2026-09-26T11:24:12.876716+00:00
T00856,U00673,Subscription,2025-09-22 17:10:27,support_raw.csv,2026-09-26T11:24:12.876716+00:00
T00857,U00851,Payment,2025-08-20 16:44:32,support_raw.csv,2026-09-26T11:24:12.876716+00:00
T00858,U00688,Technical,2026-07-20 07:46:15,support_raw.csv,2026-09-26T11:24:12.876716+00:00
T00859,U00011,Payment,2025-08-02 01:21:39,support_raw.csv,2026-09-26T11:24:12.876716+00:00
T00860,U00822,Technical,2026-01-12 20:31:39,support_raw.csv,2026-09-26T11:24:12.876716+00:00
T00861,U00223,Subscription,2025-09-02 13:54:57,support_raw.csv,2026-09-26T11:24:12.876716+00:00
T00862,U00550,Payment,2025-11-06 12:33:57,support_raw.csv,2026-09-26T11:24:12.876716+00:00
T00863,U00513,Payment,2026-05-08 22:11:18,support_raw.csv,2026-09-26T11:24:12.876716+00:00
T00864,U00482,Payment,2025-01-03 14:21:59,support_raw.csv,2026-09-26T11:24:12.876716+00:00
T00865,U00841,Playback,2025-04-08 03:50:11,support_raw.csv,2026-09-26T11:24:12.876716+00:00
T00866,U00374,Login,2025-02-21 00:57:45,support_raw.csv,2026-09-26T11:24:12.876716+00:00
T00867,U00515,Payment,2026-08-13 04:49:56,support_raw.csv,2026-09-26T11:24:12.876716+00:00
T00868,U00542,Technical,2026-06-28 19:03:51,support_raw.csv,2026-09-26T11:24:12.876716+00:00
T00869,U00789,Login,2026-05-04 08:54:33,support_raw.csv,2026-09-26T11:24:12.876716+00:00
T00870,U00937,Account,2025-03-06 09:47:56,support_raw.csv,2026-09-26T11:24:12.876716+00:00
T00871,U00012,Playback,2025-12-22 14:00:24,support_raw.csv,2026-09-26T11:24:12.876716+00:00
T00872,U00159,Technical,2025-08-20 08:47:56,support_raw.csv,2026-09-26T11:24:12.876716+00:00
T00873,U00957,Buffering,2025-02-27 07:46:52,support_raw.csv,2026-09-26T11:24:12.876716+00:00
T00874,U00548,Subscription,2025-12-30 10:42:41,support_raw.csv,2026-09-26T11:24:12.876716+00:00
T00875,U00694,Account,2025-08-28 08:41:34,support_raw.csv,2026-09-26T11:24:12.876716+00:00
T00876,U00427,Playback,2026-08-26 21:57:17,support_raw.csv,2026-09-26T11:24:12.876716+00:00
T00877,U00719,Technical,2025-03-26 09:35:39,support_raw.csv,2026-09-26T11:24:12.876716+00:00
T00878,U00117,Account,2026-01-07 21:55:44,support_raw.csv,2026-09-26T11:24:12.876716+00:00
T00879,U00510,Login,2025-06-28 16:02:29,support_raw.csv,2026-09-26T11:24:12.876716+00:00
T00880,U00308,Playback,2026-08-16 06:24:18,support_raw.csv,2026-09-26T11:24:12.876716+00:00
T00882,U00217,Playback,2025-03-28 09:05:38,support_raw.csv,2026-09-26T11:24:12.876716+00:00
T00883,U00988,Technical,2026-02-28 23:36:21,support_raw.csv,2026-09-26T11:24:12.876716+00:00
T00884,U00735,Payment,2025-08-04 22:35:29,support_raw.csv,2026-09-26T11:24:12.876716+00:00
T00885,U00802,Subscription,2025-04-08 14:53:23,support_raw.csv,2026-09-26T11:24:12.876716+00:00
T00886,U00029,Buffering,2026-05-01 08:04:53,support_raw.csv,2026-09-26T11:24:12.876716+00:00
T00887,U00002,Login,2026-06-12 04:47:02,support_raw.csv,2026-09-26T11:24:12.876716+00:00
T00888,U00162,Account,2025-05-24 07:31:38,support_raw.csv,2026-09-26T11:24:12.876716+00:00
T00889,U00162,Playback,2025-01-19 00:37:33,support_raw.csv,2026-09-26T11:24:12.876716+00:00
T00890,U00372,PAYMENT,2025-11-24 08:29:37,support_raw.csv,2026-09-26T11:24:12.876716+00:00
T00891,U00274,Buffering,2026-04-03 13:24:34,support_raw.csv,2026-09-26T11:24:12.876716+00:00
T00892,U00467,Technical,2026-08-08 15:49:56,support_raw.csv,2026-09-26T11:24:12.876716+00:00
T00893,U00793,Subscription,2025-08-09 14:01:21,support_raw.csv,2026-09-26T11:24:12.876716+00:00
T00894,U00178,Technical,2025-02-12 05:13:27,support_raw.csv,2026-09-26T11:24:12.876716+00:00
T00895,U00251,Subscription,2025-05-05 19:46:42,support_raw.csv,2026-09-26T11:24:12.876716+00:00
T00896,U00924,Payment,2025-10-04 18:17:28,support_raw.csv,2026-09-26T11:24:12.876716+00:00
T00897,U00311,Login,2026-01-18 13:51:55,support_raw.csv,2026-09-26T11:24:12.876716+00:00
T00898,U00582,Playback,2025-09-02 14:07:51,support_raw.csv,2026-09-26T11:24:12.876716+00:00
T00899,U00650,Subscription,2026-07-12 07:56:41,support_raw.csv,2026-09-26T11:24:12.876716+00:00
T00900,U00116,Subscription,2025-10-06 09:59:37,support_raw.csv,2026-09-26T11:24:12.876716+00:00
T00901,U00898,Subscription,2026-02-19 12:06:42,support_raw.csv,2026-09-26T11:24:12.876716+00:00
T00902,U00459,Account,2026-05-12 04:30:27,support_raw.csv,2026-09-26T11:24:12.876716+00:00
T00903,U00459,Buffering,2026-01-16 18:17:51,support_raw.csv,2026-09-26T11:24:12.876716+00:00
T00904,U00588,Account,2025-02-24 03:25:30,support_raw.csv,2026-09-26T11:24:12.876716+00:00
T00905,U00231,Account,2025-08-07 05:26:02,support_raw.csv,2026-09-26T11:24:12.876716+00:00
T00906,U00100,Login,2025-09-11 03:25:20,support_raw.csv,2026-09-26T11:24:12.876716+00:00
T00907,U00819,Account,2026-05-23 14:43:04,support_raw.csv,2026-09-26T11:24:12.876716+00:00
T00908,U00143,Playback,2025-04-17 03:59:41,support_raw.csv,2026-09-26T11:24:12.876716+00:00
T00909,U00955,Technical,2025-03-23 15:26:51,support_raw.csv,2026-09-26T11:24:12.876716+00:00
T00910,U00162,Payment,2026-04-21 03:48:07,support_raw.csv,2026-09-26T11:24:12.876716+00:00
T00911,U00888,Subscription,2025-09-08 03:09:27,support_raw.csv,2026-09-26T11:24:12.876716+00:00
T00912,U00031,Playback,2026-04-18 06:58:55,support_raw.csv,2026-09-26T11:24:12.876716+00:00
T00913,U00607,Login,2025-06-12 09:06:28,support_raw.csv,2026-09-26T11:24:12.876716+00:00
T00914,U00852,Login,2025-10-10 08:59:20,support_raw.csv,2026-09-26T11:24:12.876716+00:00
T00915,U00230,Account,2025-12-08 06:11:17,support_raw.csv,2026-09-26T11:24:12.876716+00:00
T00916,U00629,Technical,2025-05-11 13:21:36,support_raw.csv,2026-09-26T11:24:12.876716+00:00
T00917,U00614,Technical,2025-08-31 04:13:32,support_raw.csv,2026-09-26T11:24:12.876716+00:00
T00918,U00303,Buffering,2026-02-10 11:55:23,support_raw.csv,2026-09-26T11:24:12.876716+00:00
T00919,U00203,Payment,2025-06-30 03:27:06,support_raw.csv,2026-09-26T11:24:12.876716+00:00
T00920,U00455,Technical,2025-12-30 13:50:27,support_raw.csv,2026-09-26T11:24:12.876716+00:00
T00921,U00267,Subscription,2025-04-27 00:12:16,support_raw.csv,2026-09-26T11:24:12.876716+00:00
T00922,U00683,Playback,2025-11-17 14:38:09,support_raw.csv,2026-09-26T11:24:12.876716+00:00
T00923,U00121,Playback,2026-02-18 12:41:38,support_raw.csv,2026-09-26T11:24:12.876716+00:00
T00924,U00077,Buffering,2025-10-25 19:53:03,support_raw.csv,2026-09-26T11:24:12.876716+00:00
T00925,U00888,Payment,2026-01-16 07:11:36,support_raw.csv,2026-09-26T11:24:12.876716+00:00
T00926,U00115,Login,2026-08-18 05:14:26,support_raw.csv,2026-09-26T11:24:12.876716+00:00
T00927,U00202,Playback,2026-08-09 20:33:07,support_raw.csv,2026-09-26T11:24:12.876716+00:00
T00928,U00357,Buffering,2025-07-20 02:16:32,support_raw.csv,2026-09-26T11:24:12.876716+00:00
T00929,U00278,Account,2025-01-24 20:37:30,support_raw.csv,2026-09-26T11:24:12.876716+00:00
T00930,U00509,Payment,2025-01-27 17:33:57,support_raw.csv,2026-09-26T11:24:12.876716+00:00
T00931,U00105,Login,2025-08-11 11:45:17,support_raw.csv,2026-09-26T11:24:12.876716+00:00
T00932,U00540,Subscription,2025-11-08 04:26:48,support_raw.csv,2026-09-26T11:24:12.876716+00:00
T00933,U00837,Playback,2026-01-10 17:00:43,support_raw.csv,2026-09-26T11:24:12.876716+00:00
T00934,U00042,Playback,2025-07-13 04:37:10,support_raw.csv,2026-09-26T11:24:12.876716+00:00
T00935,U00810,Playback,2026-08-11 14:39:46,support_raw.csv,2026-09-26T11:24:12.876716+00:00
T00936,U00405,Payment,2026-06-30 18:07:32,support_raw.csv,2026-09-26T11:24:12.876716+00:00
T00937,U00135,Playback,2025-04-15 21:48:54,support_raw.csv,2026-09-26T11:24:12.876716+00:00
T00939,U00522,Subscription,2025-03-04 12:27:36,support_raw.csv,2026-09-26T11:24:12.876716+00:00
T00940,U00973,Subscription,2025-10-16 23:37:32,support_raw.csv,2026-09-26T11:24:12.876716+00:00
T00941,U00011,Login,2026-03-10 07:54:26,support_raw.csv,2026-09-26T11:24:12.876716+00:00
T00942,U00734,Unknown,2026-08-01 12:31:51,support_raw.csv,2026-09-26T11:24:12.876716+00:00
T00944,U00040,Login,2026-01-12 08:47:34,support_raw.csv,2026-09-26T11:24:12.876716+00:00
T00945,U00285,Payment,2025-06-22 05:59:15,support_raw.csv,2026-09-26T11:24:12.876716+00:00
T00946,U00118,Buffering,2026-08-13 15:34:21,support_raw.csv,2026-09-26T11:24:12.876716+00:00
T00947,U00216,Login,2025-06-03 07:59:05,support_raw.csv,2026-09-26T11:24:12.876716+00:00
T00948,U00431,Buffering,2026-03-15 02:06:57,support_raw.csv,2026-09-26T11:24:12.876716+00:00
T00949,U00114,Account,2026-04-26 07:36:57,support_raw.csv,2026-09-26T11:24:12.876716+00:00
T00950,U00824,Buffering,2025-04-05 20:54:04,support_raw.csv,2026-09-26T11:24:12.876716+00:00
T00951,U00357,Account,2025-09-18 16:59:23,support_raw.csv,2026-09-26T11:24:12.876716+00:00
T00952,U00778,Account,2026-08-24 20:19:11,support_raw.csv,2026-09-26T11:24:12.876716+00:00
T00953,U00098,Payment,2026-03-14 05:25:23,support_raw.csv,2026-09-26T11:24:12.876716+00:00
T00954,U00503,Account,2026-04-19 00:28:57,support_raw.csv,2026-09-26T11:24:12.876716+00:00
T00955,U00341,Account,2025-12-13 21:06:27,support_raw.csv,2026-09-26T11:24:12.876716+00:00
T00956,U00585,Buffering,2026-08-11 03:27:49,support_raw.csv,2026-09-26T11:24:12.876716+00:00
T00957,U00924,Playback,2026-03-23 21:45:43,support_raw.csv,2026-09-26T11:24:12.876716+00:00
T00958,U00973,Unknown,2025-01-15 21:06:18,support_raw.csv,2026-09-26T11:24:12.876716+00:00
T00959,U00309,Playback,2025-05-09 07:24:52,support_raw.csv,2026-09-26T11:24:12.876716+00:00
T00960,U00397,Login,2026-01-03 09:22:10,support_raw.csv,2026-09-26T11:24:12.876716+00:00
T00961,U00344,Login,2026-07-14 08:43:59,support_raw.csv,2026-09-26T11:24:12.876716+00:00
T00962,U00322,Account,2025-02-09 13:22:42,support_raw.csv,2026-09-26T11:24:12.876716+00:00
T00963,U00118,PAYMENT,2026-09-15 01:36:59,support_raw.csv,2026-09-26T11:24:12.876716+00:00
T00964,U00758,Playback,2025-04-14 10:44:35,support_raw.csv,2026-09-26T11:24:12.876716+00:00
T00965,U00539,Payment,2025-07-08 15:19:53,support_raw.csv,2026-09-26T11:24:12.876716+00:00
T00966,U00091,Login,2026-07-16 10:40:54,support_raw.csv,2026-09-26T11:24:12.876716+00:00
T00967,U00976,Technical,2025-11-28 13:29:20,support_raw.csv,2026-09-26T11:24:12.876716+00:00
T00968,U00869,Login,2026-04-19 19:04:54,support_raw.csv,2026-09-26T11:24:12.876716+00:00
T00969,U00060,Account,2025-02-21 23:04:27,support_raw.csv,2026-09-26T11:24:12.876716+00:00
T00970,U00404,Payment,2026-05-27 18:17:23,support_raw.csv,2026-09-26T11:24:12.876716+00:00
T00971,U00770,Account,2026-07-20 09:23:37,support_raw.csv,2026-09-26T11:24:12.876716+00:00
T00972,U00324,Technical,2026-09-10 07:34:02,support_raw.csv,2026-09-26T11:24:12.876716+00:00
T00973,U00063,Technical,2025-02-03 12:46:34,support_raw.csv,2026-09-26T11:24:12.876716+00:00
T00974,U00700,Login,2025-01-11 23:43:55,support_raw.csv,2026-09-26T11:24:12.876716+00:00
T00975,U00463,Playback,2026-05-28 17:42:08,support_raw.csv,2026-09-26T11:24:12.876716+00:00
T00977,U00424,Buffering,2026-01-31 15:55:59,support_raw.csv,2026-09-26T11:24:12.876716+00:00
T00978,U00226,Payment,2026-01-19 14:12:39,support_raw.csv,2026-09-26T11:24:12.876716+00:00
T00979,U00858,Playback,2025-01-11 08:48:27,support_raw.csv,2026-09-26T11:24:12.876716+00:00
T00980,U00751,Login,2026-04-28 11:19:27,support_raw.csv,2026-09-26T11:24:12.876716+00:00
T00981,U00446,Buffering,2025-09-28 10:25:04,support_raw.csv,2026-09-26T11:24:12.876716+00:00
T00982,U00489,Playback,2025-01-06 12:14:03,support_raw.csv,2026-09-26T11:24:12.876716+00:00
T00983,U00580,Subscription,2026-04-06 07:48:43,support_raw.csv,2026-09-26T11:24:12.876716+00:00
T00984,U00082,Technical,2025-11-13 03:16:37,support_raw.csv,2026-09-26T11:24:12.876716+00:00
T00985,U00536,Playback,2025-10-30 15:58:44,support_raw.csv,2026-09-26T11:24:12.876716+00:00
T00986,U00281,Payment,2025-07-27 06:04:26,support_raw.csv,2026-09-26T11:24:12.876716+00:00
T00987,U00220,Subscription,2025-12-17 13:37:11,support_raw.csv,2026-09-26T11:24:12.876716+00:00
T00988,U00757,Playback,2025-10-29 05:19:44,support_raw.csv,2026-09-26T11:24:12.876716+00:00
T00990,U00740,Login,2026-04-12 17:40:21,support_raw.csv,2026-09-26T11:24:12.876716+00:00
T00991,U00406,Buffering,2026-07-26 04:09:09,support_raw.csv,2026-09-26T11:24:12.876716+00:00
T00992,U00006,Login,2025-12-01 00:45:45,support_raw.csv,2026-09-26T11:24:12.876716+00:00
T00993,U00171,Technical,2025-03-02 01:59:51,support_raw.csv,2026-09-26T11:24:12.876716+00:00
T00994,U00470,Buffering,2025-06-19 16:37:45,support_raw.csv,2026-09-26T11:24:12.876716+00:00
T00995,U00426,Payment,2026-07-07 07:21:35,support_raw.csv,2026-09-26T11:24:12.876716+00:00
T00996,U00212,Subscription,2025-06-10 21:51:45,support_raw.csv,2026-09-26T11:24:12.876716+00:00
T00997,U00372,Account,2025-02-21 20:50:22,support_raw.csv,2026-09-26T11:24:12.876716+00:00
T00999,U00993,Payment,2025-10-24 03:17:05,support_raw.csv,2026-09-26T11:24:12.876716+00:00
T01001,U00197,Account,2026-08-11 01:41:29,support_raw.csv,2026-09-26T11:24:12.876716+00:00
T01002,U00671,Technical,2025-11-11 08:56:27,support_raw.csv,2026-09-26T11:24:12.876716+00:00
T01003,U00805,Technical,2025-11-13 12:27:08,support_raw.csv,2026-09-26T11:24:12.876716+00:00
T01004,U00933,Payment,2026-01-25 15:33:17,support_raw.csv,2026-09-26T11:24:12.876716+00:00
T01005,U00737,Buffering,2025-08-06 10:04:37,support_raw.csv,2026-09-26T11:24:12.876716+00:00
T01006,U00664,Subscription,2025-12-07 02:21:50,support_raw.csv,2026-09-26T11:24:12.876716+00:00
T01007,U00039,Technical,2026-01-28 10:58:07,support_raw.csv,2026-09-26T11:24:12.876716+00:00
T01008,U00664,Login,2026-06-01 22:22:45,support_raw.csv,2026-09-26T11:24:12.876716+00:00
T01009,U00172,Account,2026-03-23 14:27:25,support_raw.csv,2026-09-26T11:24:12.876716+00:00
T01010,U00735,Account,2025-12-06 00:44:40,support_raw.csv,2026-09-26T11:24:12.876716+00:00
T01011,U00509,Technical,2025-11-22 22:37:51,support_raw.csv,2026-09-26T11:24:12.876716+00:00
T01013,U00649,Technical,2025-10-22 21:54:44,support_raw.csv,2026-09-26T11:24:12.876716+00:00
T01014,U00175,Playback,2026-01-15 14:44:36,support_raw.csv,2026-09-26T11:24:12.876716+00:00
T01015,U00462,Technical,2025-05-07 05:15:35,support_raw.csv,2026-09-26T11:24:12.876716+00:00
T01016,U00429,Playback,2026-05-17 01:19:24,support_raw.csv,2026-09-26T11:24:12.876716+00:00
T01017,U00119,Login,2026-06-11 10:42:29,support_raw.csv,2026-09-26T11:24:12.876716+00:00
T01018,U00428,Playback,2026-07-05 10:50:56,support_raw.csv,2026-09-26T11:24:12.876716+00:00
T01019,U00627,Subscription,2025-09-20 18:27:23,support_raw.csv,2026-09-26T11:24:12.876716+00:00
T01020,U00056,Login,2025-06-22 01:58:12,support_raw.csv,2026-09-26T11:24:12.876716+00:00
T01021,U00814,Playback,2025-08-24 15:06:34,support_raw.csv,2026-09-26T11:24:12.876716+00:00
T01022,U00355,Account,2025-03-14 23:15:21,support_raw.csv,2026-09-26T11:24:12.876716+00:00
T01023,U00635,Login,2025-09-30 20:37:25,support_raw.csv,2026-09-26T11:24:12.876716+00:00
T01024,U00836,Payment,2025-03-13 09:40:39,support_raw.csv,2026-09-26T11:24:12.876716+00:00
T01025,U00804,Account,2025-12-22 19:01:43,support_raw.csv,2026-09-26T11:24:12.876716+00:00
T01026,U00326,Account,2026-06-18 11:55:10,support_raw.csv,2026-09-26T11:24:12.876716+00:00
T01027,U00394,Login,2025-05-13 11:32:28,support_raw.csv,2026-09-26T11:24:12.876716+00:00
T01028,U00595,Playback,2026-04-19 22:57:03,support_raw.csv,2026-09-26T11:24:12.876716+00:00
T01029,U00735,Buffering,2025-08-25 11:43:41,support_raw.csv,2026-09-26T11:24:12.876716+00:00
T01030,U00442,Playback,2025-11-05 02:25:24,support_raw.csv,2026-09-26T11:24:12.876716+00:00
T01031,U00395,Login,2025-05-23 12:24:22,support_raw.csv,2026-09-26T11:24:12.876716+00:00
T01032,U00858,Buffering,2025-06-21 17:41:50,support_raw.csv,2026-09-26T11:24:12.876716+00:00
T01033,U00234,Technical,2026-05-17 02:30:59,support_raw.csv,2026-09-26T11:24:12.876716+00:00
T01034,U00664,Technical,2026-06-10 20:10:47,support_raw.csv,2026-09-26T11:24:12.876716+00:00
T01035,U00343,Login,2026-01-22 15:12:37,support_raw.csv,2026-09-26T11:24:12.876716+00:00
T01036,U00334,Playback,2026-08-04 01:36:20,support_raw.csv,2026-09-26T11:24:12.876716+00:00
T01037,U00474,Buffering,2026-05-01 13:41:15,support_raw.csv,2026-09-26T11:24:12.876716+00:00
T01038,U00418,Login,2025-10-10 16:21:00,support_raw.csv,2026-09-26T11:24:12.876716+00:00
T01039,U00010,Subscription,2025-04-21 00:09:11,support_raw.csv,2026-09-26T11:24:12.876716+00:00
T01041,U00352,Account,2026-02-07 07:30:02,support_raw.csv,2026-09-26T11:24:12.876716+00:00
T01042,U00173,Account,2026-04-17 09:08:30,support_raw.csv,2026-09-26T11:24:12.876716+00:00
T01043,U00870,Login,2025-01-11 17:45:45,support_raw.csv,2026-09-26T11:24:12.876716+00:00
T01044,U00288,Playback,2026-01-27 22:29:46,support_raw.csv,2026-09-26T11:24:12.876716+00:00
T01045,U00565,Account,2026-08-13 15:30:52,support_raw.csv,2026-09-26T11:24:12.876716+00:00
T01046,U00732,Payment,2026-04-04 18:26:32,support_raw.csv,2026-09-26T11:24:12.876716+00:00
T01047,U00859,Account,2025-02-28 23:07:42,support_raw.csv,2026-09-26T11:24:12.876716+00:00
T01048,U00508,Subscription,2025-04-21 02:03:23,support_raw.csv,2026-09-26T11:24:12.876716+00:00
T01049,U00433,Payment,2025-07-18 07:49:13,support_raw.csv,2026-09-26T11:24:12.876716+00:00
T01050,U00009,Login,2026-04-18 10:14:23,support_raw.csv,2026-09-26T11:24:12.876716+00:00
T01051,U00662,Playback,2026-01-03 23:11:07,support_raw.csv,2026-09-26T11:24:12.876716+00:00
T01052,U00493,Login,2026-06-21 09:23:33,support_raw.csv,2026-09-26T11:24:12.876716+00:00
T01053,U00163,Playback,2025-08-13 18:09:03,support_raw.csv,2026-09-26T11:24:12.876716+00:00
T01054,U00008,Buffering,2025-08-02 18:06:49,support_raw.csv,2026-09-26T11:24:12.876716+00:00
T01055,U00506,Technical,2025-04-16 06:18:19,support_raw.csv,2026-09-26T11:24:12.876716+00:00
T01056,U00930,Account,2026-04-29 17:19:21,support_raw.csv,2026-09-26T11:24:12.876716+00:00
T01057,U00432,Subscription,2025-04-12 01:54:48,support_raw.csv,2026-09-26T11:24:12.876716+00:00
T01058,U00886,Technical,2025-07-13 06:29:11,support_raw.csv,2026-09-26T11:24:12.876716+00:00
T01059,U00465,Buffering,2026-05-22 16:21:56,support_raw.csv,2026-09-26T11:24:12.876716+00:00
T01060,U00264,Login,2025-02-16 17:51:41,support_raw.csv,2026-09-26T11:24:12.876716+00:00
T01061,U00398,Payment,2025-12-13 22:49:20,support_raw.csv,2026-09-26T11:24:12.876716+00:00
T01062,U00425,Account,2026-07-22 15:32:22,support_raw.csv,2026-09-26T11:24:12.876716+00:00
T01063,U00010,Playback,2025-11-24 13:49:23,support_raw.csv,2026-09-26T11:24:12.876716+00:00
T01064,U00002,Login,2026-04-27 03:55:46,support_raw.csv,2026-09-26T11:24:12.876716+00:00
T01065,U00200,Playback,2025-07-17 00:14:49,support_raw.csv,2026-09-26T11:24:12.876716+00:00
T01066,U00433,Technical,2025-12-26 00:40:14,support_raw.csv,2026-09-26T11:24:12.876716+00:00
T01067,U00500,Playback,2025-03-03 16:23:49,support_raw.csv,2026-09-26T11:24:12.876716+00:00
T01068,U00212,Buffering,2026-03-28 19:35:06,support_raw.csv,2026-09-26T11:24:12.876716+00:00
T01069,U00638,Login,2025-02-16 17:19:17,support_raw.csv,2026-09-26T11:24:12.876716+00:00
T01070,U00351,Buffering,2025-02-18 05:47:21,support_raw.csv,2026-09-26T11:24:12.876716+00:00
T01071,U00245,Login,2026-02-24 04:42:53,support_raw.csv,2026-09-26T11:24:12.876716+00:00
T01072,U00335,Login,2025-02-09 18:51:33,support_raw.csv,2026-09-26T11:24:12.876716+00:00
T01073,U00821,Account,2025-11-10 04:46:04,support_raw.csv,2026-09-26T11:24:12.876716+00:00
T01074,U00639,Login,2025-12-18 21:31:05,support_raw.csv,2026-09-26T11:24:12.876716+00:00
T01075,U00572,Login,2025-05-19 04:35:43,support_raw.csv,2026-09-26T11:24:12.876716+00:00
T01077,U00491,Account,2026-02-27 23:02:09,support_raw.csv,2026-09-26T11:24:12.876716+00:00
T01078,U00946,Playback,2025-12-31 12:12:35,support_raw.csv,2026-09-26T11:24:12.876716+00:00
T01079,U00356,Login,2026-01-19 20:47:57,support_raw.csv,2026-09-26T11:24:12.876716+00:00
T01080,U00694,Account,2025-07-01 12:22:35,support_raw.csv,2026-09-26T11:24:12.876716+00:00
T01081,U00214,Technical,2025-03-31 17:21:44,support_raw.csv,2026-09-26T11:24:12.876716+00:00
T01082,U00409,Technical,2026-01-06 21:33:33,support_raw.csv,2026-09-26T11:24:12.876716+00:00
T01083,U00424,Playback,2025-03-24 04:43:39,support_raw.csv,2026-09-26T11:24:12.876716+00:00
T01084,U00359,Technical,2025-12-29 16:54:58,support_raw.csv,2026-09-26T11:24:12.876716+00:00
T01085,U00044,Technical,2026-04-07 15:35:18,support_raw.csv,2026-09-26T11:24:12.876716+00:00
T01088,U00784,Subscription,2026-02-13 19:06:33,support_raw.csv,2026-09-26T11:24:12.876716+00:00
T01089,U00262,Playback,2026-07-05 17:31:15,support_raw.csv,2026-09-26T11:24:12.876716+00:00
T01090,U00498,Subscription,2026-08-17 17:34:31,support_raw.csv,2026-09-26T11:24:12.876716+00:00
T01092,U00589,Login,2025-11-28 08:26:25,support_raw.csv,2026-09-26T11:24:12.876716+00:00
T01093,U00181,Technical,2026-04-27 23:45:45,support_raw.csv,2026-09-26T11:24:12.876716+00:00
T01094,U00328,Technical,2025-11-03 17:24:48,support_raw.csv,2026-09-26T11:24:12.876716+00:00
T01096,U00698,Account,2025-05-21 19:37:00,support_raw.csv,2026-09-26T11:24:12.876716+00:00
T01097,U00966,Technical,2025-12-27 16:57:47,support_raw.csv,2026-09-26T11:24:12.876716+00:00
T01098,U00253,Playback,2026-06-21 23:42:32,support_raw.csv,2026-09-26T11:24:12.876716+00:00
T01099,U00265,Subscription,2025-05-11 06:17:39,support_raw.csv,2026-09-26T11:24:12.876716+00:00
T01101,U00165,Subscription,2025-12-02 05:15:56,support_raw.csv,2026-09-26T11:24:12.876716+00:00
T01102,U00904,Buffering,2026-09-14 07:59:25,support_raw.csv,2026-09-26T11:24:12.876716+00:00
T01103,U00847,Login,2026-09-10 17:07:12,support_raw.csv,2026-09-26T11:24:12.876716+00:00
T01104,U00538,Playback,2025-10-12 19:20:11,support_raw.csv,2026-09-26T11:24:12.876716+00:00
T01105,U00332,Playback,2026-07-24 02:36:10,support_raw.csv,2026-09-26T11:24:12.876716+00:00
T01106,U00813,Technical,2025-07-30 05:10:58,support_raw.csv,2026-09-26T11:24:12.876716+00:00
T01107,U00196,Technical,2025-04-26 00:16:45,support_raw.csv,2026-09-26T11:24:12.876716+00:00
T01108,U00765,Login,2026-08-02 17:09:22,support_raw.csv,2026-09-26T11:24:12.876716+00:00
T01109,U00978,Playback,2025-08-18 17:55:47,support_raw.csv,2026-09-26T11:24:12.876716+00:00
T01110,U00828,Technical,2025-10-26 02:47:30,support_raw.csv,2026-09-26T11:24:12.876716+00:00
T01111,U00493,Login,2025-06-12 19:05:03,support_raw.csv,2026-09-26T11:24:12.876716+00:00
T01112,U00999,Account,2025-12-17 07:48:55,support_raw.csv,2026-09-26T11:24:12.876716+00:00
T01113,U00004,Subscription,2026-02-25 04:30:12,support_raw.csv,2026-09-26T11:24:12.876716+00:00
T01114,U00528,Buffering,2025-05-03 08:05:31,support_raw.csv,2026-09-26T11:24:12.876716+00:00
T01115,U00634,Account,2026-08-16 21:34:47,support_raw.csv,2026-09-26T11:24:12.876716+00:00
T01116,U00752,Unknown,2026-05-03 07:35:57,support_raw.csv,2026-09-26T11:24:12.876716+00:00
T01117,U00493,Buffering,2025-10-28 22:47:26,support_raw.csv,2026-09-26T11:24:12.876716+00:00
T01119,U00705,Playback,2025-01-19 19:14:35,support_raw.csv,2026-09-26T11:24:12.876716+00:00
T01120,U00199,Login,2026-07-24 04:45:45,support_raw.csv,2026-09-26T11:24:12.876716+00:00
T01121,U00329,Subscription,2025-06-11 00:05:56,support_raw.csv,2026-09-26T11:24:12.876716+00:00
T01122,U00677,Buffering,2026-03-27 17:17:05,support_raw.csv,2026-09-26T11:24:12.876716+00:00
T01123,U00403,Buffering,2025-12-01 18:34:38,support_raw.csv,2026-09-26T11:24:12.876716+00:00
T01124,U00057,Unknown,2026-04-09 12:59:48,support_raw.csv,2026-09-26T11:24:12.876716+00:00
T01125,U00882,Payment,2026-05-09 13:14:32,support_raw.csv,2026-09-26T11:24:12.876716+00:00
T01126,U00445,Payment,2025-04-02 19:00:25,support_raw.csv,2026-09-26T11:24:12.876716+00:00
T01127,U00728,Subscription,2026-05-02 20:04:20,support_raw.csv,2026-09-26T11:24:12.876716+00:00
T01128,U00317,Payment,2025-09-09 06:53:59,support_raw.csv,2026-09-26T11:24:12.876716+00:00
T01130,U00787,Login,2025-04-14 02:08:29,support_raw.csv,2026-09-26T11:24:12.876716+00:00
T01131,U00815,Account,2026-05-08 09:15:50,support_raw.csv,2026-09-26T11:24:12.876716+00:00
T01133,U00675,Buffering,2025-12-05 23:57:06,support_raw.csv,2026-09-26T11:24:12.876716+00:00
T01134,U00656,Subscription,2025-05-26 17:59:39,support_raw.csv,2026-09-26T11:24:12.876716+00:00
T01135,U00133,Subscription,2025-03-09 23:51:27,support_raw.csv,2026-09-26T11:24:12.876716+00:00
T01136,U00957,Playback,2025-10-17 08:56:23,support_raw.csv,2026-09-26T11:24:12.876716+00:00
T01137,U00693,Account,2025-01-25 19:04:55,support_raw.csv,2026-09-26T11:24:12.876716+00:00
T01138,U00789,Login,2025-03-03 02:17:33,support_raw.csv,2026-09-26T11:24:12.876716+00:00
T01139,U00788,Playback,2026-04-15 00:38:38,support_raw.csv,2026-09-26T11:24:12.876716+00:00
T01140,U00891,Payment,2025-07-28 17:07:43,support_raw.csv,2026-09-26T11:24:12.876716+00:00
T01141,U00502,Subscription,2026-03-17 03:22:24,support_raw.csv,2026-09-26T11:24:12.876716+00:00
T01142,U00233,Buffering,2025-01-12 14:13:03,support_raw.csv,2026-09-26T11:24:12.876716+00:00
T01143,U00602,Subscription,2026-04-26 05:54:33,support_raw.csv,2026-09-26T11:24:12.876716+00:00
T01144,U00029,Login,2026-01-04 08:45:02,support_raw.csv,2026-09-26T11:24:12.876716+00:00
T01145,U00229,Technical,2026-03-17 00:00:02,support_raw.csv,2026-09-26T11:24:12.876716+00:00
T01146,U00718,Payment,2026-08-02 13:45:49,support_raw.csv,2026-09-26T11:24:12.876716+00:00
T01147,U00907,Account,2026-04-10 14:23:38,support_raw.csv,2026-09-26T11:24:12.876716+00:00
T01148,U00840,Buffering,2026-01-05 23:55:30,support_raw.csv,2026-09-26T11:24:12.876716+00:00
T01149,U00613,Technical,2025-05-05 16:18:33,support_raw.csv,2026-09-26T11:24:12.876716+00:00
T01150,U00184,Buffering,2025-12-10 07:56:54,support_raw.csv,2026-09-26T11:24:12.876716+00:00
T01151,U00701,Login,2025-01-12 11:29:25,support_raw.csv,2026-09-26T11:24:12.876716+00:00
T01152,U00571,Subscription,2025-08-24 14:17:26,support_raw.csv,2026-09-26T11:24:12.876716+00:00
T01153,U00065,Subscription,2025-05-10 16:21:23,support_raw.csv,2026-09-26T11:24:12.876716+00:00
T01154,U00408,Login,2026-04-26 16:07:03,support_raw.csv,2026-09-26T11:24:12.876716+00:00
T01155,U00277,Login,2025-11-25 02:16:20,support_raw.csv,2026-09-26T11:24:12.876716+00:00
T01156,U00579,Buffering,2026-03-30 19:41:13,support_raw.csv,2026-09-26T11:24:12.876716+00:00
T01157,U00042,Technical,2026-07-04 15:39:45,support_raw.csv,2026-09-26T11:24:12.876716+00:00
T01158,U00956,Playback,2026-06-28 19:03:42,support_raw.csv,2026-09-26T11:24:12.876716+00:00
T01159,U00909,Payment,2025-10-10 07:06:41,support_raw.csv,2026-09-26T11:24:12.876716+00:00
T01160,U00790,Account,2025-12-21 06:59:15,support_raw.csv,2026-09-26T11:24:12.876716+00:00
T01161,U00586,Playback,2025-09-06 06:25:07,support_raw.csv,2026-09-26T11:24:12.876716+00:00
T01162,U00817,Technical,2025-08-17 15:39:43,support_raw.csv,2026-09-26T11:24:12.876716+00:00
T01164,U00420,Subscription,2025-12-26 09:07:52,support_raw.csv,2026-09-26T11:24:12.876716+00:00
T01165,U00724,Technical,2026-03-06 04:28:04,support_raw.csv,2026-09-26T11:24:12.876716+00:00
T01166,U00915,Subscription,2025-07-06 13:22:55,support_raw.csv,2026-09-26T11:24:12.876716+00:00
T01167,U00736,Login,2025-05-07 09:04:05,support_raw.csv,2026-09-26T11:24:12.876716+00:00
T01168,U00871,Unknown,2026-05-07 05:59:59,support_raw.csv,2026-09-26T11:24:12.876716+00:00
T01169,U00697,Technical,2025-07-26 06:58:45,support_raw.csv,2026-09-26T11:24:12.876716+00:00
T01170,U00544,Account,2026-01-02 17:20:14,support_raw.csv,2026-09-26T11:24:12.876716+00:00
T01171,U00967,Buffering,2025-12-05 07:32:20,support_raw.csv,2026-09-26T11:24:12.876716+00:00
T01172,U00869,Account,2026-01-21 05:34:03,support_raw.csv,2026-09-26T11:24:12.876716+00:00
T01173,U00330,Playback,2025-12-25 06:00:17,support_raw.csv,2026-09-26T11:24:12.876716+00:00
T01174,U00256,Payment,2026-04-20 18:10:48,support_raw.csv,2026-09-26T11:24:12.876716+00:00
T01175,U00710,Login,2025-06-04 14:15:48,support_raw.csv,2026-09-26T11:24:12.876716+00:00
T01176,U00467,Technical,2026-03-02 07:12:53,support_raw.csv,2026-09-26T11:24:12.876716+00:00
T01177,U00287,Buffering,2025-08-06 22:36:39,support_raw.csv,2026-09-26T11:24:12.876716+00:00
T01178,U00811,Login,2025-03-22 08:31:48,support_raw.csv,2026-09-26T11:24:12.876716+00:00
T01179,U00431,Login,2025-03-28 08:45:49,support_raw.csv,2026-09-26T11:24:12.876716+00:00
T01180,U00247,Login,2025-11-23 03:50:15,support_raw.csv,2026-09-26T11:24:12.876716+00:00
T01181,U00491,Playback,2025-04-01 16:02:58,support_raw.csv,2026-09-26T11:24:12.876716+00:00
T01182,U00146,Login,2026-02-19 10:06:12,support_raw.csv,2026-09-26T11:24:12.876716+00:00
T01183,U00867,Account,2026-08-19 22:17:17,support_raw.csv,2026-09-26T11:24:12.876716+00:00
T01184,U00283,Payment,2026-03-06 13:44:23,support_raw.csv,2026-09-26T11:24:12.876716+00:00
T01185,U00659,Playback,2026-04-04 16:35:19,support_raw.csv,2026-09-26T11:24:12.876716+00:00
T01186,U00474,Login,2025-04-14 07:58:07,support_raw.csv,2026-09-26T11:24:12.876716+00:00
T01187,U00987,Playback,2026-09-01 03:59:21,support_raw.csv,2026-09-26T11:24:12.876716+00:00
T01188,U00950,Buffering,2025-10-28 14:46:18,support_raw.csv,2026-09-26T11:24:12.876716+00:00
T01189,U00874,Login,2025-03-23 04:23:35,support_raw.csv,2026-09-26T11:24:12.876716+00:00
T01190,U00903,Unknown,2025-10-16 05:22:54,support_raw.csv,2026-09-26T11:24:12.876716+00:00
T01191,U00226,Playback,2026-07-04 08:02:53,support_raw.csv,2026-09-26T11:24:12.876716+00:00
T01192,U00841,Playback,2026-06-07 08:32:07,support_raw.csv,2026-09-26T11:24:12.876716+00:00
T01193,U00182,Account,2025-07-29 06:53:58,support_raw.csv,2026-09-26T11:24:12.876716+00:00
T01194,U00631,Subscription,2025-09-08 21:31:58,support_raw.csv,2026-09-26T11:24:12.876716+00:00
T01195,U00580,Payment,2025-02-12 12:15:51,support_raw.csv,2026-09-26T11:24:12.876716+00:00
T01196,U00030,Payment,2026-07-06 11:51:17,support_raw.csv,2026-09-26T11:24:12.876716+00:00
T01197,U00409,Payment,2026-02-02 12:27:31,support_raw.csv,2026-09-26T11:24:12.876716+00:00
T01198,U00033,Payment,2026-03-25 02:40:02,support_raw.csv,2026-09-26T11:24:12.876716+00:00
T01199,U00139,Technical,2026-01-19 12:34:11,support_raw.csv,2026-09-26T11:24:12.876716+00:00
T01200,U00961,Subscription,2025-11-19 11:37:10,support_raw.csv,2026-09-26T11:24:12.876716+00:00
T01201,U00070,Login,2025-02-14 07:50:47,support_raw.csv,2026-09-26T11:24:12.876716+00:00
T01202,U00134,Subscription,2025-01-22 07:35:36,support_raw.csv,2026-09-26T11:24:12.876716+00:00
T01203,U00665,Buffering,2025-07-31 20:05:26,support_raw.csv,2026-09-26T11:24:12.876716+00:00
T01204,U00622,Subscription,2025-10-24 22:32:58,support_raw.csv,2026-09-26T11:24:12.876716+00:00
T01205,U00864,Account,2026-08-19 12:53:01,support_raw.csv,2026-09-26T11:24:12.876716+00:00
T01206,U00268,Technical,2025-07-30 22:45:23,support_raw.csv,2026-09-26T11:24:12.876716+00:00
T01207,U00901,Subscription,2025-10-09 15:01:26,support_raw.csv,2026-09-26T11:24:12.876716+00:00
T01208,U00391,Technical,2025-09-19 03:55:27,support_raw.csv,2026-09-26T11:24:12.876716+00:00
T01209,U00252,Buffering,2025-12-17 05:58:35,support_raw.csv,2026-09-26T11:24:12.876716+00:00
T01210,U00105,Login,2026-03-09 09:19:34,support_raw.csv,2026-09-26T11:24:12.876716+00:00
T01211,U00475,Playback,2026-08-18 21:31:41,support_raw.csv,2026-09-26T11:24:12.876716+00:00
T01212,U00953,Technical,2026-06-10 08:23:46,support_raw.csv,2026-09-26T11:24:12.876716+00:00
T01213,U00181,Playback,2025-08-09 20:01:58,support_raw.csv,2026-09-26T11:24:12.876716+00:00
T01214,U00245,Playback,2026-07-04 07:05:04,support_raw.csv,2026-09-26T11:24:12.876716+00:00
T01215,U00338,Technical,2026-01-25 09:24:26,support_raw.csv,2026-09-26T11:24:12.876716+00:00
T01216,U00703,Buffering,2025-10-14 13:49:17,support_raw.csv,2026-09-26T11:24:12.876716+00:00
T01217,U00457,Login,2025-11-07 23:08:35,support_raw.csv,2026-09-26T11:24:12.876716+00:00
T01218,U00639,Playback,2025-09-06 20:18:26,support_raw.csv,2026-09-26T11:24:12.876716+00:00
T01219,U00148,Buffering,2026-01-29 11:58:32,support_raw.csv,2026-09-26T11:24:12.876716+00:00
T01220,U00517,Payment,2026-09-18 22:20:09,support_raw.csv,2026-09-26T11:24:12.876716+00:00
T01221,U00901,Buffering,2026-07-05 15:33:11,support_raw.csv,2026-09-26T11:24:12.876716+00:00
T01223,U00958,Unknown,2025-05-27 03:15:02,support_raw.csv,2026-09-26T11:24:12.876716+00:00
T01224,U00593,Payment,2026-07-20 08:30:42,support_raw.csv,2026-09-26T11:24:12.876716+00:00
T01225,U00116,Technical,2025-11-18 18:41:00,support_raw.csv,2026-09-26T11:24:12.876716+00:00
T01226,U00394,Login,2025-02-26 10:15:26,support_raw.csv,2026-09-26T11:24:12.876716+00:00
T01227,U00065,Login,2025-01-24 06:12:13,support_raw.csv,2026-09-26T11:24:12.876716+00:00
T01228,U00210,Unknown,2025-04-15 05:34:24,support_raw.csv,2026-09-26T11:24:12.876716+00:00
T01229,U00186,Playback,2026-06-22 23:51:06,support_raw.csv,2026-09-26T11:24:12.876716+00:00
T01230,U00513,Subscription,2025-09-29 00:24:24,support_raw.csv,2026-09-26T11:24:12.876716+00:00
T01231,U00823,Login,2025-11-11 09:32:51,support_raw.csv,2026-09-26T11:24:12.876716+00:00
T01232,U00962,Buffering,2026-02-03 20:05:44,support_raw.csv,2026-09-26T11:24:12.876716+00:00
T01233,U00051,Login,2026-08-19 09:22:25,support_raw.csv,2026-09-26T11:24:12.876716+00:00
T01234,U00242,Account,2025-03-11 03:24:26,support_raw.csv,2026-09-26T11:24:12.876716+00:00
T01235,U00343,Technical,2026-06-21 07:20:03,support_raw.csv,2026-09-26T11:24:12.876716+00:00
T01236,U00107,Login,2025-04-04 20:34:02,support_raw.csv,2026-09-26T11:24:12.876716+00:00
T01237,U00055,Technical,2026-05-23 15:57:39,support_raw.csv,2026-09-26T11:24:12.876716+00:00
T01238,U00825,Login,2025-12-15 13:18:22,support_raw.csv,2026-09-26T11:24:12.876716+00:00
T01239,U00338,Account,2025-07-15 10:48:14,support_raw.csv,2026-09-26T11:24:12.876716+00:00
T01240,U00395,Payment,2025-11-17 10:11:14,support_raw.csv,2026-09-26T11:24:12.876716+00:00
T01241,U00214,Account,2025-12-20 03:10:37,support_raw.csv,2026-09-26T11:24:12.876716+00:00
T01242,U00014,Payment,2025-07-22 11:24:26,support_raw.csv,2026-09-26T11:24:12.876716+00:00
T01243,U00369,Account,2025-12-14 00:48:37,support_raw.csv,2026-09-26T11:24:12.876716+00:00
T01244,U00347,Account,2026-01-31 15:38:35,support_raw.csv,2026-09-26T11:24:12.876716+00:00
T01245,U00381,Subscription,2025-10-24 23:34:54,support_raw.csv,2026-09-26T11:24:12.876716+00:00
T01246,U00646,Technical,2026-07-26 06:53:23,support_raw.csv,2026-09-26T11:24:12.876716+00:00
T01247,U00595,Technical,2025-04-28 18:44:26,support_raw.csv,2026-09-26T11:24:12.876716+00:00
T01248,U00452,Login,2026-03-06 08:28:42,support_raw.csv,2026-09-26T11:24:12.876716+00:00
T01249,U00947,PAYMENT,2025-07-17 06:51:11,support_raw.csv,2026-09-26T11:24:12.876716+00:00
T01250,U00316,Login,2025-02-08 17:51:38,support_raw.csv,2026-09-26T11:24:12.876716+00:00
T01251,U00116,Account,2025-05-03 05:46:32,support_raw.csv,2026-09-26T11:24:12.876716+00:00
T01252,U00471,Login,2026-09-11 06:24:56,support_raw.csv,2026-09-26T11:24:12.876716+00:00
T01253,U00753,Login,2025-11-17 10:12:42,support_raw.csv,2026-09-26T11:24:12.876716+00:00
T01254,U00317,Buffering,2026-03-07 14:51:38,support_raw.csv,2026-09-26T11:24:12.876716+00:00
T01255,U00265,Login,2025-07-31 14:25:29,support_raw.csv,2026-09-26T11:24:12.876716+00:00
T01256,U00088,Subscription,2026-01-09 07:43:05,support_raw.csv,2026-09-26T11:24:12.876716+00:00
T01257,U00098,Technical,2026-06-06 19:08:04,support_raw.csv,2026-09-26T11:24:12.876716+00:00
T01258,U00701,Subscription,2025-05-28 17:56:08,support_raw.csv,2026-09-26T11:24:12.876716+00:00
T01259,U00569,Playback,2025-05-20 04:03:18,support_raw.csv,2026-09-26T11:24:12.876716+00:00
T01260,U00633,Payment,2025-10-23 05:46:40,support_raw.csv,2026-09-26T11:24:12.876716+00:00
T01261,U00694,Unknown,2026-05-30 07:20:26,support_raw.csv,2026-09-26T11:24:12.876716+00:00
T01262,U00352,Subscription,2026-08-29 03:16:37,support_raw.csv,2026-09-26T11:24:12.876716+00:00
T01263,U00119,Login,2026-03-29 19:30:35,support_raw.csv,2026-09-26T11:24:12.876716+00:00
T01264,U00480,Playback,2026-06-09 07:43:51,support_raw.csv,2026-09-26T11:24:12.876716+00:00
T01265,U00152,Account,2025-03-26 20:43:16,support_raw.csv,2026-09-26T11:24:12.876716+00:00
T01266,U00608,Buffering,2025-05-06 15:01:27,support_raw.csv,2026-09-26T11:24:12.876716+00:00
T01267,U00233,Subscription,2026-08-09 16:50:01,support_raw.csv,2026-09-26T11:24:12.876716+00:00
T01268,U00282,Playback,2025-01-01 10:33:55,support_raw.csv,2026-09-26T11:24:12.876716+00:00
T01269,U00393,Login,2025-05-12 04:31:16,support_raw.csv,2026-09-26T11:24:12.876716+00:00
T01270,U00337,Technical,2026-02-25 03:44:29,support_raw.csv,2026-09-26T11:24:12.876716+00:00
T01271,U00563,Login,2025-02-06 08:01:53,support_raw.csv,2026-09-26T11:24:12.876716+00:00
T01272,U00894,Subscription,2025-12-03 19:47:58,support_raw.csv,2026-09-26T11:24:12.876716+00:00
T01273,U00837,Technical,2026-03-31 00:27:15,support_raw.csv,2026-09-26T11:24:12.876716+00:00
T01274,U00610,Buffering,2025-03-10 08:25:57,support_raw.csv,2026-09-26T11:24:12.876716+00:00
T01275,U00467,Buffering,2026-07-18 06:06:54,support_raw.csv,2026-09-26T11:24:12.876716+00:00
T01276,U00950,Login,2025-01-14 06:59:06,support_raw.csv,2026-09-26T11:24:12.876716+00:00
T01277,U00443,Payment,2026-02-25 16:52:37,support_raw.csv,2026-09-26T11:24:12.876716+00:00
T01278,U00170,Buffering,2026-09-15 07:25:59,support_raw.csv,2026-09-26T11:24:12.876716+00:00
T01279,U00778,Buffering,2025-04-02 21:08:59,support_raw.csv,2026-09-26T11:24:12.876716+00:00
T01280,U00802,Buffering,2026-09-15 06:52:01,support_raw.csv,2026-09-26T11:24:12.876716+00:00
T01281,U00666,Account,2026-09-03 16:30:11,support_raw.csv,2026-09-26T11:24:12.876716+00:00
T01283,U00169,Buffering,2026-03-23 05:45:26,support_raw.csv,2026-09-26T11:24:12.876716+00:00
T01284,U00317,Technical,2025-09-05 19:17:51,support_raw.csv,2026-09-26T11:24:12.876716+00:00
T01285,U00027,Account,2026-06-15 22:02:06,support_raw.csv,2026-09-26T11:24:12.876716+00:00
T01286,U00719,Unknown,2025-06-12 04:52:56,support_raw.csv,2026-09-26T11:24:12.876716+00:00
T01287,U00431,Technical,2026-03-24 02:09:13,support_raw.csv,2026-09-26T11:24:12.876716+00:00
T01288,U00830,Account,2026-04-17 09:59:56,support_raw.csv,2026-09-26T11:24:12.876716+00:00
T01289,U00527,Buffering,2026-03-03 17:15:20,support_raw.csv,2026-09-26T11:24:12.876716+00:00
T01290,U00218,Playback,2026-09-18 06:26:10,support_raw.csv,2026-09-26T11:24:12.876716+00:00
T01291,U00169,Account,2025-04-20 21:27:41,support_raw.csv,2026-09-26T11:24:12.876716+00:00
T01292,U00511,Payment,2025-04-05 01:09:04,support_raw.csv,2026-09-26T11:24:12.876716+00:00
T01293,U00991,Payment,2026-08-15 07:02:06,support_raw.csv,2026-09-26T11:24:12.876716+00:00
T01294,U00225,Playback,2026-04-25 16:05:27,support_raw.csv,2026-09-26T11:24:12.876716+00:00
T01295,U00553,Unknown,2026-03-19 11:27:30,support_raw.csv,2026-09-26T11:24:12.876716+00:00
T01296,U00510,PAYMENT,2026-08-14 04:31:19,support_raw.csv,2026-09-26T11:24:12.876716+00:00
T01297,U00916,Buffering,2025-08-31 13:36:31,support_raw.csv,2026-09-26T11:24:12.876716+00:00
T01298,U00137,Technical,2026-06-30 01:52:19,support_raw.csv,2026-09-26T11:24:12.876716+00:00
T01299,U00948,Account,2025-09-29 01:57:26,support_raw.csv,2026-09-26T11:24:12.876716+00:00
T01300,U00560,Login,2025-01-03 07:54:47,support_raw.csv,2026-09-26T11:24:12.876716+00:00
T01301,U00110,Account,2025-03-26 18:37:13,support_raw.csv,2026-09-26T11:24:12.876716+00:00
T01302,U00280,Technical,2026-01-09 14:53:44,support_raw.csv,2026-09-26T11:24:12.876716+00:00
T01303,U00478,Account,2025-11-16 07:14:08,support_raw.csv,2026-09-26T11:24:12.876716+00:00
T01304,U00180,Buffering,2026-07-17 01:07:48,support_raw.csv,2026-09-26T11:24:12.876716+00:00
T01305,U00997,Account,2026-04-27 14:12:23,support_raw.csv,2026-09-26T11:24:12.876716+00:00
T01306,U00971,Payment,2026-03-02 04:38:16,support_raw.csv,2026-09-26T11:24:12.876716+00:00
T01307,U00059,Technical,2025-08-26 12:32:50,support_raw.csv,2026-09-26T11:24:12.876716+00:00
T01308,U00222,Login,2026-01-27 17:31:58,support_raw.csv,2026-09-26T11:24:12.876716+00:00
T01309,U00970,Buffering,2025-07-08 18:59:15,support_raw.csv,2026-09-26T11:24:12.876716+00:00
T01310,U00131,Account,2025-10-31 07:56:35,support_raw.csv,2026-09-26T11:24:12.876716+00:00
T01311,U00310,Payment,2025-02-24 13:22:38,support_raw.csv,2026-09-26T11:24:12.876716+00:00
T01312,U00261,Technical,2026-02-22 16:54:40,support_raw.csv,2026-09-26T11:24:12.876716+00:00
T01314,U00850,Technical,2025-06-25 11:29:16,support_raw.csv,2026-09-26T11:24:12.876716+00:00
T01315,U00599,Playback,2025-04-04 04:00:37,support_raw.csv,2026-09-26T11:24:12.876716+00:00
T01316,U00909,Subscription,2025-09-20 07:07:02,support_raw.csv,2026-09-26T11:24:12.876716+00:00
T01317,U00708,Subscription,2025-05-28 23:41:51,support_raw.csv,2026-09-26T11:24:12.876716+00:00
T01318,U00789,Buffering,2026-08-25 22:26:23,support_raw.csv,2026-09-26T11:24:12.876716+00:00
T01319,U00932,Technical,2025-01-17 19:05:16,support_raw.csv,2026-09-26T11:24:12.876716+00:00
T01320,U00148,Payment,2025-04-09 03:54:00,support_raw.csv,2026-09-26T11:24:12.876716+00:00
T01321,U00304,Unknown,2026-04-06 06:54:30,support_raw.csv,2026-09-26T11:24:12.876716+00:00
T01322,U00265,Subscription,2025-03-11 21:14:58,support_raw.csv,2026-09-26T11:24:12.876716+00:00
T01323,U00865,Technical,2026-01-23 03:17:31,support_raw.csv,2026-09-26T11:24:12.876716+00:00
T01324,U00161,Account,2025-12-01 19:29:35,support_raw.csv,2026-09-26T11:24:12.876716+00:00
T01325,U00144,Account,2026-05-03 19:30:57,support_raw.csv,2026-09-26T11:24:12.876716+00:00
T01326,U00367,Login,2025-08-09 00:50:05,support_raw.csv,2026-09-26T11:24:12.876716+00:00
T01327,U00079,Technical,2026-09-02 04:08:15,support_raw.csv,2026-09-26T11:24:12.876716+00:00
T01328,U00276,Login,2025-01-28 13:01:27,support_raw.csv,2026-09-26T11:24:12.876716+00:00
T01329,U00719,Account,2025-07-05 19:52:55,support_raw.csv,2026-09-26T11:24:12.876716+00:00
T01330,U00424,Payment,2026-02-17 06:03:28,support_raw.csv,2026-09-26T11:24:12.876716+00:00
T01331,U00897,Account,2026-02-26 20:42:45,support_raw.csv,2026-09-26T11:24:12.876716+00:00
T01332,U00741,Account,2025-03-09 09:15:36,support_raw.csv,2026-09-26T11:24:12.876716+00:00
T01333,U00113,Subscription,2026-01-19 11:52:50,support_raw.csv,2026-09-26T11:24:12.876716+00:00
T01334,U00039,Login,2026-07-17 15:29:06,support_raw.csv,2026-09-26T11:24:12.876716+00:00
T01335,U00772,Technical,2026-01-09 23:21:22,support_raw.csv,2026-09-26T11:24:12.876716+00:00
T01336,U00620,Subscription,2026-02-24 15:26:38,support_raw.csv,2026-09-26T11:24:12.876716+00:00
T01337,U00913,Buffering,2025-08-08 10:57:45,support_raw.csv,2026-09-26T11:24:12.876716+00:00
T01338,U00074,Playback,2025-06-12 12:11:28,support_raw.csv,2026-09-26T11:24:12.876716+00:00
T01339,U00442,Account,2026-09-17 06:59:54,support_raw.csv,2026-09-26T11:24:12.876716+00:00
T01340,U00990,Playback,2025-08-13 12:44:03,support_raw.csv,2026-09-26T11:24:12.876716+00:00
T01341,U00377,Login,2025-12-22 19:33:17,support_raw.csv,2026-09-26T11:24:12.876716+00:00
T01342,U00062,Login,2025-08-02 08:57:29,support_raw.csv,2026-09-26T11:24:12.876716+00:00
T01343,U00338,Subscription,2025-03-25 07:14:50,support_raw.csv,2026-09-26T11:24:12.876716+00:00
T01344,U00865,Login,2026-04-22 14:15:51,support_raw.csv,2026-09-26T11:24:12.876716+00:00
T01345,U00146,Buffering,2026-06-10 22:10:58,support_raw.csv,2026-09-26T11:24:12.876716+00:00
T01346,U00324,Playback,2026-06-25 23:26:34,support_raw.csv,2026-09-26T11:24:12.876716+00:00
T01347,U00087,Playback,2025-11-25 12:30:07,support_raw.csv,2026-09-26T11:24:12.876716+00:00
T01348,U00122,Account,2026-02-18 21:29:06,support_raw.csv,2026-09-26T11:24:12.876716+00:00
T01349,U00783,Payment,2026-01-26 16:28:03,support_raw.csv,2026-09-26T11:24:12.876716+00:00
T01350,U00635,Login,2025-02-02 04:03:30,support_raw.csv,2026-09-26T11:24:12.876716+00:00
T01351,U00755,Subscription,2026-05-11 04:47:14,support_raw.csv,2026-09-26T11:24:12.876716+00:00
T01352,U00022,Account,2025-09-02 12:07:51,support_raw.csv,2026-09-26T11:24:12.876716+00:00
T01353,U00364,Payment,2025-07-20 13:50:47,support_raw.csv,2026-09-26T11:24:12.876716+00:00
T01354,U00014,Account,2025-06-14 06:54:22,support_raw.csv,2026-09-26T11:24:12.876716+00:00
T01355,U00354,Account,2025-12-29 05:41:12,support_raw.csv,2026-09-26T11:24:12.876716+00:00
T01356,U00510,Playback,2025-01-15 13:27:11,support_raw.csv,2026-09-26T11:24:12.876716+00:00
T01357,U00797,Subscription,2026-03-29 11:13:13,support_raw.csv,2026-09-26T11:24:12.876716+00:00
T01358,U00233,Playback,2025-11-05 16:51:21,support_raw.csv,2026-09-26T11:24:12.876716+00:00
T01359,U00571,Playback,2026-02-04 19:45:45,support_raw.csv,2026-09-26T11:24:12.876716+00:00
T01360,U00085,Payment,2026-06-22 08:41:31,support_raw.csv,2026-09-26T11:24:12.876716+00:00
T01361,U00300,Technical,2025-09-23 12:58:53,support_raw.csv,2026-09-26T11:24:12.876716+00:00
T01362,U00623,Subscription,2025-04-24 18:49:41,support_raw.csv,2026-09-26T11:24:12.876716+00:00
T01363,U00431,Buffering,2025-09-16 19:20:24,support_raw.csv,2026-09-26T11:24:12.876716+00:00
T01364,U00743,Payment,2025-07-13 22:41:08,support_raw.csv,2026-09-26T11:24:12.876716+00:00
T01365,U00842,Playback,2025-06-19 21:10:01,support_raw.csv,2026-09-26T11:24:12.876716+00:00
T01366,U00633,Account,2025-05-23 05:32:57,support_raw.csv,2026-09-26T11:24:12.876716+00:00
T01367,U00647,Playback,2026-09-03 14:22:56,support_raw.csv,2026-09-26T11:24:12.876716+00:00
T01368,U00316,Playback,2026-04-23 00:31:01,support_raw.csv,2026-09-26T11:24:12.876716+00:00
T01369,U00685,PAYMENT,2025-04-05 12:50:49,support_raw.csv,2026-09-26T11:24:12.876716+00:00
T01370,U00487,Playback,2025-01-31 06:37:52,support_raw.csv,2026-09-26T11:24:12.876716+00:00
T01371,U00521,Payment,2025-03-23 17:45:47,support_raw.csv,2026-09-26T11:24:12.876716+00:00
T01372,U00145,Technical,2025-12-03 23:37:49,support_raw.csv,2026-09-26T11:24:12.876716+00:00
T01373,U00172,Payment,2025-01-24 21:10:19,support_raw.csv,2026-09-26T11:24:12.876716+00:00
T01374,U00640,Subscription,2025-10-27 22:21:57,support_raw.csv,2026-09-26T11:24:12.876716+00:00
T01375,U00052,Subscription,2026-03-15 16:21:41,support_raw.csv,2026-09-26T11:24:12.876716+00:00
T01376,U00149,Buffering,2025-07-19 14:14:08,support_raw.csv,2026-09-26T11:24:12.876716+00:00
T01377,U00180,Buffering,2025-12-12 02:53:53,support_raw.csv,2026-09-26T11:24:12.876716+00:00
T01378,U00831,Account,2025-02-24 11:59:18,support_raw.csv,2026-09-26T11:24:12.876716+00:00
T01379,U00593,Payment,2026-06-01 21:45:59,support_raw.csv,2026-09-26T11:24:12.876716+00:00
T01380,U00861,Playback,2025-03-25 10:24:11,support_raw.csv,2026-09-26T11:24:12.876716+00:00
T01381,U00375,Buffering,2026-07-20 01:07:43,support_raw.csv,2026-09-26T11:24:12.876716+00:00
T01382,U00345,Technical,2026-02-20 19:20:45,support_raw.csv,2026-09-26T11:24:12.876716+00:00
T01383,U00649,Payment,2026-02-13 05:33:31,support_raw.csv,2026-09-26T11:24:12.876716+00:00
T01384,U00790,Login,2025-09-06 18:28:53,support_raw.csv,2026-09-26T11:24:12.876716+00:00
T01385,U00372,Playback,2026-01-06 11:01:50,support_raw.csv,2026-09-26T11:24:12.876716+00:00
T01386,U00902,Buffering,2025-04-13 15:54:11,support_raw.csv,2026-09-26T11:24:12.876716+00:00
T01387,U00006,Buffering,2025-10-26 00:32:00,support_raw.csv,2026-09-26T11:24:12.876716+00:00
T01388,U00648,Payment,2026-02-26 16:26:09,support_raw.csv,2026-09-26T11:24:12.876716+00:00
T01389,U00768,Buffering,2025-02-17 00:59:30,support_raw.csv,2026-09-26T11:24:12.876716+00:00
T01390,U00488,Buffering,2025-06-23 00:11:03,support_raw.csv,2026-09-26T11:24:12.876716+00:00
T01391,U00521,Subscription,2025-04-21 10:58:52,support_raw.csv,2026-09-26T11:24:12.876716+00:00
T01392,U00072,Playback,2025-05-13 02:41:50,support_raw.csv,2026-09-26T11:24:12.876716+00:00
T01393,U00264,Subscription,2026-06-14 08:12:17,support_raw.csv,2026-09-26T11:24:12.876716+00:00
T01395,U00074,Payment,2026-03-23 00:56:40,support_raw.csv,2026-09-26T11:24:12.876716+00:00
T01396,U00793,Technical,2026-07-09 23:24:22,support_raw.csv,2026-09-26T11:24:12.876716+00:00
T01397,U00704,Technical,2026-04-16 02:31:07,support_raw.csv,2026-09-26T11:24:12.876716+00:00
T01398,U00975,Technical,2026-08-09 18:27:31,support_raw.csv,2026-09-26T11:24:12.876716+00:00
T01399,U00690,Playback,2025-02-03 20:11:03,support_raw.csv,2026-09-26T11:24:12.876716+00:00
T01400,U00065,Buffering,2025-03-13 08:13:13,support_raw.csv,2026-09-26T11:24:12.876716+00:00
T01401,U00946,Technical,2025-08-13 17:13:03,support_raw.csv,2026-09-26T11:24:12.876716+00:00
T01402,U00421,Subscription,2025-03-03 00:01:46,support_raw.csv,2026-09-26T11:24:12.876716+00:00
T01404,U00703,Payment,2025-07-27 06:45:33,support_raw.csv,2026-09-26T11:24:12.876716+00:00
T01405,U00874,Payment,2025-09-12 10:16:05,support_raw.csv,2026-09-26T11:24:12.876716+00:00
T01406,U00826,Subscription,2025-01-31 00:08:39,support_raw.csv,2026-09-26T11:24:12.876716+00:00
T01407,U00065,Technical,2025-09-27 17:27:09,support_raw.csv,2026-09-26T11:24:12.876716+00:00
T01408,U00783,Payment,2026-03-26 00:38:57,support_raw.csv,2026-09-26T11:24:12.876716+00:00
T01409,U00387,Account,2026-04-21 05:18:12,support_raw.csv,2026-09-26T11:24:12.876716+00:00
T01410,U00469,Account,2025-02-21 05:25:36,support_raw.csv,2026-09-26T11:24:12.876716+00:00
T01411,U00578,Buffering,2026-05-26 04:04:37,support_raw.csv,2026-09-26T11:24:12.876716+00:00
T01412,U00254,Buffering,2025-07-07 01:17:37,support_raw.csv,2026-09-26T11:24:12.876716+00:00
T01413,U00184,Technical,2026-08-23 14:58:29,support_raw.csv,2026-09-26T11:24:12.876716+00:00
T01414,U00655,Buffering,2026-01-11 10:07:38,support_raw.csv,2026-09-26T11:24:12.876716+00:00
T01416,U00685,Login,2025-01-20 23:58:43,support_raw.csv,2026-09-26T11:24:12.876716+00:00
T01417,U00124,Account,2026-01-22 16:17:36,support_raw.csv,2026-09-26T11:24:12.876716+00:00
T01418,U00631,Playback,2025-02-15 20:55:51,support_raw.csv,2026-09-26T11:24:12.876716+00:00
T01419,U00110,Account,2025-07-22 16:46:53,support_raw.csv,2026-09-26T11:24:12.876716+00:00
T01420,U00406,Account,2026-02-03 21:00:04,support_raw.csv,2026-09-26T11:24:12.876716+00:00
T01421,U00782,Payment,2026-08-23 14:38:38,support_raw.csv,2026-09-26T11:24:12.876716+00:00
T01422,U00360,Buffering,2025-06-21 09:35:05,support_raw.csv,2026-09-26T11:24:12.876716+00:00
T01423,U00418,Playback,2026-02-04 17:28:58,support_raw.csv,2026-09-26T11:24:12.876716+00:00
T01424,U00570,Account,2026-01-18 21:50:40,support_raw.csv,2026-09-26T11:24:12.876716+00:00
T01425,U00395,Buffering,2025-07-06 19:01:03,support_raw.csv,2026-09-26T11:24:12.876716+00:00
T01426,U00161,unknown,2025-09-05 10:22:52,support_raw.csv,2026-09-26T11:24:12.876716+00:00
T01427,U00724,Technical,2025-04-17 10:43:14,support_raw.csv,2026-09-26T11:24:12.876716+00:00
T01428,U00424,Account,2025-09-18 17:14:31,support_raw.csv,2026-09-26T11:24:12.876716+00:00
T01429,U00732,Account,2026-08-05 03:18:00,support_raw.csv,2026-09-26T11:24:12.876716+00:00
T01430,U00188,Subscription,2025-12-30 21:33:08,support_raw.csv,2026-09-26T11:24:12.876716+00:00
T01431,U00585,Login,2025-07-04 05:27:23,support_raw.csv,2026-09-26T11:24:12.876716+00:00
T01432,U00048,Buffering,2026-04-27 19:51:58,support_raw.csv,2026-09-26T11:24:12.876716+00:00
T01433,U00627,Buffering,2025-10-11 07:05:41,support_raw.csv,2026-09-26T11:24:12.876716+00:00
T01434,U00429,Playback,2026-03-25 02:40:30,support_raw.csv,2026-09-26T11:24:12.876716+00:00
T01435,U00501,Playback,2025-11-30 14:04:35,support_raw.csv,2026-09-26T11:24:12.876716+00:00
T01437,U00456,PAYMENT,2025-04-07 14:10:40,support_raw.csv,2026-09-26T11:24:12.876716+00:00
T01438,U00372,Payment,2026-02-21 18:00:46,support_raw.csv,2026-09-26T11:24:12.876716+00:00
T01439,U00871,Payment,2026-09-07 02:29:35,support_raw.csv,2026-09-26T11:24:12.876716+00:00
T01440,U00973,Payment,2025-01-02 18:15:25,support_raw.csv,2026-09-26T11:24:12.876716+00:00
T01441,U00311,Login,2025-09-04 07:49:44,support_raw.csv,2026-09-26T11:24:12.876716+00:00
T01442,U00532,Technical,2025-03-12 22:04:17,support_raw.csv,2026-09-26T11:24:12.876716+00:00
T01443,U00915,Subscription,2026-05-19 17:02:25,support_raw.csv,2026-09-26T11:24:12.876716+00:00
T01444,U00680,Playback,2025-11-17 17:25:20,support_raw.csv,2026-09-26T11:24:12.876716+00:00
T01445,U00866,Buffering,2025-02-14 22:08:26,support_raw.csv,2026-09-26T11:24:12.876716+00:00
T01446,U00636,Login,2026-02-16 05:29:02,support_raw.csv,2026-09-26T11:24:12.876716+00:00
T01447,U00619,Playback,2025-12-08 04:08:31,support_raw.csv,2026-09-26T11:24:12.876716+00:00
T01449,U00106,Payment,2026-03-11 23:05:41,support_raw.csv,2026-09-26T11:24:12.876716+00:00
T01450,U00379,Login,2025-10-31 10:27:24,support_raw.csv,2026-09-26T11:24:12.876716+00:00
T01451,U00764,Payment,2025-07-25 19:05:12,support_raw.csv,2026-09-26T11:24:12.876716+00:00
T01453,U00151,Payment,2026-03-19 19:37:34,support_raw.csv,2026-09-26T11:24:12.876716+00:00
T01454,U00897,Subscription,2026-05-08 01:00:16,support_raw.csv,2026-09-26T11:24:12.876716+00:00
T01455,U00557,Buffering,2026-07-12 04:54:24,support_raw.csv,2026-09-26T11:24:12.876716+00:00
T01456,U00947,Buffering,2026-09-17 02:51:32,support_raw.csv,2026-09-26T11:24:12.876716+00:00
T01458,U00907,Payment,2026-05-18 20:41:00,support_raw.csv,2026-09-26T11:24:12.876716+00:00
T01460,U00376,Playback,2026-03-30 10:02:14,support_raw.csv,2026-09-26T11:24:12.876716+00:00
T01461,U00860,Login,2026-09-03 17:48:43,support_raw.csv,2026-09-26T11:24:12.876716+00:00
T01462,U00276,Technical,2026-02-03 00:42:57,support_raw.csv,2026-09-26T11:24:12.876716+00:00
T01464,U00293,Technical,2026-02-25 14:44:37,support_raw.csv,2026-09-26T11:24:12.876716+00:00
T01465,U00194,Technical,2025-09-02 13:58:02,support_raw.csv,2026-09-26T11:24:12.876716+00:00
T01466,U00224,Playback,2026-08-03 15:12:10,support_raw.csv,2026-09-26T11:24:12.876716+00:00
T01467,U00928,Playback,2025-08-22 13:32:31,support_raw.csv,2026-09-26T11:24:12.876716+00:00
T01468,U00977,Buffering,2025-01-14 02:35:34,support_raw.csv,2026-09-26T11:24:12.876716+00:00
T01469,U00453,Login,2026-06-24 21:07:06,support_raw.csv,2026-09-26T11:24:12.876716+00:00
T01471,U00582,Playback,2025-02-23 08:24:12,support_raw.csv,2026-09-26T11:24:12.876716+00:00
T01472,U00070,PAYMENT,2025-10-29 00:18:07,support_raw.csv,2026-09-26T11:24:12.876716+00:00
T01473,U00889,Payment,2025-06-01 11:16:48,support_raw.csv,2026-09-26T11:24:12.876716+00:00
T01475,U00811,Login,2026-01-30 18:28:02,support_raw.csv,2026-09-26T11:24:12.876716+00:00
T01476,U00702,Subscription,2026-02-21 20:26:43,support_raw.csv,2026-09-26T11:24:12.876716+00:00
T01477,U00039,Subscription,2026-08-29 06:26:49,support_raw.csv,2026-09-26T11:24:12.876716+00:00
T01478,U00945,PAYMENT,2026-02-02 06:53:31,support_raw.csv,2026-09-26T11:24:12.876716+00:00
T01479,U00547,Login,2025-10-07 12:41:43,support_raw.csv,2026-09-26T11:24:12.876716+00:00
T01480,U00968,Subscription,2026-05-26 00:11:02,support_raw.csv,2026-09-26T11:24:12.876716+00:00
T01481,U00898,Account,2026-07-15 06:41:06,support_raw.csv,2026-09-26T11:24:12.876716+00:00
T01482,U00631,Subscription,2025-12-05 07:58:43,support_raw.csv,2026-09-26T11:24:12.876716+00:00
T01483,U00749,Login,2026-07-26 04:28:01,support_raw.csv,2026-09-26T11:24:12.876716+00:00
T01484,U00344,Payment,2025-01-29 02:16:45,support_raw.csv,2026-09-26T11:24:12.876716+00:00
T01485,U00869,Login,2025-08-09 00:48:05,support_raw.csv,2026-09-26T11:24:12.876716+00:00
T01486,U00407,Login,2025-12-27 12:16:37,support_raw.csv,2026-09-26T11:24:12.876716+00:00
T01487,U00686,Subscription,2025-12-02 21:51:21,support_raw.csv,2026-09-26T11:24:12.876716+00:00
T01488,U00975,Subscription,2026-02-01 07:07:39,support_raw.csv,2026-09-26T11:24:12.876716+00:00
T01489,U00332,Account,2026-09-02 04:08:02,support_raw.csv,2026-09-26T11:24:12.876716+00:00
T01491,U00173,Technical,2025-09-26 12:07:54,support_raw.csv,2026-09-26T11:24:12.876716+00:00
T01492,U00379,Technical,2025-03-07 15:42:57,support_raw.csv,2026-09-26T11:24:12.876716+00:00
T01493,U00549,Account,2025-05-28 20:59:52,support_raw.csv,2026-09-26T11:24:12.876716+00:00
T01494,U00117,Payment,2025-03-31 11:02:06,support_raw.csv,2026-09-26T11:24:12.876716+00:00
T01495,U00517,Buffering,2026-05-30 00:17:33,support_raw.csv,2026-09-26T11:24:12.876716+00:00
T01496,U00862,Playback,2025-03-25 16:35:32,support_raw.csv,2026-09-26T11:24:12.876716+00:00
T01497,U00729,Buffering,2025-12-21 05:51:01,support_raw.csv,2026-09-26T11:24:12.876716+00:00
T01498,U00557,Technical,2025-06-04 13:49:06,support_raw.csv,2026-09-26T11:24:12.876716+00:00
T01499,U00220,Buffering,2026-06-21 04:52:25,support_raw.csv,2026-09-26T11:24:12.876716+00:00
T01500,U00846,Subscription,2025-01-14 02:24:37,support_raw.csv,2026-09-26T11:24:12.876716+00:00
T01501,U00804,Subscription,2025-11-23 19:34:35,support_raw.csv,2026-09-26T11:24:12.876716+00:00
T01502,U00750,Login,2025-03-06 11:31:31,support_raw.csv,2026-09-26T11:24:12.876716+00:00
T01503,U00350,Playback,2025-01-05 11:01:32,support_raw.csv,2026-09-26T11:24:12.876716+00:00
T01504,U00135,Payment,2025-04-05 02:11:45,support_raw.csv,2026-09-26T11:24:12.876716+00:00
T01505,U00568,Payment,2026-06-22 15:34:50,support_raw.csv,2026-09-26T11:24:12.876716+00:00
T01508,U00790,Subscription,2025-01-11 03:48:30,support_raw.csv,2026-09-26T11:24:12.876716+00:00
T01509,U00633,Technical,2025-03-09 01:27:28,support_raw.csv,2026-09-26T11:24:12.876716+00:00
T01510,U00168,Account,2026-08-13 02:47:42,support_raw.csv,2026-09-26T11:24:12.876716+00:00
T01511,U00257,Buffering,2026-03-11 06:10:54,support_raw.csv,2026-09-26T11:24:12.876716+00:00
T01512,U00451,Account,2026-01-07 19:25:59,support_raw.csv,2026-09-26T11:24:12.876716+00:00
T01513,U00467,Playback,2026-02-12 03:38:08,support_raw.csv,2026-09-26T11:24:12.876716+00:00
T01514,U00748,Login,2025-05-10 08:03:07,support_raw.csv,2026-09-26T11:24:12.876716+00:00
T01515,U00567,Login,2025-02-23 15:47:40,support_raw.csv,2026-09-26T11:24:12.876716+00:00
T01516,U00226,Subscription,2025-08-30 18:55:58,support_raw.csv,2026-09-26T11:24:12.876716+00:00
T01517,U00215,Technical,2026-08-09 23:59:47,support_raw.csv,2026-09-26T11:24:12.876716+00:00
T01518,U00849,Subscription,2025-12-13 19:19:31,support_raw.csv,2026-09-26T11:24:12.876716+00:00
T01519,U00096,Buffering,2025-09-11 22:41:37,support_raw.csv,2026-09-26T11:24:12.876716+00:00
T01520,U00266,Login,2026-08-23 23:12:05,support_raw.csv,2026-09-26T11:24:12.876716+00:00
T01521,U00762,Login,2026-05-20 18:31:34,support_raw.csv,2026-09-26T11:24:12.876716+00:00
T01522,U00031,Playback,2026-04-21 14:58:19,support_raw.csv,2026-09-26T11:24:12.876716+00:00
T01523,U00158,Subscription,2025-12-19 03:42:08,support_raw.csv,2026-09-26T11:24:12.876716+00:00
T01524,U00670,Subscription,2026-07-30 16:20:49,support_raw.csv,2026-09-26T11:24:12.876716+00:00
T01525,U00161,Account,2025-03-02 16:36:44,support_raw.csv,2026-09-26T11:24:12.876716+00:00
T01526,U00969,Technical,2025-05-23 18:26:49,support_raw.csv,2026-09-26T11:24:12.876716+00:00
T01527,U00433,Buffering,2025-06-17 00:36:47,support_raw.csv,2026-09-26T11:24:12.876716+00:00
T01528,U00702,Technical,2026-07-24 02:40:53,support_raw.csv,2026-09-26T11:24:12.876716+00:00
T01529,U00748,Subscription,2026-07-08 21:48:13,support_raw.csv,2026-09-26T11:24:12.876716+00:00
T01530,U00787,Payment,2025-06-18 12:52:57,support_raw.csv,2026-09-26T11:24:12.876716+00:00
T01531,U00343,Payment,2025-12-25 22:11:27,support_raw.csv,2026-09-26T11:24:12.876716+00:00
T01532,U00423,Subscription,2026-06-27 02:31:21,support_raw.csv,2026-09-26T11:24:12.876716+00:00
T01533,U00288,unknown,2025-04-04 18:40:07,support_raw.csv,2026-09-26T11:24:12.876716+00:00
T01534,U00960,unknown,2026-06-27 01:01:35,support_raw.csv,2026-09-26T11:24:12.876716+00:00
T01535,U00218,Account,2026-07-03 17:03:28,support_raw.csv,2026-09-26T11:24:12.876716+00:00
T01536,U00480,Account,2025-07-03 08:04:21,support_raw.csv,2026-09-26T11:24:12.876716+00:00
T01537,U00987,Payment,2026-06-20 22:44:05,support_raw.csv,2026-09-26T11:24:12.876716+00:00
T01538,U00609,Account,2025-12-26 12:22:38,support_raw.csv,2026-09-26T11:24:12.876716+00:00
T01539,U00428,Login,2026-05-19 03:10:42,support_raw.csv,2026-09-26T11:24:12.876716+00:00
T01540,U00058,Buffering,2026-04-18 02:22:54,support_raw.csv,2026-09-26T11:24:12.876716+00:00
T01541,U00183,Buffering,2025-12-12 09:56:52,support_raw.csv,2026-09-26T11:24:12.876716+00:00
T01542,U00334,Playback,2026-03-26 17:49:22,support_raw.csv,2026-09-26T11:24:12.876716+00:00
T01543,U00711,Playback,2025-11-11 02:32:41,support_raw.csv,2026-09-26T11:24:12.876716+00:00
T01544,U00961,Subscription,2025-05-22 21:43:50,support_raw.csv,2026-09-26T11:24:12.876716+00:00
T01545,U00867,Buffering,2025-11-13 02:58:14,support_raw.csv,2026-09-26T11:24:12.876716+00:00
T01546,U00647,Subscription,2026-09-13 09:24:27,support_raw.csv,2026-09-26T11:24:12.876716+00:00
T01547,U00940,Subscription,2025-02-01 03:53:26,support_raw.csv,2026-09-26T11:24:12.876716+00:00
T01548,U00739,Account,2025-09-12 22:23:13,support_raw.csv,2026-09-26T11:24:12.876716+00:00
T01550,U00507,Playback,2025-12-18 05:11:55,support_raw.csv,2026-09-26T11:24:12.876716+00:00
T01551,U00568,Technical,2025-01-04 08:40:24,support_raw.csv,2026-09-26T11:24:12.876716+00:00
T01552,U00488,Subscription,2025-05-04 19:20:34,support_raw.csv,2026-09-26T11:24:12.876716+00:00
T01554,U00372,Payment,2025-08-05 21:48:15,support_raw.csv,2026-09-26T11:24:12.876716+00:00
T01555,U00091,Account,2026-04-29 12:36:05,support_raw.csv,2026-09-26T11:24:12.876716+00:00
T01556,U00018,Subscription,2025-10-16 22:30:35,support_raw.csv,2026-09-26T11:24:12.876716+00:00
T01557,U00514,Technical,2025-08-12 21:52:01,support_raw.csv,2026-09-26T11:24:12.876716+00:00
T01558,U00100,Account,2025-03-21 06:27:24,support_raw.csv,2026-09-26T11:24:12.876716+00:00
T01559,U00449,Playback,2025-06-16 12:44:01,support_raw.csv,2026-09-26T11:24:12.876716+00:00
T01560,U00671,Buffering,2026-08-30 04:44:50,support_raw.csv,2026-09-26T11:24:12.876716+00:00
T01561,U01000,Buffering,2025-07-14 16:11:28,support_raw.csv,2026-09-26T11:24:12.876716+00:00
T01562,U00886,Payment,2025-07-10 00:38:22,support_raw.csv,2026-09-26T11:24:12.876716+00:00
T01563,U00641,Account,2025-08-27 18:59:23,support_raw.csv,2026-09-26T11:24:12.876716+00:00
T01564,U00896,Playback,2025-10-12 08:34:24,support_raw.csv,2026-09-26T11:24:12.876716+00:00
T01565,U00212,Payment,2025-07-22 14:02:16,support_raw.csv,2026-09-26T11:24:12.876716+00:00
T01566,U00947,Payment,2026-02-21 17:23:26,support_raw.csv,2026-09-26T11:24:12.876716+00:00
T01567,U00489,Login,2026-09-12 16:38:10,support_raw.csv,2026-09-26T11:24:12.876716+00:00
T01568,U00982,Account,2025-10-24 03:54:56,support_raw.csv,2026-09-26T11:24:12.876716+00:00
T01569,U00023,Playback,2025-05-10 03:33:15,support_raw.csv,2026-09-26T11:24:12.876716+00:00
T01570,U00559,Account,2025-04-11 23:02:41,support_raw.csv,2026-09-26T11:24:12.876716+00:00
T01571,U00365,Buffering,2025-02-23 20:40:00,support_raw.csv,2026-09-26T11:24:12.876716+00:00
T01572,U00857,Account,2026-06-02 10:39:10,support_raw.csv,2026-09-26T11:24:12.876716+00:00
T01573,U00124,Login,2026-06-30 02:18:15,support_raw.csv,2026-09-26T11:24:12.876716+00:00
T01575,U00448,Buffering,2026-07-31 09:47:17,support_raw.csv,2026-09-26T11:24:12.876716+00:00
T01576,U00075,Technical,2026-06-14 14:22:29,support_raw.csv,2026-09-26T11:24:12.876716+00:00
T01577,U00664,PAYMENT,2025-12-25 23:49:34,support_raw.csv,2026-09-26T11:24:12.876716+00:00
T01578,U00054,Technical,2025-06-23 07:11:47,support_raw.csv,2026-09-26T11:24:12.876716+00:00
T01579,U00409,Playback,2025-06-10 06:40:35,support_raw.csv,2026-09-26T11:24:12.876716+00:00
T01580,U00872,Technical,2025-08-19 02:28:32,support_raw.csv,2026-09-26T11:24:12.876716+00:00
T01581,U00005,Technical,2025-04-23 02:18:43,support_raw.csv,2026-09-26T11:24:12.876716+00:00
T01582,U00465,Technical,2025-08-24 01:14:53,support_raw.csv,2026-09-26T11:24:12.876716+00:00
T01583,U00867,Payment,2025-02-23 08:42:21,support_raw.csv,2026-09-26T11:24:12.876716+00:00
T01584,U00499,Account,2025-10-10 17:14:16,support_raw.csv,2026-09-26T11:24:12.876716+00:00
T01585,U00709,Playback,2025-04-26 12:39:58,support_raw.csv,2026-09-26T11:24:12.876716+00:00
T01586,U00349,Payment,2025-05-12 23:52:14,support_raw.csv,2026-09-26T11:24:12.876716+00:00
T01587,U00069,Buffering,2026-09-16 17:47:34,support_raw.csv,2026-09-26T11:24:12.876716+00:00
T01588,U00872,Buffering,2026-01-30 06:49:49,support_raw.csv,2026-09-26T11:24:12.876716+00:00
T01589,U00137,Account,2025-05-13 21:52:27,support_raw.csv,2026-09-26T11:24:12.876716+00:00
T01590,U00020,Login,2025-05-30 21:28:12,support_raw.csv,2026-09-26T11:24:12.876716+00:00
T01591,U00757,Subscription,2026-03-13 01:15:12,support_raw.csv,2026-09-26T11:24:12.876716+00:00
T01592,U00715,Technical,2026-09-11 03:19:58,support_raw.csv,2026-09-26T11:24:12.876716+00:00
T01593,U00922,Payment,2026-02-01 11:50:17,support_raw.csv,2026-09-26T11:24:12.876716+00:00
T01594,U00547,Subscription,2026-08-27 03:55:25,support_raw.csv,2026-09-26T11:24:12.876716+00:00
T01595,U00609,Playback,2025-03-11 09:02:37,support_raw.csv,2026-09-26T11:24:12.876716+00:00
T01596,U00722,Payment,2026-05-17 02:01:02,support_raw.csv,2026-09-26T11:24:12.876716+00:00
T01597,U00318,Payment,2025-11-06 16:50:40,support_raw.csv,2026-09-26T11:24:12.876716+00:00
T01598,U00375,Buffering,2025-02-16 11:37:55,support_raw.csv,2026-09-26T11:24:12.876716+00:00
T01599,U00217,Subscription,2025-11-13 16:36:14,support_raw.csv,2026-09-26T11:24:12.876716+00:00
T01600,U00605,Login,2025-12-13 14:22:48,support_raw.csv,2026-09-26T11:24:12.876716+00:00
T01601,U00727,Technical,2025-12-06 14:28:14,support_raw.csv,2026-09-26T11:24:12.876716+00:00
T01602,U00523,PAYMENT,2026-01-09 08:35:33,support_raw.csv,2026-09-26T11:24:12.876716+00:00
T01603,U00180,Payment,2026-02-21 00:55:30,support_raw.csv,2026-09-26T11:24:12.876716+00:00
T01604,U00366,Subscription,2025-02-27 22:06:49,support_raw.csv,2026-09-26T11:24:12.876716+00:00
T01605,U00249,Payment,2026-05-15 23:45:03,support_raw.csv,2026-09-26T11:24:12.876716+00:00
T01606,U00863,Playback,2025-01-24 21:26:04,support_raw.csv,2026-09-26T11:24:12.876716+00:00
T01607,U00128,Playback,2025-02-20 11:24:23,support_raw.csv,2026-09-26T11:24:12.876716+00:00
T01608,U00036,Account,2026-04-17 19:26:12,support_raw.csv,2026-09-26T11:24:12.876716+00:00
T01609,U00541,Login,2025-10-20 17:50:49,support_raw.csv,2026-09-26T11:24:12.876716+00:00
T01610,U00736,Technical,2025-05-06 12:33:15,support_raw.csv,2026-09-26T11:24:12.876716+00:00
T01611,U00694,Login,2026-04-12 18:32:24,support_raw.csv,2026-09-26T11:24:12.876716+00:00
T01613,U00628,Unknown,2026-05-06 02:41:05,support_raw.csv,2026-09-26T11:24:12.876716+00:00
T01614,U00968,Account,2025-07-13 07:46:56,support_raw.csv,2026-09-26T11:24:12.876716+00:00
T01615,U00537,Technical,2025-04-25 18:02:38,support_raw.csv,2026-09-26T11:24:12.876716+00:00
T01616,U00577,Account,2025-04-22 12:58:05,support_raw.csv,2026-09-26T11:24:12.876716+00:00
T01617,U00464,Playback,2025-06-28 21:34:57,support_raw.csv,2026-09-26T11:24:12.876716+00:00
T01618,U00234,Technical,2025-05-29 14:04:42,support_raw.csv,2026-09-26T11:24:12.876716+00:00
T01619,U00744,Unknown,2025-05-31 17:33:11,support_raw.csv,2026-09-26T11:24:12.876716+00:00
T01620,U00797,Technical,2025-01-02 21:39:12,support_raw.csv,2026-09-26T11:24:12.876716+00:00
T01621,U00477,Login,2025-01-02 02:23:55,support_raw.csv,2026-09-26T11:24:12.876716+00:00
T01622,U00847,Playback,2025-05-25 02:36:54,support_raw.csv,2026-09-26T11:24:12.876716+00:00
T01623,U00835,Login,2025-07-17 18:05:20,support_raw.csv,2026-09-26T11:24:12.876716+00:00
T01624,U00707,Subscription,2025-12-16 23:56:51,support_raw.csv,2026-09-26T11:24:12.876716+00:00
T01625,U00480,Payment,2025-04-06 04:05:36,support_raw.csv,2026-09-26T11:24:12.876716+00:00
T01626,U00447,Buffering,2026-04-20 16:51:25,support_raw.csv,2026-09-26T11:24:12.876716+00:00
T01627,U00809,Payment,2026-06-25 00:48:12,support_raw.csv,2026-09-26T11:24:12.876716+00:00
T01628,U00088,Login,2025-04-24 11:59:53,support_raw.csv,2026-09-26T11:24:12.876716+00:00
T01629,U00523,Playback,2026-01-11 22:50:39,support_raw.csv,2026-09-26T11:24:12.876716+00:00
T01630,U00992,PAYMENT,2026-06-17 20:16:11,support_raw.csv,2026-09-26T11:24:12.876716+00:00
T01631,U00537,Subscription,2026-08-02 15:13:04,support_raw.csv,2026-09-26T11:24:12.876716+00:00
T01632,U00852,Playback,2025-06-26 04:27:45,support_raw.csv,2026-09-26T11:24:12.876716+00:00
T01633,U00100,Technical,2026-07-05 04:04:57,support_raw.csv,2026-09-26T11:24:12.876716+00:00
T01636,U00429,Payment,2025-03-22 16:14:00,support_raw.csv,2026-09-26T11:24:12.876716+00:00
T01637,U00512,Account,2025-04-27 14:23:32,support_raw.csv,2026-09-26T11:24:12.876716+00:00
T01638,U00230,Login,2025-06-11 13:00:43,support_raw.csv,2026-09-26T11:24:12.876716+00:00
T01639,U00189,Technical,2026-03-10 19:51:03,support_raw.csv,2026-09-26T11:24:12.876716+00:00
T01640,U00516,Technical,2025-10-28 01:48:37,support_raw.csv,2026-09-26T11:24:12.876716+00:00
T01641,U00643,Technical,2025-06-23 20:25:25,support_raw.csv,2026-09-26T11:24:12.876716+00:00
T01643,U00553,Buffering,2025-02-26 22:03:58,support_raw.csv,2026-09-26T11:24:12.876716+00:00
T01644,U00334,Payment,2025-09-01 00:54:32,support_raw.csv,2026-09-26T11:24:12.876716+00:00
T01645,U00442,Subscription,2026-03-23 09:06:17,support_raw.csv,2026-09-26T11:24:12.876716+00:00
T01646,U00775,Payment,2026-07-22 04:35:55,support_raw.csv,2026-09-26T11:24:12.876716+00:00
T01647,U00372,Buffering,2026-01-05 09:19:04,support_raw.csv,2026-09-26T11:24:12.876716+00:00
T01648,U00559,Technical,2026-09-13 14:24:22,support_raw.csv,2026-09-26T11:24:12.876716+00:00
T01649,U00481,Buffering,2025-08-26 03:46:16,support_raw.csv,2026-09-26T11:24:12.876716+00:00
T01650,U00806,PAYMENT,2025-02-28 14:22:42,support_raw.csv,2026-09-26T11:24:12.876716+00:00
T01651,U00348,Account,2026-05-17 05:07:22,support_raw.csv,2026-09-26T11:24:12.876716+00:00
T01652,U00615,Buffering,2025-07-11 08:46:09,support_raw.csv,2026-09-26T11:24:12.876716+00:00
T01654,U00009,Playback,2026-07-31 07:01:17,support_raw.csv,2026-09-26T11:24:12.876716+00:00
T01655,U00882,Payment,2025-01-16 05:49:13,support_raw.csv,2026-09-26T11:24:12.876716+00:00
T01656,U00388,Login,2025-03-20 20:22:38,support_raw.csv,2026-09-26T11:24:12.876716+00:00
T01657,U00011,Technical,2025-11-13 06:05:17,support_raw.csv,2026-09-26T11:24:12.876716+00:00
T01658,U00645,Playback,2026-05-18 10:33:23,support_raw.csv,2026-09-26T11:24:12.876716+00:00
T01659,U00577,Payment,2025-09-10 18:52:42,support_raw.csv,2026-09-26T11:24:12.876716+00:00
T01660,U00318,Subscription,2026-04-01 22:58:52,support_raw.csv,2026-09-26T11:24:12.876716+00:00
T01661,U00643,Buffering,2025-05-30 03:06:24,support_raw.csv,2026-09-26T11:24:12.876716+00:00
T01662,U00435,Payment,2026-05-09 04:11:45,support_raw.csv,2026-09-26T11:24:12.876716+00:00
T01663,U00412,Technical,2025-03-01 15:28:51,support_raw.csv,2026-09-26T11:24:12.876716+00:00
T01664,U00626,Subscription,2026-04-08 23:31:38,support_raw.csv,2026-09-26T11:24:12.876716+00:00
T01665,U00654,Technical,2025-02-12 12:04:47,support_raw.csv,2026-09-26T11:24:12.876716+00:00
T01667,U00450,Payment,2025-02-21 09:38:56,support_raw.csv,2026-09-26T11:24:12.876716+00:00
T01668,U00680,Buffering,2025-11-21 22:02:02,support_raw.csv,2026-09-26T11:24:12.876716+00:00
T01669,U00007,Account,2025-08-23 21:04:09,support_raw.csv,2026-09-26T11:24:12.876716+00:00
T01670,U00838,Login,2025-07-12 09:34:52,support_raw.csv,2026-09-26T11:24:12.876716+00:00
T01671,U00262,Playback,2026-04-20 23:34:28,support_raw.csv,2026-09-26T11:24:12.876716+00:00
T01672,U00615,Account,2026-02-16 08:08:41,support_raw.csv,2026-09-26T11:24:12.876716+00:00
T01673,U00424,Playback,2026-07-09 14:25:38,support_raw.csv,2026-09-26T11:24:12.876716+00:00
T01674,U00923,Subscription,2026-08-08 01:49:29,support_raw.csv,2026-09-26T11:24:12.876716+00:00
T01675,U00282,Playback,2025-08-15 10:05:56,support_raw.csv,2026-09-26T11:24:12.876716+00:00
T01676,U00778,Account,2026-03-20 13:29:12,support_raw.csv,2026-09-26T11:24:12.876716+00:00
T01679,U00938,Login,2025-10-11 06:14:25,support_raw.csv,2026-09-26T11:24:12.876716+00:00
T01681,U00928,Subscription,2026-03-25 17:44:42,support_raw.csv,2026-09-26T11:24:12.876716+00:00
T01682,U00935,Login,2025-04-24 21:59:46,support_raw.csv,2026-09-26T11:24:12.876716+00:00
T01684,U00614,Payment,2025-07-01 04:30:03,support_raw.csv,2026-09-26T11:24:12.876716+00:00
T01685,U00206,Playback,2026-07-17 01:19:47,support_raw.csv,2026-09-26T11:24:12.876716+00:00
T01686,U00424,Buffering,2026-08-23 19:16:42,support_raw.csv,2026-09-26T11:24:12.876716+00:00
T01687,U00570,Playback,2025-04-09 12:37:32,support_raw.csv,2026-09-26T11:24:12.876716+00:00
T01688,U00861,Buffering,2025-12-16 01:18:41,support_raw.csv,2026-09-26T11:24:12.876716+00:00
T01689,U00173,Buffering,2025-01-24 04:43:24,support_raw.csv,2026-09-26T11:24:12.876716+00:00
T01690,U00402,Technical,2026-04-14 18:34:09,support_raw.csv,2026-09-26T11:24:12.876716+00:00
T01691,U00960,Buffering,2026-08-09 07:54:51,support_raw.csv,2026-09-26T11:24:12.876716+00:00
T01692,U00329,Buffering,2025-12-10 06:59:52,support_raw.csv,2026-09-26T11:24:12.876716+00:00
T01693,U00001,Buffering,2025-03-21 05:11:09,support_raw.csv,2026-09-26T11:24:12.876716+00:00
T01694,U00083,Login,2026-05-17 21:12:41,support_raw.csv,2026-09-26T11:24:12.876716+00:00
T01695,U00761,unknown,2025-03-28 02:09:16,support_raw.csv,2026-09-26T11:24:12.876716+00:00
T01696,U00888,Subscription,2026-09-12 16:55:58,support_raw.csv,2026-09-26T11:24:12.876716+00:00
T01697,U00329,Technical,2026-07-12 03:38:30,support_raw.csv,2026-09-26T11:24:12.876716+00:00
T01698,U00270,Buffering,2026-07-24 21:44:16,support_raw.csv,2026-09-26T11:24:12.876716+00:00
T01699,U00042,PAYMENT,2025-12-24 06:43:00,support_raw.csv,2026-09-26T11:24:12.876716+00:00
T01700,U00288,PAYMENT,2025-10-29 15:15:11,support_raw.csv,2026-09-26T11:24:12.876716+00:00
T01701,U00245,Buffering,2026-06-24 10:45:03,support_raw.csv,2026-09-26T11:24:12.876716+00:00
T01702,U00519,Login,2025-12-02 16:40:53,support_raw.csv,2026-09-26T11:24:12.876716+00:00
T01703,U00201,Subscription,2026-06-10 00:16:22,support_raw.csv,2026-09-26T11:24:12.876716+00:00
T01704,U00422,Technical,2025-06-18 13:38:27,support_raw.csv,2026-09-26T11:24:12.876716+00:00
T01705,U00164,Playback,2025-10-25 10:59:07,support_raw.csv,2026-09-26T11:24:12.876716+00:00
T01706,U00409,Login,2026-04-06 04:10:38,support_raw.csv,2026-09-26T11:24:12.876716+00:00
T01707,U00516,Account,2025-07-16 05:19:51,support_raw.csv,2026-09-26T11:24:12.876716+00:00
T01708,U00921,unknown,2026-04-17 21:07:13,support_raw.csv,2026-09-26T11:24:12.876716+00:00
T01709,U00554,Login,2025-04-26 18:43:34,support_raw.csv,2026-09-26T11:24:12.876716+00:00
T01710,U00956,Technical,2025-01-11 18:30:26,support_raw.csv,2026-09-26T11:24:12.876716+00:00
T01711,U00505,Subscription,2025-11-10 13:51:17,support_raw.csv,2026-09-26T11:24:12.876716+00:00
T01712,U00349,Account,2026-04-30 08:48:47,support_raw.csv,2026-09-26T11:24:12.876716+00:00
T01713,U00314,Playback,2025-11-05 13:21:32,support_raw.csv,2026-09-26T11:24:12.876716+00:00
T01714,U00166,Buffering,2025-04-06 20:14:01,support_raw.csv,2026-09-26T11:24:12.876716+00:00
T01715,U00451,Playback,2026-05-27 06:14:11,support_raw.csv,2026-09-26T11:24:12.876716+00:00
T01716,U00536,Login,2026-04-28 17:50:18,support_raw.csv,2026-09-26T11:24:12.876716+00:00
T01717,U00386,Account,2025-04-12 07:08:24,support_raw.csv,2026-09-26T11:24:12.876716+00:00
T01718,U00498,Login,2026-07-04 08:44:53,support_raw.csv,2026-09-26T11:24:12.876716+00:00
T01719,U00356,Technical,2025-10-28 04:13:28,support_raw.csv,2026-09-26T11:24:12.876716+00:00
T01720,U00408,Subscription,2026-05-18 17:02:58,support_raw.csv,2026-09-26T11:24:12.876716+00:00
T01721,U00604,Subscription,2026-07-10 19:32:25,support_raw.csv,2026-09-26T11:24:12.876716+00:00
T01722,U00751,Buffering,2026-09-19 11:07:23,support_raw.csv,2026-09-26T11:24:12.876716+00:00
T01723,U00068,Payment,2026-01-17 02:22:55,support_raw.csv,2026-09-26T11:24:12.876716+00:00
T01724,U00426,Playback,2025-10-19 17:20:12,support_raw.csv,2026-09-26T11:24:12.876716+00:00
T01726,U00687,Technical,2025-04-06 05:45:46,support_raw.csv,2026-09-26T11:24:12.876716+00:00
T01728,U00451,Technical,2026-01-05 04:09:22,support_raw.csv,2026-09-26T11:24:12.876716+00:00
T01729,U00924,Subscription,2025-12-12 17:59:17,support_raw.csv,2026-09-26T11:24:12.876716+00:00
T01730,U00968,Account,2025-11-19 00:48:04,support_raw.csv,2026-09-26T11:24:12.876716+00:00
T01731,U00882,Login,2025-12-10 16:54:59,support_raw.csv,2026-09-26T11:24:12.876716+00:00
T01732,U00549,Login,2025-08-23 22:09:21,support_raw.csv,2026-09-26T11:24:12.876716+00:00
T01733,U00089,Payment,2025-10-04 10:32:11,support_raw.csv,2026-09-26T11:24:12.876716+00:00
T01734,U00498,Payment,2026-05-16 08:18:26,support_raw.csv,2026-09-26T11:24:12.876716+00:00
T01735,U00207,Technical,2026-04-01 10:25:35,support_raw.csv,2026-09-26T11:24:12.876716+00:00
T01736,U00499,Payment,2025-09-16 22:20:00,support_raw.csv,2026-09-26T11:24:12.876716+00:00
T01737,U00850,PAYMENT,2025-12-20 23:34:27,support_raw.csv,2026-09-26T11:24:12.876716+00:00
T01738,U00622,Buffering,2026-05-11 20:35:55,support_raw.csv,2026-09-26T11:24:12.876716+00:00
T01739,U00498,Login,2026-05-02 22:08:53,support_raw.csv,2026-09-26T11:24:12.876716+00:00
T01740,U00983,Subscription,2025-04-25 21:05:01,support_raw.csv,2026-09-26T11:24:12.876716+00:00
T01741,U00907,Playback,2026-01-15 12:10:49,support_raw.csv,2026-09-26T11:24:12.876716+00:00
T01743,U00602,Payment,2026-02-06 11:43:37,support_raw.csv,2026-09-26T11:24:12.876716+00:00
T01744,U00221,Account,2025-03-30 08:08:32,support_raw.csv,2026-09-26T11:24:12.876716+00:00
T01746,U00456,Buffering,2025-06-14 17:39:20,support_raw.csv,2026-09-26T11:24:12.876716+00:00
T01747,U00800,Buffering,2025-03-27 16:05:27,support_raw.csv,2026-09-26T11:24:12.876716+00:00
T01749,U00586,Subscription,2026-08-26 21:45:29,support_raw.csv,2026-09-26T11:24:12.876716+00:00
T01750,U00004,Subscription,2025-11-27 22:18:01,support_raw.csv,2026-09-26T11:24:12.876716+00:00
T01751,U00760,PAYMENT,2026-06-28 22:28:10,support_raw.csv,2026-09-26T11:24:12.876716+00:00
T01752,U00047,Account,2025-06-16 12:47:34,support_raw.csv,2026-09-26T11:24:12.876716+00:00
T01753,U00277,Account,2025-07-19 05:03:30,support_raw.csv,2026-09-26T11:24:12.876716+00:00
T01754,U00060,Buffering,2025-02-06 14:00:29,support_raw.csv,2026-09-26T11:24:12.876716+00:00
T01755,U00693,Login,2025-08-14 04:45:01,support_raw.csv,2026-09-26T11:24:12.876716+00:00
T01756,U00991,Buffering,2026-08-08 20:26:32,support_raw.csv,2026-09-26T11:24:12.876716+00:00
T01757,U00457,Account,2025-04-20 06:43:24,support_raw.csv,2026-09-26T11:24:12.876716+00:00
T01758,U00461,Payment,2025-06-18 08:15:31,support_raw.csv,2026-09-26T11:24:12.876716+00:00
T01759,U00383,Subscription,2026-05-22 20:07:41,support_raw.csv,2026-09-26T11:24:12.876716+00:00
T01760,U00871,Subscription,2025-11-21 03:46:45,support_raw.csv,2026-09-26T11:24:12.876716+00:00
T01761,U00229,Unknown,2025-06-01 08:24:48,support_raw.csv,2026-09-26T11:24:12.876716+00:00
T01762,U00226,Buffering,2026-05-19 01:19:38,support_raw.csv,2026-09-26T11:24:12.876716+00:00
T01763,U00087,Subscription,2025-02-19 11:15:24,support_raw.csv,2026-09-26T11:24:12.876716+00:00
T01764,U00288,Login,2026-04-10 07:50:15,support_raw.csv,2026-09-26T11:24:12.876716+00:00
T01765,U00018,Payment,2025-11-21 00:22:21,support_raw.csv,2026-09-26T11:24:12.876716+00:00
T01766,U00482,Login,2025-10-26 20:12:07,support_raw.csv,2026-09-26T11:24:12.876716+00:00
T01767,U00944,Buffering,2025-02-05 11:49:26,support_raw.csv,2026-09-26T11:24:12.876716+00:00
T01768,U00799,Payment,2026-03-30 06:57:04,support_raw.csv,2026-09-26T11:24:12.876716+00:00
T01769,U00978,Payment,2026-08-02 10:59:41,support_raw.csv,2026-09-26T11:24:12.876716+00:00
T01770,U00633,Playback,2025-09-26 10:04:46,support_raw.csv,2026-09-26T11:24:12.876716+00:00
T01771,U00209,Payment,2026-08-11 07:57:28,support_raw.csv,2026-09-26T11:24:12.876716+00:00
T01772,U00777,Payment,2025-09-15 16:35:58,support_raw.csv,2026-09-26T11:24:12.876716+00:00
T01773,U00127,Subscription,2025-05-29 20:00:30,support_raw.csv,2026-09-26T11:24:12.876716+00:00
T01774,U00076,Technical,2026-09-08 16:34:21,support_raw.csv,2026-09-26T11:24:12.876716+00:00
T01776,U00761,Login,2025-07-27 05:37:42,support_raw.csv,2026-09-26T11:24:12.876716+00:00
T01777,U00862,Playback,2025-02-09 04:38:25,support_raw.csv,2026-09-26T11:24:12.876716+00:00
T01778,U00617,Login,2025-09-22 10:17:45,support_raw.csv,2026-09-26T11:24:12.876716+00:00
T01779,U00952,Login,2025-12-01 21:35:22,support_raw.csv,2026-09-26T11:24:12.876716+00:00
T01782,U00437,Technical,2025-03-26 19:22:34,support_raw.csv,2026-09-26T11:24:12.876716+00:00
T01784,U00338,Login,2026-07-07 17:49:13,support_raw.csv,2026-09-26T11:24:12.876716+00:00
T01785,U00143,Login,2025-01-21 18:36:10,support_raw.csv,2026-09-26T11:24:12.876716+00:00
T01786,U00848,Login,2026-06-06 11:33:41,support_raw.csv,2026-09-26T11:24:12.876716+00:00
T01789,U00512,Payment,2026-07-09 06:19:37,support_raw.csv,2026-09-26T11:24:12.876716+00:00
T01790,U00062,Login,2026-09-19 16:05:46,support_raw.csv,2026-09-26T11:24:12.876716+00:00
T01791,U00144,Account,2026-04-28 04:32:39,support_raw.csv,2026-09-26T11:24:12.876716+00:00
T01792,U00511,Technical,2025-06-27 02:45:19,support_raw.csv,2026-09-26T11:24:12.876716+00:00
T01793,U00227,Login,2025-11-07 12:57:51,support_raw.csv,2026-09-26T11:24:12.876716+00:00
T01794,U00390,Account,2026-03-24 12:52:57,support_raw.csv,2026-09-26T11:24:12.876716+00:00
T01796,U00389,Login,2026-05-05 09:01:12,support_raw.csv,2026-09-26T11:24:12.876716+00:00
T01797,U00702,Playback,2025-07-29 17:56:16,support_raw.csv,2026-09-26T11:24:12.876716+00:00
T01798,U00103,Technical,2026-01-31 09:00:28,support_raw.csv,2026-09-26T11:24:12.876716+00:00
T01799,U00268,Account,2025-10-08 02:20:58,support_raw.csv,2026-09-26T11:24:12.876716+00:00
T01800,U00963,Buffering,2026-03-09 02:23:07,support_raw.csv,2026-09-26T11:24:12.876716+00:00
T01801,U00619,Playback,2026-02-23 20:25:14,support_raw.csv,2026-09-26T11:24:12.876716+00:00
T01802,U00962,Payment,2026-07-22 15:39:01,support_raw.csv,2026-09-26T11:24:12.876716+00:00
T01804,U00440,Unknown,2025-01-14 01:39:14,support_raw.csv,2026-09-26T11:24:12.876716+00:00
T01805,U00177,Payment,2025-09-21 22:48:20,support_raw.csv,2026-09-26T11:24:12.876716+00:00
T01806,U00685,Buffering,2025-09-05 02:02:06,support_raw.csv,2026-09-26T11:24:12.876716+00:00
T01807,U00383,Playback,2026-07-16 01:12:36,support_raw.csv,2026-09-26T11:24:12.876716+00:00
T01808,U00350,Login,2025-04-22 23:21:00,support_raw.csv,2026-09-26T11:24:12.876716+00:00
T01809,U00389,Login,2025-07-06 19:46:56,support_raw.csv,2026-09-26T11:24:12.876716+00:00
T01810,U00863,Login,2025-12-23 15:07:19,support_raw.csv,2026-09-26T11:24:12.876716+00:00
T01811,U00939,Login,2025-11-19 17:20:22,support_raw.csv,2026-09-26T11:24:12.876716+00:00
T01812,U00941,Technical,2025-09-16 11:10:50,support_raw.csv,2026-09-26T11:24:12.876716+00:00
T01813,U00675,Account,2025-07-06 02:31:02,support_raw.csv,2026-09-26T11:24:12.876716+00:00
T01814,U00001,Account,2025-03-03 15:01:38,support_raw.csv,2026-09-26T11:24:12.876716+00:00
T01815,U00515,Playback,2025-05-28 14:22:33,support_raw.csv,2026-09-26T11:24:12.876716+00:00
T01816,U00665,Playback,2025-07-23 19:13:51,support_raw.csv,2026-09-26T11:24:12.876716+00:00
T01817,U00846,Payment,2026-04-15 02:29:02,support_raw.csv,2026-09-26T11:24:12.876716+00:00
T01819,U00642,Technical,2025-04-30 08:43:33,support_raw.csv,2026-09-26T11:24:12.876716+00:00
T01820,U00090,Playback,2025-06-29 15:00:26,support_raw.csv,2026-09-26T11:24:12.876716+00:00
T01821,U00929,Technical,2025-07-11 05:44:29,support_raw.csv,2026-09-26T11:24:12.876716+00:00
T01822,U00196,Account,2025-09-04 23:37:21,support_raw.csv,2026-09-26T11:24:12.876716+00:00
T01823,U00875,Payment,2025-04-26 21:00:37,support_raw.csv,2026-09-26T11:24:12.876716+00:00
T01824,U00781,Subscription,2026-06-17 16:01:02,support_raw.csv,2026-09-26T11:24:12.876716+00:00
T01825,U00744,Playback,2026-02-15 07:57:45,support_raw.csv,2026-09-26T11:24:12.876716+00:00
T01826,U00440,Playback,2025-09-08 21:47:54,support_raw.csv,2026-09-26T11:24:12.876716+00:00
T01828,U00664,Buffering,2025-10-15 05:41:07,support_raw.csv,2026-09-26T11:24:12.876716+00:00
T01829,U00543,Subscription,2025-12-10 07:00:22,support_raw.csv,2026-09-26T11:24:12.876716+00:00
T01830,U00279,Payment,2025-11-15 01:12:36,support_raw.csv,2026-09-26T11:24:12.876716+00:00
T01831,U00051,Login,2026-05-04 00:58:16,support_raw.csv,2026-09-26T11:24:12.876716+00:00
T01832,U00729,Login,2025-03-23 22:59:57,support_raw.csv,2026-09-26T11:24:12.876716+00:00
T01834,U00609,Playback,2025-08-21 17:46:02,support_raw.csv,2026-09-26T11:24:12.876716+00:00
T01835,U00870,Technical,2026-05-21 13:00:09,support_raw.csv,2026-09-26T11:24:12.876716+00:00
T01836,U00470,Account,2026-07-30 22:07:01,support_raw.csv,2026-09-26T11:24:12.876716+00:00
T01837,U00557,Payment,2025-11-01 02:31:21,support_raw.csv,2026-09-26T11:24:12.876716+00:00
T01838,U00947,Playback,2025-08-03 22:43:05,support_raw.csv,2026-09-26T11:24:12.876716+00:00
T01839,U00827,Playback,2026-05-24 12:04:26,support_raw.csv,2026-09-26T11:24:12.876716+00:00
T01840,U00431,Playback,2026-03-21 13:46:51,support_raw.csv,2026-09-26T11:24:12.876716+00:00
T01841,U00495,Playback,2026-01-18 12:28:27,support_raw.csv,2026-09-26T11:24:12.876716+00:00
T01842,U00493,Subscription,2025-09-03 08:52:49,support_raw.csv,2026-09-26T11:24:12.876716+00:00
T01843,U00779,Buffering,2025-12-13 01:12:30,support_raw.csv,2026-09-26T11:24:12.876716+00:00
T01844,U00136,Buffering,2026-07-13 22:52:36,support_raw.csv,2026-09-26T11:24:12.876716+00:00
T01845,U00772,Playback,2026-08-02 18:39:45,support_raw.csv,2026-09-26T11:24:12.876716+00:00
T01846,U00864,Account,2025-06-24 09:35:56,support_raw.csv,2026-09-26T11:24:12.876716+00:00
T01847,U00637,Playback,2026-07-21 20:37:37,support_raw.csv,2026-09-26T11:24:12.876716+00:00
T01848,U00763,Subscription,2026-01-16 23:44:16,support_raw.csv,2026-09-26T11:24:12.876716+00:00
T01849,U00637,Unknown,2025-12-07 15:46:59,support_raw.csv,2026-09-26T11:24:12.876716+00:00
T01850,U00122,Playback,2025-03-02 16:17:33,support_raw.csv,2026-09-26T11:24:12.876716+00:00
T01851,U00034,Buffering,2025-06-30 06:57:36,support_raw.csv,2026-09-26T11:24:12.876716+00:00
T01852,U00820,Unknown,2026-02-14 08:44:49,support_raw.csv,2026-09-26T11:24:12.876716+00:00
T01853,U00394,Unknown,2026-06-11 02:55:39,support_raw.csv,2026-09-26T11:24:12.876716+00:00
T01854,U00823,Login,2026-08-23 20:42:22,support_raw.csv,2026-09-26T11:24:12.876716+00:00
T01855,U00724,Payment,2026-06-29 07:51:37,support_raw.csv,2026-09-26T11:24:12.876716+00:00
T01856,U00870,PAYMENT,2025-12-07 05:21:03,support_raw.csv,2026-09-26T11:24:12.876716+00:00
T01857,U00803,Payment,2025-06-09 01:40:27,support_raw.csv,2026-09-26T11:24:12.876716+00:00
T01858,U00300,Account,2025-10-24 23:18:57,support_raw.csv,2026-09-26T11:24:12.876716+00:00
T01859,U00440,Login,2025-08-26 14:06:09,support_raw.csv,2026-09-26T11:24:12.876716+00:00
T01860,U00306,Subscription,2025-06-22 03:57:26,support_raw.csv,2026-09-26T11:24:12.876716+00:00
T01861,U00878,Technical,2026-09-16 15:56:31,support_raw.csv,2026-09-26T11:24:12.876716+00:00
T01863,U00485,Login,2025-12-13 10:20:34,support_raw.csv,2026-09-26T11:24:12.876716+00:00
T01864,U00171,Playback,2026-04-09 07:29:44,support_raw.csv,2026-09-26T11:24:12.876716+00:00
T01865,U00782,Playback,2026-04-25 06:13:02,support_raw.csv,2026-09-26T11:24:12.876716+00:00
T01866,U00296,Payment,2025-04-21 06:01:09,support_raw.csv,2026-09-26T11:24:12.876716+00:00
T01867,U00884,Payment,2026-03-30 02:55:38,support_raw.csv,2026-09-26T11:24:12.876716+00:00
T01868,U00548,Account,2025-02-02 06:21:13,support_raw.csv,2026-09-26T11:24:12.876716+00:00
T01869,U00962,PAYMENT,2025-10-01 19:11:00,support_raw.csv,2026-09-26T11:24:12.876716+00:00
T01870,U00456,Payment,2025-09-13 02:44:41,support_raw.csv,2026-09-26T11:24:12.876716+00:00
T01871,U00833,Subscription,2026-07-12 00:01:55,support_raw.csv,2026-09-26T11:24:12.876716+00:00
T01872,U00278,Account,2025-05-01 02:37:00,support_raw.csv,2026-09-26T11:24:12.876716+00:00
T01873,U00146,Account,2025-05-19 18:23:31,support_raw.csv,2026-09-26T11:24:12.876716+00:00
T01874,U00075,Account,2026-05-16 16:59:23,support_raw.csv,2026-09-26T11:24:12.876716+00:00
T01876,U00543,Technical,2025-04-27 02:39:39,support_raw.csv,2026-09-26T11:24:12.876716+00:00
T01877,U00144,Account,2025-06-19 05:19:40,support_raw.csv,2026-09-26T11:24:12.876716+00:00
T01878,U00117,Payment,2026-07-08 20:19:24,support_raw.csv,2026-09-26T11:24:12.876716+00:00
T01880,U00150,Technical,2026-04-12 09:37:14,support_raw.csv,2026-09-26T11:24:12.876716+00:00
T01881,U00062,PAYMENT,2026-05-12 07:26:24,support_raw.csv,2026-09-26T11:24:12.876716+00:00
T01883,U00194,Buffering,2026-02-17 22:59:27,support_raw.csv,2026-09-26T11:24:12.876716+00:00
T01884,U00105,Playback,2025-06-28 18:51:14,support_raw.csv,2026-09-26T11:24:12.876716+00:00
T01885,U00598,Payment,2026-09-03 05:04:35,support_raw.csv,2026-09-26T11:24:12.876716+00:00
T01886,U00319,Subscription,2025-11-10 20:32:52,support_raw.csv,2026-09-26T11:24:12.876716+00:00
T01887,U00071,Technical,2026-02-23 04:27:29,support_raw.csv,2026-09-26T11:24:12.876716+00:00
T01888,U00254,Login,2026-04-22 06:16:46,support_raw.csv,2026-09-26T11:24:12.876716+00:00
T01889,U00936,Playback,2026-01-02 21:09:06,support_raw.csv,2026-09-26T11:24:12.876716+00:00
T01890,U00336,Subscription,2026-07-07 21:28:04,support_raw.csv,2026-09-26T11:24:12.876716+00:00
T01891,U00806,Subscription,2026-01-29 23:23:01,support_raw.csv,2026-09-26T11:24:12.876716+00:00
T01892,U00686,Buffering,2025-09-19 07:14:35,support_raw.csv,2026-09-26T11:24:12.876716+00:00
T01893,U00078,Payment,2025-02-21 15:43:24,support_raw.csv,2026-09-26T11:24:12.876716+00:00
T01894,U00070,Payment,2026-08-19 06:02:19,support_raw.csv,2026-09-26T11:24:12.876716+00:00
T01895,U00593,Technical,2026-02-03 21:24:31,support_raw.csv,2026-09-26T11:24:12.876716+00:00
T01896,U00950,Playback,2025-01-15 05:44:57,support_raw.csv,2026-09-26T11:24:12.876716+00:00
T01897,U00298,Technical,2026-09-02 02:47:10,support_raw.csv,2026-09-26T11:24:12.876716+00:00
T01898,U00123,Login,2026-03-17 16:43:21,support_raw.csv,2026-09-26T11:24:12.876716+00:00
T01899,U00833,Technical,2026-01-01 18:42:53,support_raw.csv,2026-09-26T11:24:12.876716+00:00
T01900,U00990,Technical,2025-12-31 03:24:09,support_raw.csv,2026-09-26T11:24:12.876716+00:00
T01901,U00105,Subscription,2026-03-05 12:35:59,support_raw.csv,2026-09-26T11:24:12.876716+00:00
T01902,U00810,Login,2025-01-21 12:28:34,support_raw.csv,2026-09-26T11:24:12.876716+00:00
T01903,U00429,Technical,2025-08-31 13:04:32,support_raw.csv,2026-09-26T11:24:12.876716+00:00
T01904,U00153,Login,2025-04-19 17:10:40,support_raw.csv,2026-09-26T11:24:12.876716+00:00
T01905,U00023,Login,2025-04-08 12:19:55,support_raw.csv,2026-09-26T11:24:12.876716+00:00
T01906,U00257,Technical,2025-01-30 22:35:00,support_raw.csv,2026-09-26T11:24:12.876716+00:00
T01907,U00376,Playback,2025-01-23 12:31:21,support_raw.csv,2026-09-26T11:24:12.876716+00:00
T01908,U00393,unknown,2025-02-22 14:28:44,support_raw.csv,2026-09-26T11:24:12.876716+00:00
T01909,U00659,Buffering,2025-10-21 03:55:21,support_raw.csv,2026-09-26T11:24:12.876716+00:00
T01910,U00330,Subscription,2026-05-20 15:49:25,support_raw.csv,2026-09-26T11:24:12.876716+00:00
T01911,U00068,Payment,2026-01-02 10:30:02,support_raw.csv,2026-09-26T11:24:12.876716+00:00
T01912,U00053,Playback,2026-08-10 07:49:20,support_raw.csv,2026-09-26T11:24:12.876716+00:00
T01913,U00725,Account,2026-08-30 10:41:23,support_raw.csv,2026-09-26T11:24:12.876716+00:00
T01914,U00294,Login,2025-09-12 09:37:28,support_raw.csv,2026-09-26T11:24:12.876716+00:00
T01915,U00737,Buffering,2025-09-18 23:50:39,support_raw.csv,2026-09-26T11:24:12.876716+00:00
T01917,U00719,Account,2026-03-28 06:18:45,support_raw.csv,2026-09-26T11:24:12.876716+00:00
T01918,U00526,Buffering,2025-06-21 16:09:01,support_raw.csv,2026-09-26T11:24:12.876716+00:00
T01919,U00782,Account,2026-04-06 17:33:34,support_raw.csv,2026-09-26T11:24:12.876716+00:00
T01920,U00696,Payment,2025-05-19 06:50:59,support_raw.csv,2026-09-26T11:24:12.876716+00:00
T01921,U00276,PAYMENT,2025-11-06 22:33:05,support_raw.csv,2026-09-26T11:24:12.876716+00:00
T01922,U00605,Buffering,2026-03-04 14:32:42,support_raw.csv,2026-09-26T11:24:12.876716+00:00
T01923,U00279,Login,2025-09-02 22:34:19,support_raw.csv,2026-09-26T11:24:12.876716+00:00
T01924,U00028,Playback,2025-11-15 06:17:48,support_raw.csv,2026-09-26T11:24:12.876716+00:00
T01925,U00607,Playback,2025-08-23 19:42:10,support_raw.csv,2026-09-26T11:24:12.876716+00:00
T01926,U00714,unknown,2025-09-03 20:08:55,support_raw.csv,2026-09-26T11:24:12.876716+00:00
T01927,U00680,Technical,2025-12-26 14:27:44,support_raw.csv,2026-09-26T11:24:12.876716+00:00
T01928,U00211,Technical,2026-05-03 19:18:13,support_raw.csv,2026-09-26T11:24:12.876716+00:00
T01929,U00325,Buffering,2025-10-30 13:20:25,support_raw.csv,2026-09-26T11:24:12.876716+00:00
T01930,U00867,Subscription,2026-05-03 14:36:06,support_raw.csv,2026-09-26T11:24:12.876716+00:00
T01931,U00730,Login,2025-10-28 00:12:46,support_raw.csv,2026-09-26T11:24:12.876716+00:00
T01932,U00573,Unknown,2025-09-05 00:30:08,support_raw.csv,2026-09-26T11:24:12.876716+00:00
T01933,U00393,Subscription,2026-01-14 01:22:31,support_raw.csv,2026-09-26T11:24:12.876716+00:00
T01934,U00019,Account,2025-04-16 14:50:48,support_raw.csv,2026-09-26T11:24:12.876716+00:00
T01935,U00545,Account,2025-04-19 07:03:34,support_raw.csv,2026-09-26T11:24:12.876716+00:00
T01936,U00219,Login,2025-09-06 05:49:19,support_raw.csv,2026-09-26T11:24:12.876716+00:00
T01937,U00030,Playback,2025-12-06 14:10:41,support_raw.csv,2026-09-26T11:24:12.876716+00:00
T01938,U00213,Subscription,2026-07-22 07:51:21,support_raw.csv,2026-09-26T11:24:12.876716+00:00
T01939,U00754,Buffering,2025-02-05 10:53:54,support_raw.csv,2026-09-26T11:24:12.876716+00:00
T01940,U00810,Playback,2026-07-05 05:22:15,support_raw.csv,2026-09-26T11:24:12.876716+00:00
T01941,U00571,Account,2026-09-15 20:15:25,support_raw.csv,2026-09-26T11:24:12.876716+00:00
T01942,U00427,Playback,2025-11-30 01:37:30,support_raw.csv,2026-09-26T11:24:12.876716+00:00
T01943,U00798,Payment,2026-01-19 12:29:44,support_raw.csv,2026-09-26T11:24:12.876716+00:00
T01944,U00392,Subscription,2026-07-25 03:42:41,support_raw.csv,2026-09-26T11:24:12.876716+00:00
T01945,U00833,Login,2026-01-27 17:32:40,support_raw.csv,2026-09-26T11:24:12.876716+00:00
T01946,U00128,Playback,2025-05-06 21:06:25,support_raw.csv,2026-09-26T11:24:12.876716+00:00
T01947,U00723,Technical,2025-02-25 22:50:54,support_raw.csv,2026-09-26T11:24:12.876716+00:00
T01948,U00071,Playback,2025-01-11 09:25:43,support_raw.csv,2026-09-26T11:24:12.876716+00:00
T01949,U00512,Payment,2025-04-09 15:47:45,support_raw.csv,2026-09-26T11:24:12.876716+00:00
T01950,U00926,Playback,2026-07-14 15:52:45,support_raw.csv,2026-09-26T11:24:12.876716+00:00
T01951,U00664,Account,2025-12-09 04:21:02,support_raw.csv,2026-09-26T11:24:12.876716+00:00
T01952,U00867,Buffering,2025-08-27 21:13:25,support_raw.csv,2026-09-26T11:24:12.876716+00:00
T01953,U00348,Login,2025-08-11 01:04:54,support_raw.csv,2026-09-26T11:24:12.876716+00:00
T01954,U00369,Buffering,2025-04-11 20:38:53,support_raw.csv,2026-09-26T11:24:12.876716+00:00
T01955,U00646,Buffering,2025-10-22 10:30:16,support_raw.csv,2026-09-26T11:24:12.876716+00:00
T01956,U00329,PAYMENT,2026-08-26 04:22:32,support_raw.csv,2026-09-26T11:24:12.876716+00:00
T01957,U00050,Payment,2026-04-04 23:44:12,support_raw.csv,2026-09-26T11:24:12.876716+00:00
T01958,U00028,Payment,2025-06-17 15:50:03,support_raw.csv,2026-09-26T11:24:12.876716+00:00
T01959,U00830,Technical,2025-04-13 14:58:11,support_raw.csv,2026-09-26T11:24:12.876716+00:00
T01960,U00778,Subscription,2026-02-19 02:53:34,support_raw.csv,2026-09-26T11:24:12.876716+00:00
T01961,U00689,Playback,2025-12-23 11:10:22,support_raw.csv,2026-09-26T11:24:12.876716+00:00
T01962,U00857,Playback,2026-03-10 22:52:40,support_raw.csv,2026-09-26T11:24:12.876716+00:00
T01963,U00280,Account,2025-12-12 14:49:40,support_raw.csv,2026-09-26T11:24:12.876716+00:00
T01965,U00317,Playback,2025-01-05 09:18:42,support_raw.csv,2026-09-26T11:24:12.876716+00:00
T01966,U00728,Payment,2025-09-13 00:14:53,support_raw.csv,2026-09-26T11:24:12.876716+00:00
T01967,U00789,Buffering,2025-05-23 03:11:51,support_raw.csv,2026-09-26T11:24:12.876716+00:00
T01968,U00636,Playback,2026-02-28 21:25:51,support_raw.csv,2026-09-26T11:24:12.876716+00:00
T01969,U00902,Account,2026-07-03 11:27:32,support_raw.csv,2026-09-26T11:24:12.876716+00:00
T01970,U00462,Buffering,2026-01-08 08:08:12,support_raw.csv,2026-09-26T11:24:12.876716+00:00
T01971,U00274,Technical,2025-09-18 07:49:42,support_raw.csv,2026-09-26T11:24:12.876716+00:00
T01972,U00501,Login,2026-09-09 18:21:21,support_raw.csv,2026-09-26T11:24:12.876716+00:00
T01974,U00212,PAYMENT,2025-01-30 07:05:28,support_raw.csv,2026-09-26T11:24:12.876716+00:00
T01975,U00121,Account,2025-05-05 23:29:08,support_raw.csv,2026-09-26T11:24:12.876716+00:00
T01976,U00567,Playback,2026-05-18 03:06:18,support_raw.csv,2026-09-26T11:24:12.876716+00:00
T01977,U00651,Technical,2026-03-22 07:25:58,support_raw.csv,2026-09-26T11:24:12.876716+00:00
T01978,U00326,Account,2025-11-15 06:12:06,support_raw.csv,2026-09-26T11:24:12.876716+00:00
T01980,U00384,Account,2026-02-01 04:55:16,support_raw.csv,2026-09-26T11:24:12.876716+00:00
T01981,U00259,Subscription,2025-05-13 16:43:47,support_raw.csv,2026-09-26T11:24:12.876716+00:00
T01982,U00948,Payment,2025-01-29 20:06:14,support_raw.csv,2026-09-26T11:24:12.876716+00:00
T01983,U00006,Account,2026-08-09 13:48:01,support_raw.csv,2026-09-26T11:24:12.876716+00:00
T01984,U00895,Technical,2026-03-06 00:30:03,support_raw.csv,2026-09-26T11:24:12.876716+00:00
T01985,U00395,Technical,2026-07-19 11:19:11,support_raw.csv,2026-09-26T11:24:12.876716+00:00
T01986,U00496,Technical,2025-11-16 19:52:56,support_raw.csv,2026-09-26T11:24:12.876716+00:00
T01987,U00860,Account,2026-06-17 02:22:45,support_raw.csv,2026-09-26T11:24:12.876716+00:00
T01989,U00125,Login,2025-04-29 18:39:56,support_raw.csv,2026-09-26T11:24:12.876716+00:00
T01990,U00488,Buffering,2025-08-04 05:10:48,support_raw.csv,2026-09-26T11:24:12.876716+00:00
T01991,U00312,Login,2026-09-15 23:42:06,support_raw.csv,2026-09-26T11:24:12.876716+00:00
T01992,U00395,Unknown,2026-08-26 00:01:38,support_raw.csv,2026-09-26T11:24:12.876716+00:00
T01993,U00032,Payment,2025-07-12 22:50:58,support_raw.csv,2026-09-26T11:24:12.876716+00:00
T01994,U00790,Payment,2026-01-12 16:11:45,support_raw.csv,2026-09-26T11:24:12.876716+00:00
T01995,U00354,Login,2025-08-09 06:19:31,support_raw.csv,2026-09-26T11:24:12.876716+00:00
T01996,U00339,Payment,2026-07-18 20:17:52,support_raw.csv,2026-09-26T11:24:12.876716+00:00
T01997,U00668,Buffering,2025-03-12 23:31:55,support_raw.csv,2026-09-26T11:24:12.876716+00:00
T01998,U00912,Buffering,2026-09-07 03:46:34,support_raw.csv,2026-09-26T11:24:12.876716+00:00
T01999,U00251,Subscription,2026-08-16 21:20:45,support_raw.csv,2026-09-26T11:24:12.876716+00:00
T02000,U00082,Playback,2025-08-12 23:24:10,support_raw.csv,2026-09-26T11:24:12.876716+00:00
T02001,U00192,Subscription,2026-02-12 02:50:19,support_raw.csv,2026-09-26T11:24:12.876716+00:00
T02002,U00259,Login,2025-04-27 06:45:34,support_raw.csv,2026-09-26T11:24:12.876716+00:00
T02003,U00475,Account,2025-11-14 07:25:02,support_raw.csv,2026-09-26T11:24:12.876716+00:00
T02004,U00562,Login,2025-04-24 06:30:47,support_raw.csv,2026-09-26T11:24:12.876716+00:00
T02005,U00793,Subscription,2026-08-25 11:55:36,support_raw.csv,2026-09-26T11:24:12.876716+00:00
T02006,U00880,Buffering,2025-07-18 13:10:41,support_raw.csv,2026-09-26T11:24:12.876716+00:00
T02007,U00578,Login,2026-08-30 00:22:33,support_raw.csv,2026-09-26T11:24:12.876716+00:00
T02008,U00404,Subscription,2025-01-14 05:10:18,support_raw.csv,2026-09-26T11:24:12.876716+00:00
T02009,U00251,Unknown,2026-06-27 06:49:05,support_raw.csv,2026-09-26T11:24:12.876716+00:00
T02010,U00506,Playback,2025-04-18 07:49:23,support_raw.csv,2026-09-26T11:24:12.876716+00:00
T02011,U00888,Payment,2026-06-06 03:14:46,support_raw.csv,2026-09-26T11:24:12.876716+00:00
T02012,U00719,Playback,2025-05-05 04:25:55,support_raw.csv,2026-09-26T11:24:12.876716+00:00
T02013,U00481,Subscription,2026-09-05 15:14:54,support_raw.csv,2026-09-26T11:24:12.876716+00:00
T02014,U00470,Technical,2025-07-06 12:34:31,support_raw.csv,2026-09-26T11:24:12.876716+00:00
T02015,U00219,Subscription,2026-03-16 21:10:57,support_raw.csv,2026-09-26T11:24:12.876716+00:00
T02016,U00148,Payment,2025-07-12 15:54:14,support_raw.csv,2026-09-26T11:24:12.876716+00:00
T02017,U00822,Payment,2025-09-11 14:07:52,support_raw.csv,2026-09-26T11:24:12.876716+00:00
T02018,U00084,Buffering,2025-05-08 11:58:57,support_raw.csv,2026-09-26T11:24:12.876716+00:00
T02019,U00547,Playback,2026-08-22 17:54:50,support_raw.csv,2026-09-26T11:24:12.876716+00:00
T02020,U00261,Buffering,2025-10-16 03:59:24,support_raw.csv,2026-09-26T11:24:12.876716+00:00
T02022,U00684,Technical,2025-09-29 12:22:34,support_raw.csv,2026-09-26T11:24:12.876716+00:00
T02023,U00170,Login,2026-02-10 14:13:30,support_raw.csv,2026-09-26T11:24:12.876716+00:00
T02024,U00790,Account,2025-04-20 08:26:38,support_raw.csv,2026-09-26T11:24:12.876716+00:00
T02025,U00810,Unknown,2025-12-27 07:09:35,support_raw.csv,2026-09-26T11:24:12.876716+00:00
T02026,U00182,Login,2026-05-13 00:47:42,support_raw.csv,2026-09-26T11:24:12.876716+00:00
T02027,U00062,Subscription,2025-04-09 07:49:54,support_raw.csv,2026-09-26T11:24:12.876716+00:00
T02028,U00213,Login,2026-04-24 19:52:52,support_raw.csv,2026-09-26T11:24:12.876716+00:00
T02029,U00628,Playback,2026-04-27 23:01:21,support_raw.csv,2026-09-26T11:24:12.876716+00:00
T02030,U00299,Account,2026-09-10 23:20:47,support_raw.csv,2026-09-26T11:24:12.876716+00:00
T02032,U00001,Account,2026-05-03 20:04:16,support_raw.csv,2026-09-26T11:24:12.876716+00:00
T02033,U00243,Login,2025-01-10 16:53:10,support_raw.csv,2026-09-26T11:24:12.876716+00:00
T02034,U00677,unknown,2025-05-19 20:56:59,support_raw.csv,2026-09-26T11:24:12.876716+00:00
T02035,U00871,Technical,2026-07-10 20:09:35,support_raw.csv,2026-09-26T11:24:12.876716+00:00
T02036,U00730,Account,2025-02-06 13:51:41,support_raw.csv,2026-09-26T11:24:12.876716+00:00
T02037,U00760,Unknown,2026-03-29 10:13:49,support_raw.csv,2026-09-26T11:24:12.876716+00:00
T02038,U00778,Technical,2026-03-15 02:51:30,support_raw.csv,2026-09-26T11:24:12.876716+00:00
T02039,U00968,Subscription,2026-04-08 12:28:07,support_raw.csv,2026-09-26T11:24:12.876716+00:00
T02040,U00271,Account,2026-04-22 20:26:06,support_raw.csv,2026-09-26T11:24:12.876716+00:00
T02041,U00041,Login,2025-01-17 09:13:16,support_raw.csv,2026-09-26T11:24:12.876716+00:00
T02042,U00507,Playback,2026-04-15 09:13:20,support_raw.csv,2026-09-26T11:24:12.876716+00:00
T02043,U00207,Technical,2025-01-07 14:16:04,support_raw.csv,2026-09-26T11:24:12.876716+00:00
T02044,U00583,Unknown,2025-07-04 22:43:29,support_raw.csv,2026-09-26T11:24:12.876716+00:00
T02045,U00317,Playback,2025-07-09 23:54:54,support_raw.csv,2026-09-26T11:24:12.876716+00:00
T02046,U00859,Payment,2025-12-04 12:38:51,support_raw.csv,2026-09-26T11:24:12.876716+00:00
T02047,U00199,Payment,2025-07-06 07:09:23,support_raw.csv,2026-09-26T11:24:12.876716+00:00
T02049,U00740,Account,2025-03-23 07:40:32,support_raw.csv,2026-09-26T11:24:12.876716+00:00
T02050,U00123,Subscription,2025-01-25 18:13:23,support_raw.csv,2026-09-26T11:24:12.876716+00:00
T02051,U00566,Login,2025-06-14 21:55:35,support_raw.csv,2026-09-26T11:24:12.876716+00:00
T02052,U00774,Technical,2025-05-02 07:55:55,support_raw.csv,2026-09-26T11:24:12.876716+00:00
T02053,U00530,Login,2025-09-18 13:48:06,support_raw.csv,2026-09-26T11:24:12.876716+00:00
T02054,U00459,Buffering,2025-03-27 11:43:17,support_raw.csv,2026-09-26T11:24:12.876716+00:00
T02055,U00554,Subscription,2025-03-28 18:28:06,support_raw.csv,2026-09-26T11:24:12.876716+00:00
T02056,U00058,Technical,2026-03-30 20:42:13,support_raw.csv,2026-09-26T11:24:12.876716+00:00
T02057,U00854,Subscription,2026-07-30 22:26:59,support_raw.csv,2026-09-26T11:24:12.876716+00:00
T02058,U00786,Payment,2025-08-11 14:05:04,support_raw.csv,2026-09-26T11:24:12.876716+00:00
T02059,U00178,Technical,2026-02-14 18:26:32,support_raw.csv,2026-09-26T11:24:12.876716+00:00
T02061,U00432,Technical,2025-03-09 04:41:32,support_raw.csv,2026-09-26T11:24:12.876716+00:00
T02062,U00192,Buffering,2025-10-28 06:52:25,support_raw.csv,2026-09-26T11:24:12.876716+00:00
T02064,U00667,Account,2026-08-18 08:07:47,support_raw.csv,2026-09-26T11:24:12.876716+00:00
T02065,U00488,Payment,2025-05-22 04:45:25,support_raw.csv,2026-09-26T11:24:12.876716+00:00
T02066,U00877,Subscription,2025-12-21 18:37:01,support_raw.csv,2026-09-26T11:24:12.876716+00:00
T02067,U00440,Account,2025-11-09 12:43:21,support_raw.csv,2026-09-26T11:24:12.876716+00:00
T02068,U00713,Payment,2025-06-01 19:53:49,support_raw.csv,2026-09-26T11:24:12.876716+00:00
T02069,U00834,Buffering,2025-12-12 02:31:45,support_raw.csv,2026-09-26T11:24:12.876716+00:00
T02070,U00870,Account,2025-09-22 18:16:36,support_raw.csv,2026-09-26T11:24:12.876716+00:00
T02071,U00740,Payment,2025-08-12 14:23:12,support_raw.csv,2026-09-26T11:24:12.876716+00:00
T02072,U00042,Subscription,2025-10-29 15:46:05,support_raw.csv,2026-09-26T11:24:12.876716+00:00
T02073,U00936,Buffering,2026-03-04 18:36:13,support_raw.csv,2026-09-26T11:24:12.876716+00:00
T02074,U00125,Subscription,2025-07-17 18:02:41,support_raw.csv,2026-09-26T11:24:12.876716+00:00
T02075,U00576,PAYMENT,2025-08-08 09:40:08,support_raw.csv,2026-09-26T11:24:12.876716+00:00
T02076,U00540,Login,2026-01-21 20:30:38,support_raw.csv,2026-09-26T11:24:12.876716+00:00
T02077,U00244,Login,2025-10-13 12:28:49,support_raw.csv,2026-09-26T11:24:12.876716+00:00
T02078,U00556,Playback,2026-08-19 04:03:58,support_raw.csv,2026-09-26T11:24:12.876716+00:00
T02079,U00132,Playback,2025-05-08 11:34:57,support_raw.csv,2026-09-26T11:24:12.876716+00:00
T02080,U00036,Account,2026-01-08 20:52:44,support_raw.csv,2026-09-26T11:24:12.876716+00:00
T02081,U00699,Playback,2026-06-21 06:21:15,support_raw.csv,2026-09-26T11:24:12.876716+00:00
T02082,U00976,Account,2025-05-27 23:30:40,support_raw.csv,2026-09-26T11:24:12.876716+00:00
T02083,U00686,Account,2026-07-24 01:19:45,support_raw.csv,2026-09-26T11:24:12.876716+00:00
T02084,U00097,Login,2025-04-23 15:20:49,support_raw.csv,2026-09-26T11:24:12.876716+00:00
T02085,U00710,Technical,2026-08-19 11:39:22,support_raw.csv,2026-09-26T11:24:12.876716+00:00
T02086,U00840,Account,2025-02-19 17:38:36,support_raw.csv,2026-09-26T11:24:12.876716+00:00
T02087,U00140,Login,2026-09-06 15:52:55,support_raw.csv,2026-09-26T11:24:12.876716+00:00
T02088,U00963,Payment,2026-05-16 04:29:21,support_raw.csv,2026-09-26T11:24:12.876716+00:00
T02089,U00862,Subscription,2026-04-30 14:54:23,support_raw.csv,2026-09-26T11:24:12.876716+00:00
T02090,U00375,Login,2026-05-04 21:18:26,support_raw.csv,2026-09-26T11:24:12.876716+00:00
T02091,U00302,Subscription,2026-01-20 07:59:03,support_raw.csv,2026-09-26T11:24:12.876716+00:00
T02092,U00166,Buffering,2026-04-29 12:04:05,support_raw.csv,2026-09-26T11:24:12.876716+00:00
T02093,U00710,PAYMENT,2025-01-14 05:52:14,support_raw.csv,2026-09-26T11:24:12.876716+00:00
T02094,U00595,Unknown,2026-04-15 16:46:54,support_raw.csv,2026-09-26T11:24:12.876716+00:00
T02095,U00993,Subscription,2025-10-04 15:55:45,support_raw.csv,2026-09-26T11:24:12.876716+00:00
T02096,U00888,Subscription,2026-01-08 06:36:18,support_raw.csv,2026-09-26T11:24:12.876716+00:00
T02098,U00701,Account,2025-10-04 12:58:00,support_raw.csv,2026-09-26T11:24:12.876716+00:00
T02100,U00314,Buffering,2025-11-05 08:23:44,support_raw.csv,2026-09-26T11:24:12.876716+00:00
T02102,U00412,Payment,2025-08-12 17:25:02,support_raw.csv,2026-09-26T11:24:12.876716+00:00
T02103,U00275,Account,2025-07-02 02:32:33,support_raw.csv,2026-09-26T11:24:12.876716+00:00
T02104,U00334,Account,2025-01-19 16:52:23,support_raw.csv,2026-09-26T11:24:12.876716+00:00
T02105,U00750,Playback,2026-06-18 18:28:25,support_raw.csv,2026-09-26T11:24:12.876716+00:00
T02106,U00977,PAYMENT,2026-07-17 07:16:01,support_raw.csv,2026-09-26T11:24:12.876716+00:00
T02107,U00283,Playback,2025-08-27 16:13:34,support_raw.csv,2026-09-26T11:24:12.876716+00:00
T02108,U00549,Technical,2025-02-10 17:16:35,support_raw.csv,2026-09-26T11:24:12.876716+00:00
T02109,U00146,Payment,2025-06-20 19:50:41,support_raw.csv,2026-09-26T11:24:12.876716+00:00
T02110,U00992,Account,2025-10-22 17:23:53,support_raw.csv,2026-09-26T11:24:12.876716+00:00
T02111,U00617,Technical,2025-08-01 12:28:56,support_raw.csv,2026-09-26T11:24:12.876716+00:00
T02112,U00095,Payment,2026-08-30 20:09:07,support_raw.csv,2026-09-26T11:24:12.876716+00:00
T02113,U00053,Login,2025-09-19 10:18:13,support_raw.csv,2026-09-26T11:24:12.876716+00:00
T02114,U00775,Technical,2026-05-23 09:47:13,support_raw.csv,2026-09-26T11:24:12.876716+00:00
T02115,U00450,Unknown,2026-09-15 11:47:59,support_raw.csv,2026-09-26T11:24:12.876716+00:00
T02116,U00509,Subscription,2025-12-17 06:57:44,support_raw.csv,2026-09-26T11:24:12.876716+00:00
T02117,U00951,Subscription,2025-03-05 00:57:36,support_raw.csv,2026-09-26T11:24:12.876716+00:00
T02118,U00793,Technical,2025-08-21 10:10:36,support_raw.csv,2026-09-26T11:24:12.876716+00:00
T02119,U00599,Technical,2026-04-04 17:09:31,support_raw.csv,2026-09-26T11:24:12.876716+00:00
T02120,U00464,Login,2025-10-22 03:11:22,support_raw.csv,2026-09-26T11:24:12.876716+00:00
T02121,U00780,Playback,2025-02-27 08:53:14,support_raw.csv,2026-09-26T11:24:12.876716+00:00
T02122,U00425,Payment,2025-02-20 01:17:51,support_raw.csv,2026-09-26T11:24:12.876716+00:00
T02123,U00709,Buffering,2026-06-27 08:32:30,support_raw.csv,2026-09-26T11:24:12.876716+00:00
T02124,U00756,Login,2025-08-31 18:31:11,support_raw.csv,2026-09-26T11:24:12.876716+00:00
T02125,U00686,Playback,2025-10-06 20:43:48,support_raw.csv,2026-09-26T11:24:12.876716+00:00
T02126,U00978,Buffering,2025-07-03 10:21:02,support_raw.csv,2026-09-26T11:24:12.876716+00:00
T02127,U00053,Account,2025-08-24 12:23:06,support_raw.csv,2026-09-26T11:24:12.876716+00:00
T02128,U00393,Buffering,2026-03-13 17:11:04,support_raw.csv,2026-09-26T11:24:12.876716+00:00
T02129,U00064,Login,2025-08-12 11:53:51,support_raw.csv,2026-09-26T11:24:12.876716+00:00
T02130,U00033,Technical,2025-02-09 09:22:14,support_raw.csv,2026-09-26T11:24:12.876716+00:00
T02131,U00275,Payment,2025-07-16 11:15:33,support_raw.csv,2026-09-26T11:24:12.876716+00:00
T02132,U00563,Technical,2025-03-24 02:09:14,support_raw.csv,2026-09-26T11:24:12.876716+00:00
T02133,U00844,Technical,2025-04-30 02:20:13,support_raw.csv,2026-09-26T11:24:12.876716+00:00
T02134,U00056,Buffering,2025-01-16 16:51:08,support_raw.csv,2026-09-26T11:24:12.876716+00:00
T02135,U00862,Buffering,2026-01-05 01:47:17,support_raw.csv,2026-09-26T11:24:12.876716+00:00
T02136,U00648,Account,2025-11-11 04:36:21,support_raw.csv,2026-09-26T11:24:12.876716+00:00
T02137,U00362,Playback,2025-01-28 05:37:05,support_raw.csv,2026-09-26T11:24:12.876716+00:00
T02138,U00974,Payment,2025-08-19 16:00:05,support_raw.csv,2026-09-26T11:24:12.876716+00:00
T02139,U00963,Playback,2025-09-10 17:00:11,support_raw.csv,2026-09-26T11:24:12.876716+00:00
T02140,U00201,Subscription,2025-10-12 10:24:52,support_raw.csv,2026-09-26T11:24:12.876716+00:00
T02141,U00361,Technical,2025-03-05 14:02:53,support_raw.csv,2026-09-26T11:24:12.876716+00:00
T02142,U00790,Subscription,2025-11-13 22:37:29,support_raw.csv,2026-09-26T11:24:12.876716+00:00
T02143,U00325,Playback,2025-11-07 09:44:19,support_raw.csv,2026-09-26T11:24:12.876716+00:00
T02144,U00151,Playback,2025-03-17 15:28:55,support_raw.csv,2026-09-26T11:24:12.876716+00:00
T02145,U00992,Playback,2025-09-30 16:53:54,support_raw.csv,2026-09-26T11:24:12.876716+00:00
T02147,U00459,Subscription,2025-11-20 07:51:10,support_raw.csv,2026-09-26T11:24:12.876716+00:00
T02148,U00161,Subscription,2026-01-31 22:09:45,support_raw.csv,2026-09-26T11:24:12.876716+00:00
T02149,U00355,Technical,2025-07-23 16:29:54,support_raw.csv,2026-09-26T11:24:12.876716+00:00
T02150,U00019,Playback,2026-01-26 07:57:12,support_raw.csv,2026-09-26T11:24:12.876716+00:00
T02151,U00752,Playback,2026-08-30 22:04:04,support_raw.csv,2026-09-26T11:24:12.876716+00:00
T02152,U00567,Technical,2026-04-05 00:39:50,support_raw.csv,2026-09-26T11:24:12.876716+00:00
T02153,U00931,Technical,2026-03-10 20:48:56,support_raw.csv,2026-09-26T11:24:12.876716+00:00
T02154,U00066,Playback,2025-05-10 14:36:42,support_raw.csv,2026-09-26T11:24:12.876716+00:00
T02155,U00641,Login,2025-08-17 16:27:05,support_raw.csv,2026-09-26T11:24:12.876716+00:00
T02156,U00436,Technical,2025-09-04 01:12:55,support_raw.csv,2026-09-26T11:24:12.876716+00:00
T02157,U00128,Login,2026-09-03 11:58:16,support_raw.csv,2026-09-26T11:24:12.876716+00:00
T02158,U00985,Technical,2026-03-08 13:18:02,support_raw.csv,2026-09-26T11:24:12.876716+00:00
T02159,U00039,Technical,2026-01-13 15:53:54,support_raw.csv,2026-09-26T11:24:12.876716+00:00
T02160,U00475,Buffering,2025-04-13 12:18:41,support_raw.csv,2026-09-26T11:24:12.876716+00:00
T02161,U00357,Login,2026-08-12 06:58:41,support_raw.csv,2026-09-26T11:24:12.876716+00:00
T02162,U00864,Buffering,2026-05-13 08:03:55,support_raw.csv,2026-09-26T11:24:12.876716+00:00
T02163,U00889,Technical,2026-06-24 06:54:12,support_raw.csv,2026-09-26T11:24:12.876716+00:00
T02164,U00839,Playback,2025-09-22 23:06:49,support_raw.csv,2026-09-26T11:24:12.876716+00:00
T02165,U00862,Account,2026-09-19 01:40:27,support_raw.csv,2026-09-26T11:24:12.876716+00:00
T02166,U00556,Subscription,2026-05-13 09:51:37,support_raw.csv,2026-09-26T11:24:12.876716+00:00
T02167,U00950,Technical,2025-07-11 20:40:22,support_raw.csv,2026-09-26T11:24:12.876716+00:00
T02168,U00366,Buffering,2026-04-30 22:15:55,support_raw.csv,2026-09-26T11:24:12.876716+00:00
T02169,U00070,Unknown,2025-07-25 19:07:35,support_raw.csv,2026-09-26T11:24:12.876716+00:00
T02170,U00666,Technical,2025-11-03 11:04:37,support_raw.csv,2026-09-26T11:24:12.876716+00:00
T02171,U00013,Login,2025-02-15 06:53:28,support_raw.csv,2026-09-26T11:24:12.876716+00:00
T02173,U00507,Login,2025-06-02 22:12:12,support_raw.csv,2026-09-26T11:24:12.876716+00:00
T02174,U00022,Account,2026-06-28 03:53:37,support_raw.csv,2026-09-26T11:24:12.876716+00:00
T02175,U00227,Technical,2026-07-10 03:26:52,support_raw.csv,2026-09-26T11:24:12.876716+00:00
T02176,U00484,Playback,2026-07-21 01:06:24,support_raw.csv,2026-09-26T11:24:12.876716+00:00
T02177,U00708,Login,2026-09-15 11:12:28,support_raw.csv,2026-09-26T11:24:12.876716+00:00
T02178,U00266,Login,2026-06-08 21:53:11,support_raw.csv,2026-09-26T11:24:12.876716+00:00
T02179,U00411,Technical,2025-05-19 09:03:24,support_raw.csv,2026-09-26T11:24:12.876716+00:00
T02180,U00065,Login,2025-05-12 08:21:41,support_raw.csv,2026-09-26T11:24:12.876716+00:00
T02181,U00443,Playback,2025-02-13 04:21:26,support_raw.csv,2026-09-26T11:24:12.876716+00:00
T02182,U00624,Login,2025-09-19 11:54:23,support_raw.csv,2026-09-26T11:24:12.876716+00:00
T02183,U00477,Playback,2026-05-07 20:51:28,support_raw.csv,2026-09-26T11:24:12.876716+00:00
T02184,U00386,Login,2025-12-18 10:08:07,support_raw.csv,2026-09-26T11:24:12.876716+00:00
T02185,U00996,Login,2026-04-08 12:14:36,support_raw.csv,2026-09-26T11:24:12.876716+00:00
T02187,U00934,Subscription,2026-01-15 11:22:18,support_raw.csv,2026-09-26T11:24:12.876716+00:00
T02188,U00111,Technical,2026-01-23 17:36:23,support_raw.csv,2026-09-26T11:24:12.876716+00:00
T02189,U00160,Playback,2025-05-25 17:53:08,support_raw.csv,2026-09-26T11:24:12.876716+00:00
T02191,U00850,Login,2026-03-26 10:54:21,support_raw.csv,2026-09-26T11:24:12.876716+00:00
T02192,U00160,Technical,2025-09-23 23:45:05,support_raw.csv,2026-09-26T11:24:12.876716+00:00
T02193,U00452,Account,2025-07-18 15:41:40,support_raw.csv,2026-09-26T11:24:12.876716+00:00
T02194,U00706,Unknown,2025-10-22 04:55:27,support_raw.csv,2026-09-26T11:24:12.876716+00:00
T02195,U00990,Login,2026-03-05 22:31:54,support_raw.csv,2026-09-26T11:24:12.876716+00:00
T02197,U00209,Buffering,2025-04-05 16:35:23,support_raw.csv,2026-09-26T11:24:12.876716+00:00
T02198,U00557,Payment,2025-12-28 19:38:54,support_raw.csv,2026-09-26T11:24:12.876716+00:00
T02199,U00207,Playback,2025-03-28 21:29:16,support_raw.csv,2026-09-26T11:24:12.876716+00:00
T02200,U00763,Unknown,2026-07-07 09:11:38,support_raw.csv,2026-09-26T11:24:12.876716+00:00
T02201,U00784,Payment,2025-12-13 03:51:24,support_raw.csv,2026-09-26T11:24:12.876716+00:00
T02202,U00919,Account,2025-10-12 12:01:04,support_raw.csv,2026-09-26T11:24:12.876716+00:00
T02203,U00131,Login,2026-05-02 05:40:23,support_raw.csv,2026-09-26T11:24:12.876716+00:00
T02204,U00474,Technical,2025-01-21 16:51:15,support_raw.csv,2026-09-26T11:24:12.876716+00:00
T02205,U00061,Technical,2026-04-16 04:46:06,support_raw.csv,2026-09-26T11:24:12.876716+00:00
T02206,U00419,Technical,2026-07-26 12:17:20,support_raw.csv,2026-09-26T11:24:12.876716+00:00
T02207,U00642,Payment,2026-02-01 04:38:40,support_raw.csv,2026-09-26T11:24:12.876716+00:00
T02208,U00480,Playback,2025-10-03 06:15:26,support_raw.csv,2026-09-26T11:24:12.876716+00:00
T02209,U00509,Login,2026-07-19 03:14:21,support_raw.csv,2026-09-26T11:24:12.876716+00:00
T02210,U00056,Buffering,2025-12-31 00:41:43,support_raw.csv,2026-09-26T11:24:12.876716+00:00
T02211,U00264,Subscription,2026-06-11 08:01:36,support_raw.csv,2026-09-26T11:24:12.876716+00:00
T02212,U00309,Payment,2026-07-29 07:08:14,support_raw.csv,2026-09-26T11:24:12.876716+00:00
T02213,U00231,Subscription,2026-01-12 04:42:04,support_raw.csv,2026-09-26T11:24:12.876716+00:00
T02214,U00585,Subscription,2025-12-15 15:53:06,support_raw.csv,2026-09-26T11:24:12.876716+00:00
T02215,U00430,Subscription,2026-01-06 18:04:51,support_raw.csv,2026-09-26T11:24:12.876716+00:00
T02216,U00157,Subscription,2025-06-23 17:53:09,support_raw.csv,2026-09-26T11:24:12.876716+00:00
T02217,U00188,Subscription,2025-10-23 00:23:57,support_raw.csv,2026-09-26T11:24:12.876716+00:00
T02219,U00017,Unknown,2025-05-12 12:08:01,support_raw.csv,2026-09-26T11:24:12.876716+00:00
T02220,U00880,Subscription,2026-01-16 13:21:36,support_raw.csv,2026-09-26T11:24:12.876716+00:00
T02221,U00965,Payment,2025-08-10 11:30:05,support_raw.csv,2026-09-26T11:24:12.876716+00:00
T02222,U00456,Playback,2026-02-23 01:39:07,support_raw.csv,2026-09-26T11:24:12.876716+00:00
T02223,U00273,Login,2025-05-11 02:35:51,support_raw.csv,2026-09-26T11:24:12.876716+00:00
T02224,U00954,Subscription,2025-05-24 03:05:14,support_raw.csv,2026-09-26T11:24:12.876716+00:00
T02225,U00155,Subscription,2025-11-28 03:15:43,support_raw.csv,2026-09-26T11:24:12.876716+00:00
T02226,U00092,Subscription,2026-05-20 11:19:47,support_raw.csv,2026-09-26T11:24:12.876716+00:00
T02227,U00086,Login,2025-11-01 13:31:22,support_raw.csv,2026-09-26T11:24:12.876716+00:00
T02228,U00328,Technical,2025-10-21 23:28:52,support_raw.csv,2026-09-26T11:24:12.876716+00:00
T02229,U00484,Buffering,2025-08-23 21:17:43,support_raw.csv,2026-09-26T11:24:12.876716+00:00
T02230,U00563,Technical,2025-07-27 03:33:28,support_raw.csv,2026-09-26T11:24:12.876716+00:00
T02231,U00361,Login,2025-02-05 21:58:40,support_raw.csv,2026-09-26T11:24:12.876716+00:00
T02232,U00454,Unknown,2025-06-26 23:37:37,support_raw.csv,2026-09-26T11:24:12.876716+00:00
T02233,U00353,Subscription,2025-11-25 09:19:45,support_raw.csv,2026-09-26T11:24:12.876716+00:00
T02234,U00561,Login,2026-09-10 07:22:19,support_raw.csv,2026-09-26T11:24:12.876716+00:00
T02235,U00662,Buffering,2025-12-22 17:08:09,support_raw.csv,2026-09-26T11:24:12.876716+00:00
T02236,U00264,Technical,2026-02-12 09:35:05,support_raw.csv,2026-09-26T11:24:12.876716+00:00
T02237,U00945,Account,2025-02-26 15:54:04,support_raw.csv,2026-09-26T11:24:12.876716+00:00
T02238,U00073,Login,2025-04-17 19:17:09,support_raw.csv,2026-09-26T11:24:12.876716+00:00
T02239,U00255,Subscription,2026-03-10 09:13:37,support_raw.csv,2026-09-26T11:24:12.876716+00:00
T02240,U00019,Technical,2026-07-11 20:31:22,support_raw.csv,2026-09-26T11:24:12.876716+00:00
T02241,U00557,Subscription,2026-03-09 21:25:59,support_raw.csv,2026-09-26T11:24:12.876716+00:00
T02245,U00093,Buffering,2025-09-16 03:55:04,support_raw.csv,2026-09-26T11:24:12.876716+00:00
T02246,U00452,Playback,2026-05-30 07:53:21,support_raw.csv,2026-09-26T11:24:12.876716+00:00
T02247,U00706,Buffering,2025-06-21 07:36:52,support_raw.csv,2026-09-26T11:24:12.876716+00:00
T02248,U00838,Playback,2025-11-24 15:06:55,support_raw.csv,2026-09-26T11:24:12.876716+00:00
T02249,U00137,Playback,2025-03-13 20:14:49,support_raw.csv,2026-09-26T11:24:12.876716+00:00
T02250,U00652,Account,2026-06-01 03:05:40,support_raw.csv,2026-09-26T11:24:12.876716+00:00
T02251,U00045,Login,2026-06-30 05:47:49,support_raw.csv,2026-09-26T11:24:12.876716+00:00
T02252,U00358,Payment,2026-09-19 23:25:21,support_raw.csv,2026-09-26T11:24:12.876716+00:00
T02253,U00113,Login,2026-05-26 16:31:26,support_raw.csv,2026-09-26T11:24:12.876716+00:00
T02254,U00819,Playback,2026-09-16 15:26:02,support_raw.csv,2026-09-26T11:24:12.876716+00:00
T02256,U00405,Buffering,2026-01-06 14:21:22,support_raw.csv,2026-09-26T11:24:12.876716+00:00
T02257,U00949,Technical,2026-06-25 14:43:11,support_raw.csv,2026-09-26T11:24:12.876716+00:00
T02258,U00990,Playback,2025-09-17 20:14:49,support_raw.csv,2026-09-26T11:24:12.876716+00:00
T02259,U00558,Buffering,2025-04-09 16:16:58,support_raw.csv,2026-09-26T11:24:12.876716+00:00
T02260,U00472,Playback,2025-05-13 15:19:16,support_raw.csv,2026-09-26T11:24:12.876716+00:00
T02261,U00629,Playback,2025-10-08 21:19:08,support_raw.csv,2026-09-26T11:24:12.876716+00:00
T02262,U00966,Subscription,2025-05-19 10:25:37,support_raw.csv,2026-09-26T11:24:12.876716+00:00
T02263,U00789,Technical,2026-07-13 21:17:01,support_raw.csv,2026-09-26T11:24:12.876716+00:00
T02264,U00614,Payment,2025-12-31 06:01:41,support_raw.csv,2026-09-26T11:24:12.876716+00:00
T02265,U00360,Buffering,2026-02-10 04:20:08,support_raw.csv,2026-09-26T11:24:12.876716+00:00
T02266,U00764,Technical,2025-05-10 08:42:21,support_raw.csv,2026-09-26T11:24:12.876716+00:00
T02267,U00752,Login,2025-04-25 15:00:40,support_raw.csv,2026-09-26T11:24:12.876716+00:00
T02268,U00300,Login,2025-01-17 00:50:22,support_raw.csv,2026-09-26T11:24:12.876716+00:00
T02269,U00053,Buffering,2026-06-03 08:22:00,support_raw.csv,2026-09-26T11:24:12.876716+00:00
T02270,U00409,Payment,2026-08-22 10:17:59,support_raw.csv,2026-09-26T11:24:12.876716+00:00
T02271,U00336,Buffering,2026-05-20 13:50:16,support_raw.csv,2026-09-26T11:24:12.876716+00:00
T02272,U00850,Payment,2025-08-19 05:16:23,support_raw.csv,2026-09-26T11:24:12.876716+00:00
T02273,U00314,Account,2025-04-26 13:34:50,support_raw.csv,2026-09-26T11:24:12.876716+00:00
T02274,U00743,Buffering,2026-05-25 06:33:41,support_raw.csv,2026-09-26T11:24:12.876716+00:00
T02275,U00649,Subscription,2026-09-10 10:16:13,support_raw.csv,2026-09-26T11:24:12.876716+00:00
T02276,U00235,Buffering,2025-12-30 11:46:54,support_raw.csv,2026-09-26T11:24:12.876716+00:00
T02277,U00127,Login,2025-10-06 18:31:56,support_raw.csv,2026-09-26T11:24:12.876716+00:00
T02278,U00827,Technical,2026-08-29 18:33:25,support_raw.csv,2026-09-26T11:24:12.876716+00:00
T02280,U00928,Unknown,2025-12-28 15:22:47,support_raw.csv,2026-09-26T11:24:12.876716+00:00
T02281,U00306,Subscription,2025-10-18 09:29:38,support_raw.csv,2026-09-26T11:24:12.876716+00:00
T02282,U00122,Subscription,2026-07-10 14:39:47,support_raw.csv,2026-09-26T11:24:12.876716+00:00
T02283,U00434,Technical,2026-04-12 06:59:10,support_raw.csv,2026-09-26T11:24:12.876716+00:00
T02284,U00308,Login,2025-12-28 22:59:32,support_raw.csv,2026-09-26T11:24:12.876716+00:00
T02285,U00015,PAYMENT,2026-08-30 04:10:39,support_raw.csv,2026-09-26T11:24:12.876716+00:00
T02286,U00090,Technical,2026-06-08 05:04:40,support_raw.csv,2026-09-26T11:24:12.876716+00:00
T02287,U00388,Playback,2025-09-15 17:55:26,support_raw.csv,2026-09-26T11:24:12.876716+00:00
T02288,U00734,Playback,2025-12-17 23:02:12,support_raw.csv,2026-09-26T11:24:12.876716+00:00
T02289,U00204,Playback,2025-10-01 15:54:04,support_raw.csv,2026-09-26T11:24:12.876716+00:00
T02290,U00830,Buffering,2025-09-05 01:06:13,support_raw.csv,2026-09-26T11:24:12.876716+00:00
T02291,U00730,Payment,2026-03-06 05:31:42,support_raw.csv,2026-09-26T11:24:12.876716+00:00
T02292,U00918,Playback,2026-05-05 23:41:15,support_raw.csv,2026-09-26T11:24:12.876716+00:00
T02293,U00977,Payment,2025-06-19 00:49:14,support_raw.csv,2026-09-26T11:24:12.876716+00:00
T02294,U00998,Buffering,2025-11-03 06:12:46,support_raw.csv,2026-09-26T11:24:12.876716+00:00
T02296,U00822,Technical,2025-07-18 21:55:19,support_raw.csv,2026-09-26T11:24:12.876716+00:00
T02297,U00698,Login,2026-02-02 03:43:42,support_raw.csv,2026-09-26T11:24:12.876716+00:00
T02298,U00298,Subscription,2025-01-01 19:16:16,support_raw.csv,2026-09-26T11:24:12.876716+00:00
T02299,U00422,Subscription,2025-06-08 11:20:06,support_raw.csv,2026-09-26T11:24:12.876716+00:00
T02300,U00317,Account,2026-02-25 06:09:07,support_raw.csv,2026-09-26T11:24:12.876716+00:00
T02301,U00279,Account,2025-09-26 14:39:54,support_raw.csv,2026-09-26T11:24:12.876716+00:00
T02302,U00085,Buffering,2025-12-06 04:21:36,support_raw.csv,2026-09-26T11:24:12.876716+00:00
T02303,U00218,Account,2025-01-16 09:13:09,support_raw.csv,2026-09-26T11:24:12.876716+00:00
T02304,U00280,Login,2025-12-15 14:31:13,support_raw.csv,2026-09-26T11:24:12.876716+00:00
T02305,U00998,Technical,2026-08-28 17:02:27,support_raw.csv,2026-09-26T11:24:12.876716+00:00
T02306,U00648,Login,2025-12-13 19:12:06,support_raw.csv,2026-09-26T11:24:12.876716+00:00
T02307,U00713,Buffering,2026-08-12 00:36:26,support_raw.csv,2026-09-26T11:24:12.876716+00:00
T02308,U00793,Technical,2026-03-25 06:19:04,support_raw.csv,2026-09-26T11:24:12.876716+00:00
T02309,U00248,Subscription,2026-03-18 03:21:48,support_raw.csv,2026-09-26T11:24:12.876716+00:00
T02310,U00369,Payment,2026-09-19 06:51:03,support_raw.csv,2026-09-26T11:24:12.876716+00:00
T02311,U00279,Payment,2025-08-25 17:34:22,support_raw.csv,2026-09-26T11:24:12.876716+00:00
T02312,U00871,Login,2026-07-13 00:40:28,support_raw.csv,2026-09-26T11:24:12.876716+00:00
T02313,U00106,Payment,2025-03-28 18:11:09,support_raw.csv,2026-09-26T11:24:12.876716+00:00
T02314,U00412,Technical,2025-02-21 23:12:31,support_raw.csv,2026-09-26T11:24:12.876716+00:00
T02315,U00650,Playback,2025-05-22 23:35:29,support_raw.csv,2026-09-26T11:24:12.876716+00:00
T02316,U00616,Account,2026-03-02 02:00:25,support_raw.csv,2026-09-26T11:24:12.876716+00:00
T02317,U00256,Subscription,2025-05-10 05:20:30,support_raw.csv,2026-09-26T11:24:12.876716+00:00
T02318,U00953,Buffering,2025-09-23 02:25:37,support_raw.csv,2026-09-26T11:24:12.876716+00:00
T02319,U00759,Login,2025-11-18 00:36:43,support_raw.csv,2026-09-26T11:24:12.876716+00:00
T02320,U00484,Subscription,2025-09-10 07:43:56,support_raw.csv,2026-09-26T11:24:12.876716+00:00
T02321,U00381,Login,2025-06-09 03:22:45,support_raw.csv,2026-09-26T11:24:12.876716+00:00
T02322,U00913,Buffering,2025-07-03 19:44:02,support_raw.csv,2026-09-26T11:24:12.876716+00:00
T02323,U00289,Subscription,2026-06-07 03:58:09,support_raw.csv,2026-09-26T11:24:12.876716+00:00
T02324,U00930,Account,2025-07-17 07:44:35,support_raw.csv,2026-09-26T11:24:12.876716+00:00
T02325,U00954,Account,2025-04-02 03:08:34,support_raw.csv,2026-09-26T11:24:12.876716+00:00
T02326,U00569,Payment,2026-07-03 08:26:24,support_raw.csv,2026-09-26T11:24:12.876716+00:00
T02327,U00948,Buffering,2026-06-14 06:24:28,support_raw.csv,2026-09-26T11:24:12.876716+00:00
T02328,U00840,Playback,2025-04-16 12:36:21,support_raw.csv,2026-09-26T11:24:12.876716+00:00
T02329,U00940,Subscription,2026-05-13 07:39:37,support_raw.csv,2026-09-26T11:24:12.876716+00:00
T02330,U00509,Technical,2026-02-11 18:26:34,support_raw.csv,2026-09-26T11:24:12.876716+00:00
T02331,U00787,Buffering,2025-01-29 15:39:36,support_raw.csv,2026-09-26T11:24:12.876716+00:00
T02332,U00965,Technical,2025-01-07 14:23:21,support_raw.csv,2026-09-26T11:24:12.876716+00:00
T02333,U00155,Login,2025-12-02 11:20:04,support_raw.csv,2026-09-26T11:24:12.876716+00:00
T02334,U00006,Payment,2026-03-30 19:27:28,support_raw.csv,2026-09-26T11:24:12.876716+00:00
T02336,U00332,PAYMENT,2026-06-03 15:57:15,support_raw.csv,2026-09-26T11:24:12.876716+00:00
T02337,U00541,Payment,2026-03-29 08:46:57,support_raw.csv,2026-09-26T11:24:12.876716+00:00
T02339,U00235,Subscription,2025-08-27 11:49:25,support_raw.csv,2026-09-26T11:24:12.876716+00:00
T02340,U00614,Playback,2025-02-10 04:56:10,support_raw.csv,2026-09-26T11:24:12.876716+00:00
T02341,U00696,Buffering,2025-02-16 20:00:21,support_raw.csv,2026-09-26T11:24:12.876716+00:00
T02342,U00571,Buffering,2025-05-19 13:55:02,support_raw.csv,2026-09-26T11:24:12.876716+00:00
T02343,U00096,Buffering,2025-09-28 21:23:33,support_raw.csv,2026-09-26T11:24:12.876716+00:00
T02344,U00913,Login,2025-05-12 09:45:16,support_raw.csv,2026-09-26T11:24:12.876716+00:00
T02345,U00807,Buffering,2026-01-22 03:49:09,support_raw.csv,2026-09-26T11:24:12.876716+00:00
T02346,U00149,Playback,2025-04-20 10:42:54,support_raw.csv,2026-09-26T11:24:12.876716+00:00
T02347,U00357,Unknown,2025-08-13 14:31:05,support_raw.csv,2026-09-26T11:24:12.876716+00:00
T02348,U00661,Subscription,2026-01-18 22:47:22,support_raw.csv,2026-09-26T11:24:12.876716+00:00
T02349,U00212,Technical,2025-07-03 17:31:03,support_raw.csv,2026-09-26T11:24:12.876716+00:00
T02350,U00569,Buffering,2025-08-07 19:49:51,support_raw.csv,2026-09-26T11:24:12.876716+00:00
T02351,U00893,Playback,2025-09-23 03:18:50,support_raw.csv,2026-09-26T11:24:12.876716+00:00
T02353,U00327,Account,2025-05-11 10:58:23,support_raw.csv,2026-09-26T11:24:12.876716+00:00
T02354,U00590,Payment,2025-08-30 09:14:08,support_raw.csv,2026-09-26T11:24:12.876716+00:00
T02355,U00090,Technical,2026-01-20 18:40:57,support_raw.csv,2026-09-26T11:24:12.876716+00:00
T02356,U00816,Subscription,2026-05-11 11:35:20,support_raw.csv,2026-09-26T11:24:12.876716+00:00
T02357,U00284,Playback,2025-04-23 21:22:45,support_raw.csv,2026-09-26T11:24:12.876716+00:00
T02358,U00708,unknown,2026-08-11 16:18:02,support_raw.csv,2026-09-26T11:24:12.876716+00:00
T02359,U00260,Playback,2026-09-19 00:31:59,support_raw.csv,2026-09-26T11:24:12.876716+00:00
T02360,U00356,Account,2025-04-01 11:23:57,support_raw.csv,2026-09-26T11:24:12.876716+00:00
T02361,U00014,Payment,2025-09-03 00:06:02,support_raw.csv,2026-09-26T11:24:12.876716+00:00
T02362,U00548,Account,2025-12-06 10:01:32,support_raw.csv,2026-09-26T11:24:12.876716+00:00
T02363,U00255,Login,2025-10-19 04:44:13,support_raw.csv,2026-09-26T11:24:12.876716+00:00
T02364,U00055,Subscription,2025-04-21 18:23:46,support_raw.csv,2026-09-26T11:24:12.876716+00:00
T02365,U00446,Subscription,2025-10-23 11:20:37,support_raw.csv,2026-09-26T11:24:12.876716+00:00
T02366,U00648,Payment,2026-02-13 06:37:22,support_raw.csv,2026-09-26T11:24:12.876716+00:00
T02367,U00922,Buffering,2025-04-27 20:30:22,support_raw.csv,2026-09-26T11:24:12.876716+00:00
T02368,U00735,Subscription,2025-04-04 09:44:33,support_raw.csv,2026-09-26T11:24:12.876716+00:00
T02369,U00117,Subscription,2026-05-28 17:48:45,support_raw.csv,2026-09-26T11:24:12.876716+00:00
T02370,U00769,Payment,2026-07-13 04:03:28,support_raw.csv,2026-09-26T11:24:12.876716+00:00
T02371,U00945,Technical,2025-04-18 13:57:39,support_raw.csv,2026-09-26T11:24:12.876716+00:00
T02372,U00067,Subscription,2026-03-06 11:01:31,support_raw.csv,2026-09-26T11:24:12.876716+00:00
T02373,U00698,Subscription,2026-05-16 19:28:34,support_raw.csv,2026-09-26T11:24:12.876716+00:00
T02374,U00962,Payment,2025-03-31 18:19:42,support_raw.csv,2026-09-26T11:24:12.876716+00:00
T02375,U00114,Payment,2026-05-30 06:35:09,support_raw.csv,2026-09-26T11:24:12.876716+00:00
T02376,U00756,Login,2025-02-20 21:44:52,support_raw.csv,2026-09-26T11:24:12.876716+00:00
T02377,U00815,Login,2025-04-17 15:52:48,support_raw.csv,2026-09-26T11:24:12.876716+00:00
T02378,U00445,Login,2025-05-26 20:07:40,support_raw.csv,2026-09-26T11:24:12.876716+00:00
T02379,U00187,Payment,2025-01-28 10:47:03,support_raw.csv,2026-09-26T11:24:12.876716+00:00
T02380,U00408,Payment,2026-02-23 01:13:33,support_raw.csv,2026-09-26T11:24:12.876716+00:00
T02381,U00895,Subscription,2026-07-30 21:02:18,support_raw.csv,2026-09-26T11:24:12.876716+00:00
T02382,U00759,Technical,2026-07-28 23:01:21,support_raw.csv,2026-09-26T11:24:12.876716+00:00
T02384,U00499,Payment,2025-02-11 11:58:32,support_raw.csv,2026-09-26T11:24:12.876716+00:00
T02385,U00361,Subscription,2026-07-27 08:24:48,support_raw.csv,2026-09-26T11:24:12.876716+00:00
T02386,U00305,Technical,2026-01-23 01:28:04,support_raw.csv,2026-09-26T11:24:12.876716+00:00
T02387,U00365,Account,2025-05-19 14:24:23,support_raw.csv,2026-09-26T11:24:12.876716+00:00
T02388,U00202,Technical,2026-08-15 11:14:13,support_raw.csv,2026-09-26T11:24:12.876716+00:00
T02389,U00101,Account,2025-11-26 15:48:00,support_raw.csv,2026-09-26T11:24:12.876716+00:00
T02390,U00940,Login,2025-01-08 03:01:32,support_raw.csv,2026-09-26T11:24:12.876716+00:00
T02391,U00655,Subscription,2025-11-22 17:32:54,support_raw.csv,2026-09-26T11:24:12.876716+00:00
T02392,U00969,Buffering,2026-09-03 16:09:33,support_raw.csv,2026-09-26T11:24:12.876716+00:00
T02393,U00928,Account,2025-01-12 17:53:01,support_raw.csv,2026-09-26T11:24:12.876716+00:00
T02394,U00782,Technical,2025-03-12 10:12:49,support_raw.csv,2026-09-26T11:24:12.876716+00:00
T02395,U00144,Payment,2025-09-19 01:17:53,support_raw.csv,2026-09-26T11:24:12.876716+00:00
T02396,U00356,Account,2025-05-14 12:52:17,support_raw.csv,2026-09-26T11:24:12.876716+00:00
T02397,U00429,Login,2025-09-03 01:44:46,support_raw.csv,2026-09-26T11:24:12.876716+00:00
T02398,U00925,Login,2025-03-29 08:56:57,support_raw.csv,2026-09-26T11:24:12.876716+00:00
T02399,U00230,Subscription,2025-06-30 20:52:15,support_raw.csv,2026-09-26T11:24:12.876716+00:00
T02400,U00068,Buffering,2025-12-29 15:18:44,support_raw.csv,2026-09-26T11:24:12.876716+00:00
T02401,U00450,Login,2025-02-22 09:52:12,support_raw.csv,2026-09-26T11:24:12.876716+00:00
T02402,U00323,Subscription,2026-01-09 01:29:48,support_raw.csv,2026-09-26T11:24:12.876716+00:00
T02403,U00834,Payment,2026-05-11 19:05:47,support_raw.csv,2026-09-26T11:24:12.876716+00:00
T02404,U00553,Technical,2026-07-16 14:20:39,support_raw.csv,2026-09-26T11:24:12.876716+00:00
T02405,U00845,Payment,2026-01-03 04:49:49,support_raw.csv,2026-09-26T11:24:12.876716+00:00
T02406,U00153,Login,2025-01-14 06:40:32,support_raw.csv,2026-09-26T11:24:12.876716+00:00
T02407,U00750,Buffering,2025-08-27 13:23:14,support_raw.csv,2026-09-26T11:24:12.876716+00:00
T02408,U00883,Buffering,2026-03-23 04:34:14,support_raw.csv,2026-09-26T11:24:12.876716+00:00
T02409,U00173,Login,2026-02-18 22:00:25,support_raw.csv,2026-09-26T11:24:12.876716+00:00
T02410,U00626,Account,2025-11-30 07:02:37,support_raw.csv,2026-09-26T11:24:12.876716+00:00
T02411,U00074,Playback,2026-04-17 16:22:27,support_raw.csv,2026-09-26T11:24:12.876716+00:00
T02412,U00332,Buffering,2026-08-21 06:55:13,support_raw.csv,2026-09-26T11:24:12.876716+00:00
T02413,U00093,Subscription,2025-03-01 13:53:02,support_raw.csv,2026-09-26T11:24:12.876716+00:00
T02414,U00703,Subscription,2026-07-12 09:15:27,support_raw.csv,2026-09-26T11:24:12.876716+00:00
T02415,U00454,Login,2026-06-10 23:31:37,support_raw.csv,2026-09-26T11:24:12.876716+00:00
T02417,U00642,Subscription,2025-08-25 10:17:54,support_raw.csv,2026-09-26T11:24:12.876716+00:00
T02418,U00783,Payment,2025-09-19 03:11:32,support_raw.csv,2026-09-26T11:24:12.876716+00:00
T02419,U00574,Account,2026-04-07 00:14:54,support_raw.csv,2026-09-26T11:24:12.876716+00:00
T02420,U00102,Buffering,2025-03-29 19:57:11,support_raw.csv,2026-09-26T11:24:12.876716+00:00
T02421,U00505,Playback,2026-05-08 18:46:13,support_raw.csv,2026-09-26T11:24:12.876716+00:00
T02422,U00955,Buffering,2026-02-04 20:56:19,support_raw.csv,2026-09-26T11:24:12.876716+00:00
T02423,U00048,Payment,2026-08-31 18:33:32,support_raw.csv,2026-09-26T11:24:12.876716+00:00
T02424,U00465,Playback,2025-07-23 15:37:05,support_raw.csv,2026-09-26T11:24:12.876716+00:00
T02425,U00418,Account,2026-02-26 12:57:51,support_raw.csv,2026-09-26T11:24:12.876716+00:00
T02426,U00996,Payment,2025-01-29 23:21:42,support_raw.csv,2026-09-26T11:24:12.876716+00:00
T02427,U00709,Playback,2026-03-27 17:50:04,support_raw.csv,2026-09-26T11:24:12.876716+00:00
T02428,U00064,Subscription,2026-03-10 02:27:20,support_raw.csv,2026-09-26T11:24:12.876716+00:00
T02429,U00848,Payment,2026-07-02 18:35:55,support_raw.csv,2026-09-26T11:24:12.876716+00:00
T02430,U00178,Technical,2026-04-28 08:48:46,support_raw.csv,2026-09-26T11:24:12.876716+00:00
T02431,U00584,Account,2025-08-17 07:43:59,support_raw.csv,2026-09-26T11:24:12.876716+00:00
T02432,U00235,Buffering,2025-08-04 03:36:20,support_raw.csv,2026-09-26T11:24:12.876716+00:00
T02433,U00635,Technical,2025-11-25 17:21:16,support_raw.csv,2026-09-26T11:24:12.876716+00:00
T02434,U00732,Unknown,2025-02-25 19:26:22,support_raw.csv,2026-09-26T11:24:12.876716+00:00
T02436,U00214,Subscription,2025-04-20 02:07:32,support_raw.csv,2026-09-26T11:24:12.876716+00:00
T02437,U00452,Login,2025-06-15 19:29:19,support_raw.csv,2026-09-26T11:24:12.876716+00:00
T02438,U00176,Technical,2025-12-08 08:52:02,support_raw.csv,2026-09-26T11:24:12.876716+00:00
T02439,U00813,Buffering,2025-03-12 16:31:17,support_raw.csv,2026-09-26T11:24:12.876716+00:00
T02440,U00262,Subscription,2025-12-15 13:36:32,support_raw.csv,2026-09-26T11:24:12.876716+00:00
T02441,U00539,Technical,2025-12-30 15:11:35,support_raw.csv,2026-09-26T11:24:12.876716+00:00
T02442,U00482,Login,2025-02-15 06:28:07,support_raw.csv,2026-09-26T11:24:12.876716+00:00
T02443,U00834,Payment,2025-12-28 10:44:47,support_raw.csv,2026-09-26T11:24:12.876716+00:00
T02444,U00328,Technical,2025-02-25 04:09:32,support_raw.csv,2026-09-26T11:24:12.876716+00:00
T02445,U00912,Technical,2026-06-07 10:08:58,support_raw.csv,2026-09-26T11:24:12.876716+00:00
T02446,U00887,Buffering,2025-11-22 17:35:50,support_raw.csv,2026-09-26T11:24:12.876716+00:00
T02447,U00772,Account,2026-04-30 00:48:32,support_raw.csv,2026-09-26T11:24:12.876716+00:00
T02448,U00444,Buffering,2026-07-28 22:43:42,support_raw.csv,2026-09-26T11:24:12.876716+00:00
T02449,U00678,Technical,2025-03-20 11:58:15,support_raw.csv,2026-09-26T11:24:12.876716+00:00
T02450,U00583,Payment,2026-09-02 13:13:42,support_raw.csv,2026-09-26T11:24:12.876716+00:00
T02451,U00805,Technical,2026-03-11 07:30:52,support_raw.csv,2026-09-26T11:24:12.876716+00:00
T02452,U00843,Login,2025-12-19 01:34:21,support_raw.csv,2026-09-26T11:24:12.876716+00:00
T02453,U00563,Payment,2025-12-03 06:44:39,support_raw.csv,2026-09-26T11:24:12.876716+00:00
T02455,U00655,Login,2025-05-18 22:31:20,support_raw.csv,2026-09-26T11:24:12.876716+00:00
T02456,U00576,Login,2026-01-11 18:28:10,support_raw.csv,2026-09-26T11:24:12.876716+00:00
T02458,U00579,Unknown,2025-10-01 13:53:16,support_raw.csv,2026-09-26T11:24:12.876716+00:00
T02459,U00260,Technical,2025-06-08 05:39:53,support_raw.csv,2026-09-26T11:24:12.876716+00:00
T02460,U00269,Account,2026-06-19 16:38:00,support_raw.csv,2026-09-26T11:24:12.876716+00:00
T02461,U00774,Login,2026-04-28 03:07:54,support_raw.csv,2026-09-26T11:24:12.876716+00:00
T02462,U00952,Buffering,2025-04-28 14:11:50,support_raw.csv,2026-09-26T11:24:12.876716+00:00
T02463,U00827,Account,2025-03-03 01:17:02,support_raw.csv,2026-09-26T11:24:12.876716+00:00
T02464,U00732,Account,2025-11-13 13:07:07,support_raw.csv,2026-09-26T11:24:12.876716+00:00
T02465,U00283,Playback,2025-11-22 19:14:49,support_raw.csv,2026-09-26T11:24:12.876716+00:00
T02466,U00367,Playback,2025-04-20 07:02:46,support_raw.csv,2026-09-26T11:24:12.876716+00:00
T02467,U00906,Playback,2025-04-21 06:28:05,support_raw.csv,2026-09-26T11:24:12.876716+00:00
T02468,U00659,Subscription,2026-01-24 23:34:47,support_raw.csv,2026-09-26T11:24:12.876716+00:00
T02469,U00690,Payment,2025-01-03 06:20:00,support_raw.csv,2026-09-26T11:24:12.876716+00:00
T02470,U00156,Login,2026-03-08 16:40:33,support_raw.csv,2026-09-26T11:24:12.876716+00:00
T02471,U00442,Payment,2026-06-25 07:28:45,support_raw.csv,2026-09-26T11:24:12.876716+00:00
T02473,U00600,Technical,2025-01-23 02:31:39,support_raw.csv,2026-09-26T11:24:12.876716+00:00
T02474,U00410,Playback,2026-06-23 01:53:09,support_raw.csv,2026-09-26T11:24:12.876716+00:00
T02476,U00155,Technical,2025-05-05 10:17:07,support_raw.csv,2026-09-26T11:24:12.876716+00:00
T02477,U00264,Payment,2025-02-19 23:58:47,support_raw.csv,2026-09-26T11:24:12.876716+00:00
T02478,U00310,Subscription,2025-10-26 01:44:06,support_raw.csv,2026-09-26T11:24:12.876716+00:00
T02479,U00448,Subscription,2025-01-09 00:22:12,support_raw.csv,2026-09-26T11:24:12.876716+00:00
T02481,U00651,Account,2026-01-08 13:15:42,support_raw.csv,2026-09-26T11:24:12.876716+00:00
T02482,U00358,Account,2025-07-04 02:05:23,support_raw.csv,2026-09-26T11:24:12.876716+00:00
T02483,U00353,Account,2025-12-03 18:54:45,support_raw.csv,2026-09-26T11:24:12.876716+00:00
T02484,U00503,Subscription,2025-05-10 19:53:20,support_raw.csv,2026-09-26T11:24:12.876716+00:00
T02485,U00883,Account,2026-01-22 19:43:44,support_raw.csv,2026-09-26T11:24:12.876716+00:00
T02486,U00903,Payment,2026-07-23 01:26:21,support_raw.csv,2026-09-26T11:24:12.876716+00:00
T02487,U00007,Account,2025-11-15 18:37:25,support_raw.csv,2026-09-26T11:24:12.876716+00:00
T02489,U00112,Subscription,2025-03-31 13:15:23,support_raw.csv,2026-09-26T11:24:12.876716+00:00
T02490,U00260,Account,2025-10-27 09:07:29,support_raw.csv,2026-09-26T11:24:12.876716+00:00
T02491,U00982,Buffering,2025-02-24 23:50:22,support_raw.csv,2026-09-26T11:24:12.876716+00:00
T02492,U00530,Playback,2025-08-03 17:41:43,support_raw.csv,2026-09-26T11:24:12.876716+00:00
T02493,U00685,Login,2026-06-19 23:36:03,support_raw.csv,2026-09-26T11:24:12.876716+00:00
T02494,U00819,Technical,2026-07-21 12:40:34,support_raw.csv,2026-09-26T11:24:12.876716+00:00
T02495,U00341,Buffering,2025-08-18 21:21:59,support_raw.csv,2026-09-26T11:24:12.876716+00:00
T02496,U00446,Account,2025-03-17 01:28:57,support_raw.csv,2026-09-26T11:24:12.876716+00:00
T02497,U00087,Technical,2026-07-05 13:33:33,support_raw.csv,2026-09-26T11:24:12.876716+00:00
T02498,U00535,Account,2025-06-25 03:27:52,support_raw.csv,2026-09-26T11:24:12.876716+00:00
T02499,U00694,Buffering,2026-09-15 06:42:25,support_raw.csv,2026-09-26T11:24:12.876716+00:00
T02500,U00166,Technical,2025-07-04 15:19:28,support_raw.csv,2026-09-26T11:24:12.876716+00:00
T02501,U00695,Subscription,2025-09-14 17:16:02,support_raw.csv,2026-09-26T11:24:12.876716+00:00
T02502,U00262,Buffering,2025-08-19 07:34:59,support_raw.csv,2026-09-26T11:24:12.876716+00:00
T02503,U00539,Playback,2025-02-09 02:12:11,support_raw.csv,2026-09-26T11:24:12.876716+00:00
T02504,U00760,Playback,2026-02-08 13:42:48,support_raw.csv,2026-09-26T11:24:12.876716+00:00
T02505,U00419,Playback,2025-10-07 09:43:27,support_raw.csv,2026-09-26T11:24:12.876716+00:00
T02506,U00661,Subscription,2026-09-02 03:52:59,support_raw.csv,2026-09-26T11:24:12.876716+00:00
T02507,U00382,Payment,2025-05-16 04:57:54,support_raw.csv,2026-09-26T11:24:12.876716+00:00
T02508,U00501,Payment,2025-09-05 06:58:06,support_raw.csv,2026-09-26T11:24:12.876716+00:00
T02509,U00568,Subscription,2026-08-15 17:35:45,support_raw.csv,2026-09-26T11:24:12.876716+00:00
T02510,U00584,Playback,2026-01-06 01:07:45,support_raw.csv,2026-09-26T11:24:12.876716+00:00
T02511,U00869,Account,2026-07-05 14:26:57,support_raw.csv,2026-09-26T11:24:12.876716+00:00
T02512,U00157,Login,2025-08-04 00:19:24,support_raw.csv,2026-09-26T11:24:12.876716+00:00
T02513,U00370,Payment,2025-04-22 17:43:19,support_raw.csv,2026-09-26T11:24:12.876716+00:00
T02515,U00651,Technical,2025-12-25 02:00:58,support_raw.csv,2026-09-26T11:24:12.876716+00:00
T02516,U00771,Account,2025-07-26 09:16:31,support_raw.csv,2026-09-26T11:24:12.876716+00:00
T02517,U00517,Subscription,2025-09-04 20:35:36,support_raw.csv,2026-09-26T11:24:12.876716+00:00
T02518,U00584,Account,2026-04-24 17:05:38,support_raw.csv,2026-09-26T11:24:12.876716+00:00
T02519,U00987,Playback,2025-08-25 10:05:04,support_raw.csv,2026-09-26T11:24:12.876716+00:00
T02521,U00699,Subscription,2025-11-11 01:37:42,support_raw.csv,2026-09-26T11:24:12.876716+00:00
T02522,U00699,Buffering,2026-09-12 06:07:39,support_raw.csv,2026-09-26T11:24:12.876716+00:00
T02523,U00853,Buffering,2025-08-04 04:41:21,support_raw.csv,2026-09-26T11:24:12.876716+00:00
T02524,U00797,Payment,2025-09-11 18:31:14,support_raw.csv,2026-09-26T11:24:12.876716+00:00
T02525,U00138,Login,2026-08-11 11:47:55,support_raw.csv,2026-09-26T11:24:12.876716+00:00
T02527,U00667,Playback,2025-02-20 03:45:43,support_raw.csv,2026-09-26T11:24:12.876716+00:00
T02528,U00216,Buffering,2026-03-19 19:41:06,support_raw.csv,2026-09-26T11:24:12.876716+00:00
T02529,U00781,Technical,2025-07-28 20:11:17,support_raw.csv,2026-09-26T11:24:12.876716+00:00
T02531,U00995,Buffering,2026-02-12 02:43:06,support_raw.csv,2026-09-26T11:24:12.876716+00:00
T02532,U00514,Technical,2026-08-05 09:19:08,support_raw.csv,2026-09-26T11:24:12.876716+00:00
T02533,U00154,Unknown,2026-05-04 02:10:37,support_raw.csv,2026-09-26T11:24:12.876716+00:00
T02534,U00304,Payment,2025-11-14 17:42:07,support_raw.csv,2026-09-26T11:24:12.876716+00:00
T02535,U00099,Login,2025-12-04 08:27:56,support_raw.csv,2026-09-26T11:24:12.876716+00:00
T02536,U00256,Subscription,2026-05-30 16:22:40,support_raw.csv,2026-09-26T11:24:12.876716+00:00
T02537,U00682,Playback,2026-06-01 20:05:52,support_raw.csv,2026-09-26T11:24:12.876716+00:00
T02538,U00527,Subscription,2025-06-21 21:04:40,support_raw.csv,2026-09-26T11:24:12.876716+00:00
T02539,U00752,Account,2025-10-31 05:59:49,support_raw.csv,2026-09-26T11:24:12.876716+00:00
T02540,U00225,Account,2025-04-23 19:29:57,support_raw.csv,2026-09-26T11:24:12.876716+00:00
T02541,U00374,Account,2026-07-22 02:38:53,support_raw.csv,2026-09-26T11:24:12.876716+00:00
T02542,U00192,Subscription,2025-03-23 04:26:22,support_raw.csv,2026-09-26T11:24:12.876716+00:00
T02543,U00762,Account,2025-11-19 00:53:22,support_raw.csv,2026-09-26T11:24:12.876716+00:00
T02544,U00556,unknown,2026-08-23 00:17:13,support_raw.csv,2026-09-26T11:24:12.876716+00:00
T02545,U00646,Playback,2026-02-06 10:28:07,support_raw.csv,2026-09-26T11:24:12.876716+00:00
T02546,U00594,Subscription,2025-10-07 15:40:23,support_raw.csv,2026-09-26T11:24:12.876716+00:00
T02547,U00674,Subscription,2026-07-17 12:25:05,support_raw.csv,2026-09-26T11:24:12.876716+00:00
T02548,U00938,Buffering,2025-07-03 00:11:32,support_raw.csv,2026-09-26T11:24:12.876716+00:00
T02550,U00200,Account,2025-08-06 22:11:10,support_raw.csv,2026-09-26T11:24:12.876716+00:00
T02551,U00802,Technical,2026-07-16 07:11:11,support_raw.csv,2026-09-26T11:24:12.876716+00:00
T02553,U00289,Account,2025-08-09 17:08:51,support_raw.csv,2026-09-26T11:24:12.876716+00:00
T02554,U00624,Login,2025-10-30 05:56:46,support_raw.csv,2026-09-26T11:24:12.876716+00:00
T02555,U00541,Technical,2025-08-27 13:16:29,support_raw.csv,2026-09-26T11:24:12.876716+00:00
T02556,U00614,Buffering,2025-05-13 12:38:58,support_raw.csv,2026-09-26T11:24:12.876716+00:00
T02557,U00777,Buffering,2025-02-19 22:33:29,support_raw.csv,2026-09-26T11:24:12.876716+00:00
T02558,U00865,Login,2025-03-07 20:36:31,support_raw.csv,2026-09-26T11:24:12.876716+00:00
T02559,U00668,Playback,2026-04-21 07:17:36,support_raw.csv,2026-09-26T11:24:12.876716+00:00
T02560,U00487,Subscription,2025-07-03 15:13:58,support_raw.csv,2026-09-26T11:24:12.876716+00:00
T02561,U00639,Payment,2025-06-11 04:24:44,support_raw.csv,2026-09-26T11:24:12.876716+00:00
T02562,U00484,Payment,2026-02-22 04:06:33,support_raw.csv,2026-09-26T11:24:12.876716+00:00
T02563,U00864,Playback,2025-06-28 04:29:16,support_raw.csv,2026-09-26T11:24:12.876716+00:00
T02564,U00378,unknown,2025-11-22 10:02:39,support_raw.csv,2026-09-26T11:24:12.876716+00:00
T02565,U00949,Buffering,2026-03-06 10:03:55,support_raw.csv,2026-09-26T11:24:12.876716+00:00
T02566,U00532,Payment,2025-09-10 20:13:39,support_raw.csv,2026-09-26T11:24:12.876716+00:00
T02568,U00465,Account,2026-04-10 14:26:52,support_raw.csv,2026-09-26T11:24:12.876716+00:00
T02569,U00051,Buffering,2025-10-17 17:46:47,support_raw.csv,2026-09-26T11:24:12.876716+00:00
T02570,U00479,Subscription,2026-04-11 04:17:26,support_raw.csv,2026-09-26T11:24:12.876716+00:00
T02571,U00240,Login,2026-06-06 02:36:21,support_raw.csv,2026-09-26T11:24:12.876716+00:00
T02572,U00973,Subscription,2025-11-09 00:01:49,support_raw.csv,2026-09-26T11:24:12.876716+00:00
T02573,U00833,Technical,2025-01-31 12:34:38,support_raw.csv,2026-09-26T11:24:12.876716+00:00
T02574,U00675,Payment,2026-03-15 01:28:45,support_raw.csv,2026-09-26T11:24:12.876716+00:00
T02575,U00979,Playback,2026-04-25 02:00:05,support_raw.csv,2026-09-26T11:24:12.876716+00:00
T02576,U00834,Payment,2026-05-13 09:30:36,support_raw.csv,2026-09-26T11:24:12.876716+00:00
T02577,U00474,Playback,2025-01-22 05:17:49,support_raw.csv,2026-09-26T11:24:12.876716+00:00
T02578,U00896,Payment,2025-01-15 20:57:34,support_raw.csv,2026-09-26T11:24:12.876716+00:00
T02579,U00754,Login,2026-07-19 01:11:11,support_raw.csv,2026-09-26T11:24:12.876716+00:00
T02580,U00817,Subscription,2026-09-07 00:06:51,support_raw.csv,2026-09-26T11:24:12.876716+00:00
T02581,U00078,Technical,2025-02-01 02:41:52,support_raw.csv,2026-09-26T11:24:12.876716+00:00
T02582,U00851,Subscription,2026-03-30 14:17:44,support_raw.csv,2026-09-26T11:24:12.876716+00:00
T02583,U00831,Login,2026-06-09 09:17:55,support_raw.csv,2026-09-26T11:24:12.876716+00:00
T02584,U00488,Login,2025-09-16 07:42:48,support_raw.csv,2026-09-26T11:24:12.876716+00:00
T02585,U00600,Playback,2025-08-28 21:08:28,support_raw.csv,2026-09-26T11:24:12.876716+00:00
T02586,U00957,Technical,2025-03-01 02:45:37,support_raw.csv,2026-09-26T11:24:12.876716+00:00
T02587,U00167,Account,2026-04-21 10:45:15,support_raw.csv,2026-09-26T11:24:12.876716+00:00
T02588,U00370,Subscription,2025-11-14 02:56:07,support_raw.csv,2026-09-26T11:24:12.876716+00:00
T02589,U00460,Subscription,2026-01-20 21:25:22,support_raw.csv,2026-09-26T11:24:12.876716+00:00
T02590,U00151,Technical,2026-06-26 19:53:21,support_raw.csv,2026-09-26T11:24:12.876716+00:00
T02591,U00707,Login,2025-05-10 11:34:18,support_raw.csv,2026-09-26T11:24:12.876716+00:00
T02592,U00189,Subscription,2025-10-18 20:15:22,support_raw.csv,2026-09-26T11:24:12.876716+00:00
T02593,U00806,Account,2026-04-14 04:32:16,support_raw.csv,2026-09-26T11:24:12.876716+00:00
T02594,U00420,Subscription,2026-05-04 15:20:01,support_raw.csv,2026-09-26T11:24:12.876716+00:00
T02595,U00038,Login,2025-10-25 21:56:50,support_raw.csv,2026-09-26T11:24:12.876716+00:00
T02597,U00709,Playback,2025-06-06 15:48:45,support_raw.csv,2026-09-26T11:24:12.876716+00:00
T02598,U00488,Technical,2025-11-13 16:25:47,support_raw.csv,2026-09-26T11:24:12.876716+00:00
T02599,U00955,Login,2026-09-15 01:35:01,support_raw.csv,2026-09-26T11:24:12.876716+00:00
T02600,U00342,Login,2025-04-14 19:05:23,support_raw.csv,2026-09-26T11:24:12.876716+00:00
T02601,U00699,Playback,2025-08-08 01:42:34,support_raw.csv,2026-09-26T11:24:12.876716+00:00
T02602,U00442,Account,2025-06-13 18:12:42,support_raw.csv,2026-09-26T11:24:12.876716+00:00
T02603,U00241,Subscription,2025-11-03 16:17:46,support_raw.csv,2026-09-26T11:24:12.876716+00:00
T02604,U00576,Buffering,2026-01-11 05:52:36,support_raw.csv,2026-09-26T11:24:12.876716+00:00
T02605,U00614,Playback,2025-10-18 01:28:18,support_raw.csv,2026-09-26T11:24:12.876716+00:00
T02606,U00711,Subscription,2025-09-06 09:02:20,support_raw.csv,2026-09-26T11:24:12.876716+00:00
T02607,U00317,Payment,2025-11-27 14:19:28,support_raw.csv,2026-09-26T11:24:12.876716+00:00
T02608,U00040,Playback,2025-02-08 06:45:54,support_raw.csv,2026-09-26T11:24:12.876716+00:00
T02609,U00435,Payment,2026-08-11 00:24:20,support_raw.csv,2026-09-26T11:24:12.876716+00:00
T02610,U00492,Payment,2025-09-24 17:31:15,support_raw.csv,2026-09-26T11:24:12.876716+00:00
T02611,U00932,Playback,2026-08-24 21:47:09,support_raw.csv,2026-09-26T11:24:12.876716+00:00
T02612,U00936,Login,2026-06-28 11:56:55,support_raw.csv,2026-09-26T11:24:12.876716+00:00
T02613,U00092,Payment,2025-09-06 22:16:56,support_raw.csv,2026-09-26T11:24:12.876716+00:00
T02614,U00677,Playback,2025-05-30 04:21:14,support_raw.csv,2026-09-26T11:24:12.876716+00:00
T02616,U00231,Login,2026-01-27 03:59:48,support_raw.csv,2026-09-26T11:24:12.876716+00:00
T02617,U00169,Subscription,2026-06-29 06:16:03,support_raw.csv,2026-09-26T11:24:12.876716+00:00
T02618,U00245,Subscription,2025-11-14 11:52:23,support_raw.csv,2026-09-26T11:24:12.876716+00:00
T02619,U00553,Payment,2025-10-12 18:08:42,support_raw.csv,2026-09-26T11:24:12.876716+00:00
T02620,U00165,Technical,2026-02-23 16:53:25,support_raw.csv,2026-09-26T11:24:12.876716+00:00
T02622,U00420,Login,2026-01-16 03:53:30,support_raw.csv,2026-09-26T11:24:12.876716+00:00
T02623,U00559,Playback,2025-06-25 12:08:51,support_raw.csv,2026-09-26T11:24:12.876716+00:00
T02625,U00868,Buffering,2026-08-12 09:45:32,support_raw.csv,2026-09-26T11:24:12.876716+00:00
T02626,U00992,Playback,2026-03-08 20:13:02,support_raw.csv,2026-09-26T11:24:12.876716+00:00
T02627,U00561,Login,2025-10-18 06:38:15,support_raw.csv,2026-09-26T11:24:12.876716+00:00
T02628,U00399,Account,2026-05-29 12:30:37,support_raw.csv,2026-09-26T11:24:12.876716+00:00
T02629,U00511,Unknown,2026-09-10 07:49:34,support_raw.csv,2026-09-26T11:24:12.876716+00:00
T02630,U00833,Technical,2026-07-10 22:33:49,support_raw.csv,2026-09-26T11:24:12.876716+00:00
T02631,U00001,Playback,2026-02-11 04:34:36,support_raw.csv,2026-09-26T11:24:12.876716+00:00
T02632,U00385,Playback,2025-07-15 06:57:46,support_raw.csv,2026-09-26T11:24:12.876716+00:00
T02633,U00459,Technical,2026-06-13 03:07:25,support_raw.csv,2026-09-26T11:24:12.876716+00:00
T02635,U00480,Technical,2025-10-31 18:32:19,support_raw.csv,2026-09-26T11:24:12.876716+00:00
T02636,U00625,Subscription,2025-06-23 00:30:05,support_raw.csv,2026-09-26T11:24:12.876716+00:00
T02637,U00978,Subscription,2025-02-20 04:37:19,support_raw.csv,2026-09-26T11:24:12.876716+00:00
T02638,U00216,Login,2025-08-18 07:03:07,support_raw.csv,2026-09-26T11:24:12.876716+00:00
T02639,U00814,Buffering,2026-04-10 04:33:28,support_raw.csv,2026-09-26T11:24:12.876716+00:00
T02640,U00913,Buffering,2026-06-10 07:48:59,support_raw.csv,2026-09-26T11:24:12.876716+00:00
T02642,U00050,Playback,2025-04-21 12:44:08,support_raw.csv,2026-09-26T11:24:12.876716+00:00
T02643,U00912,Login,2026-02-12 00:10:59,support_raw.csv,2026-09-26T11:24:12.876716+00:00
T02644,U00912,Account,2025-10-28 23:18:33,support_raw.csv,2026-09-26T11:24:12.876716+00:00
T02645,U00130,Account,2025-05-08 11:40:27,support_raw.csv,2026-09-26T11:24:12.876716+00:00
T02646,U00574,Subscription,2026-05-08 06:40:23,support_raw.csv,2026-09-26T11:24:12.876716+00:00
T02647,U00770,Login,2026-02-27 05:02:54,support_raw.csv,2026-09-26T11:24:12.876716+00:00
T02648,U00715,Login,2026-06-15 00:35:28,support_raw.csv,2026-09-26T11:24:12.876716+00:00
T02649,U00514,Buffering,2025-10-13 14:49:27,support_raw.csv,2026-09-26T11:24:12.876716+00:00
T02650,U00528,Technical,2025-06-06 16:38:44,support_raw.csv,2026-09-26T11:24:12.876716+00:00
T02651,U00354,Login,2026-07-11 20:45:52,support_raw.csv,2026-09-26T11:24:12.876716+00:00
T02652,U00774,Payment,2026-04-21 17:16:56,support_raw.csv,2026-09-26T11:24:12.876716+00:00
T02653,U00496,Playback,2025-04-06 05:25:07,support_raw.csv,2026-09-26T11:24:12.876716+00:00
T02654,U00734,Playback,2025-03-20 14:58:44,support_raw.csv,2026-09-26T11:24:12.876716+00:00
T02655,U00494,Subscription,2026-05-16 13:22:04,support_raw.csv,2026-09-26T11:24:12.876716+00:00
T02656,U00718,Account,2025-04-30 12:21:05,support_raw.csv,2026-09-26T11:24:12.876716+00:00
T02657,U00449,Buffering,2026-06-16 16:13:15,support_raw.csv,2026-09-26T11:24:12.876716+00:00
T02658,U00631,Account,2026-07-10 06:56:01,support_raw.csv,2026-09-26T11:24:12.876716+00:00
T02659,U00827,unknown,2026-05-07 10:20:05,support_raw.csv,2026-09-26T11:24:12.876716+00:00
T02660,U00824,Technical,2026-09-05 14:31:35,support_raw.csv,2026-09-26T11:24:12.876716+00:00
T02661,U00502,Payment,2026-05-16 12:41:20,support_raw.csv,2026-09-26T11:24:12.876716+00:00
T02662,U00221,Account,2026-07-27 22:09:44,support_raw.csv,2026-09-26T11:24:12.876716+00:00
T02663,U00144,Login,2026-04-21 12:48:14,support_raw.csv,2026-09-26T11:24:12.876716+00:00
T02664,U00849,Account,2026-05-05 14:40:31,support_raw.csv,2026-09-26T11:24:12.876716+00:00
T02665,U00747,Payment,2026-09-14 18:46:48,support_raw.csv,2026-09-26T11:24:12.876716+00:00
T02667,U00800,Technical,2025-08-25 06:07:49,support_raw.csv,2026-09-26T11:24:12.876716+00:00
T02668,U00885,Subscription,2026-07-16 21:05:46,support_raw.csv,2026-09-26T11:24:12.876716+00:00
T02669,U00225,Payment,2025-10-02 10:17:54,support_raw.csv,2026-09-26T11:24:12.876716+00:00
T02670,U00876,unknown,2025-09-13 03:04:21,support_raw.csv,2026-09-26T11:24:12.876716+00:00
T02671,U00275,Playback,2025-06-08 13:32:33,support_raw.csv,2026-09-26T11:24:12.876716+00:00
T02672,U00062,Account,2025-05-20 05:26:28,support_raw.csv,2026-09-26T11:24:12.876716+00:00
T02673,U00873,Subscription,2026-02-06 19:09:32,support_raw.csv,2026-09-26T11:24:12.876716+00:00
T02674,U00280,Subscription,2025-07-04 23:38:24,support_raw.csv,2026-09-26T11:24:12.876716+00:00
T02675,U00689,Unknown,2026-01-22 15:13:47,support_raw.csv,2026-09-26T11:24:12.876716+00:00
T02676,U00312,Technical,2026-09-13 18:27:08,support_raw.csv,2026-09-26T11:24:12.876716+00:00
T02677,U00679,Buffering,2026-02-01 15:21:26,support_raw.csv,2026-09-26T11:24:12.876716+00:00
T02678,U00895,Payment,2025-05-04 21:28:29,support_raw.csv,2026-09-26T11:24:12.876716+00:00
T02679,U00878,Playback,2026-04-15 04:58:43,support_raw.csv,2026-09-26T11:24:12.876716+00:00
T02680,U00485,Account,2025-07-11 21:39:14,support_raw.csv,2026-09-26T11:24:12.876716+00:00
T02681,U00904,Buffering,2025-05-16 01:44:44,support_raw.csv,2026-09-26T11:24:12.876716+00:00
T02682,U00511,Technical,2025-06-09 06:52:23,support_raw.csv,2026-09-26T11:24:12.876716+00:00
T02683,U00711,Account,2026-06-11 07:13:12,support_raw.csv,2026-09-26T11:24:12.876716+00:00
T02684,U00622,Subscription,2026-09-17 12:10:48,support_raw.csv,2026-09-26T11:24:12.876716+00:00
T02685,U00062,Payment,2025-06-07 04:07:57,support_raw.csv,2026-09-26T11:24:12.876716+00:00
T02686,U00371,Subscription,2025-09-02 02:29:06,support_raw.csv,2026-09-26T11:24:12.876716+00:00
T02687,U00585,Unknown,2026-04-17 10:17:53,support_raw.csv,2026-09-26T11:24:12.876716+00:00
T02688,U00225,Subscription,2025-09-25 06:31:40,support_raw.csv,2026-09-26T11:24:12.876716+00:00
T02689,U00777,Account,2025-10-08 17:52:52,support_raw.csv,2026-09-26T11:24:12.876716+00:00
T02691,U00582,Payment,2025-07-15 09:36:04,support_raw.csv,2026-09-26T11:24:12.876716+00:00
T02692,U00776,Playback,2025-10-08 01:14:00,support_raw.csv,2026-09-26T11:24:12.876716+00:00
T02693,U00910,Playback,2025-11-20 18:54:31,support_raw.csv,2026-09-26T11:24:12.876716+00:00
T02694,U00781,Login,2026-08-31 09:47:41,support_raw.csv,2026-09-26T11:24:12.876716+00:00
T02695,U00226,PAYMENT,2026-03-06 11:37:37,support_raw.csv,2026-09-26T11:24:12.876716+00:00
T02696,U00353,PAYMENT,2025-08-17 15:11:32,support_raw.csv,2026-09-26T11:24:12.876716+00:00
T02697,U00104,Buffering,2025-06-03 18:41:01,support_raw.csv,2026-09-26T11:24:12.876716+00:00
T02698,U00577,Technical,2026-06-27 23:30:23,support_raw.csv,2026-09-26T11:24:12.876716+00:00
T02699,U00530,Playback,2026-05-16 01:29:34,support_raw.csv,2026-09-26T11:24:12.876716+00:00
T02700,U00102,Buffering,2025-11-12 16:26:30,support_raw.csv,2026-09-26T11:24:12.876716+00:00
T02701,U00064,Technical,2026-09-13 17:24:32,support_raw.csv,2026-09-26T11:24:12.876716+00:00
T02702,U00707,Subscription,2025-05-03 02:17:33,support_raw.csv,2026-09-26T11:24:12.876716+00:00
T02703,U00062,Technical,2025-03-17 09:50:27,support_raw.csv,2026-09-26T11:24:12.876716+00:00
T02704,U00166,Subscription,2025-10-11 09:25:45,support_raw.csv,2026-09-26T11:24:12.876716+00:00
T02705,U00944,Buffering,2025-02-03 16:13:07,support_raw.csv,2026-09-26T11:24:12.876716+00:00
T02706,U00322,Playback,2025-12-22 14:23:27,support_raw.csv,2026-09-26T11:24:12.876716+00:00
T02707,U00529,Login,2025-06-19 07:54:19,support_raw.csv,2026-09-26T11:24:12.876716+00:00
T02709,U00317,Payment,2025-06-10 03:54:53,support_raw.csv,2026-09-26T11:24:12.876716+00:00
T02710,U00624,Playback,2025-12-20 21:32:49,support_raw.csv,2026-09-26T11:24:12.876716+00:00
T02711,U00005,Subscription,2026-01-26 12:18:13,support_raw.csv,2026-09-26T11:24:12.876716+00:00
T02712,U00048,Buffering,2025-07-23 16:01:57,support_raw.csv,2026-09-26T11:24:12.876716+00:00
T02713,U00308,Login,2026-05-03 21:15:43,support_raw.csv,2026-09-26T11:24:12.876716+00:00
T02714,U00939,Playback,2025-11-11 21:29:18,support_raw.csv,2026-09-26T11:24:12.876716+00:00
T02715,U00616,Buffering,2025-02-26 01:50:13,support_raw.csv,2026-09-26T11:24:12.876716+00:00
T02716,U00206,Login,2026-03-28 14:51:49,support_raw.csv,2026-09-26T11:24:12.876716+00:00
T02717,U00092,Technical,2025-03-13 21:21:07,support_raw.csv,2026-09-26T11:24:12.876716+00:00
T02718,U00345,Login,2025-05-25 07:01:15,support_raw.csv,2026-09-26T11:24:12.876716+00:00
T02720,U00625,Login,2025-08-14 22:43:32,support_raw.csv,2026-09-26T11:24:12.876716+00:00
T02721,U00501,Buffering,2025-08-14 08:40:02,support_raw.csv,2026-09-26T11:24:12.876716+00:00
T02722,U00187,Buffering,2026-08-01 20:18:02,support_raw.csv,2026-09-26T11:24:12.876716+00:00
T02723,U00729,PAYMENT,2025-04-02 01:31:39,support_raw.csv,2026-09-26T11:24:12.876716+00:00
T02724,U00257,Subscription,2026-09-04 06:00:08,support_raw.csv,2026-09-26T11:24:12.876716+00:00
T02725,U00220,Login,2026-04-22 07:04:52,support_raw.csv,2026-09-26T11:24:12.876716+00:00
T02726,U00651,Technical,2025-11-18 01:58:46,support_raw.csv,2026-09-26T11:24:12.876716+00:00
T02727,U00631,Playback,2025-09-11 07:42:09,support_raw.csv,2026-09-26T11:24:12.876716+00:00
T02728,U00465,Login,2026-06-14 05:50:11,support_raw.csv,2026-09-26T11:24:12.876716+00:00
T02729,U00328,Technical,2026-09-12 09:18:09,support_raw.csv,2026-09-26T11:24:12.876716+00:00
T02730,U00897,Playback,2026-09-11 17:47:19,support_raw.csv,2026-09-26T11:24:12.876716+00:00
T02731,U00941,Technical,2025-12-30 18:46:57,support_raw.csv,2026-09-26T11:24:12.876716+00:00
T02732,U00209,Subscription,2026-08-11 08:47:27,support_raw.csv,2026-09-26T11:24:12.876716+00:00
T02734,U00351,Subscription,2026-06-17 01:17:51,support_raw.csv,2026-09-26T11:24:12.876716+00:00
T02735,U00727,Account,2025-05-07 15:55:54,support_raw.csv,2026-09-26T11:24:12.876716+00:00
T02736,U00797,Payment,2025-08-23 22:29:14,support_raw.csv,2026-09-26T11:24:12.876716+00:00
T02737,U00877,Payment,2026-08-08 12:41:55,support_raw.csv,2026-09-26T11:24:12.876716+00:00
T02738,U00694,Technical,2025-10-24 08:46:55,support_raw.csv,2026-09-26T11:24:12.876716+00:00
T02739,U00672,Subscription,2025-11-16 05:24:07,support_raw.csv,2026-09-26T11:24:12.876716+00:00
T02740,U00386,Technical,2025-03-10 08:08:36,support_raw.csv,2026-09-26T11:24:12.876716+00:00
T02741,U00602,Buffering,2025-10-03 16:40:12,support_raw.csv,2026-09-26T11:24:12.876716+00:00
T02742,U00130,Account,2025-01-04 05:26:59,support_raw.csv,2026-09-26T11:24:12.876716+00:00
T02743,U00145,Buffering,2025-08-09 05:01:17,support_raw.csv,2026-09-26T11:24:12.876716+00:00
T02744,U00675,Subscription,2025-03-19 12:53:18,support_raw.csv,2026-09-26T11:24:12.876716+00:00
T02745,U00172,Playback,2026-09-17 15:30:23,support_raw.csv,2026-09-26T11:24:12.876716+00:00
T02746,U00711,Technical,2026-01-28 03:47:19,support_raw.csv,2026-09-26T11:24:12.876716+00:00
T02747,U00339,Subscription,2026-06-25 11:23:25,support_raw.csv,2026-09-26T11:24:12.876716+00:00
T02748,U00385,Login,2026-06-01 10:45:30,support_raw.csv,2026-09-26T11:24:12.876716+00:00
T02749,U00320,Technical,2025-11-08 14:21:53,support_raw.csv,2026-09-26T11:24:12.876716+00:00
T02750,U00611,Technical,2026-04-06 08:55:36,support_raw.csv,2026-09-26T11:24:12.876716+00:00
T02751,U00317,Playback,2025-08-11 08:51:20,support_raw.csv,2026-09-26T11:24:12.876716+00:00
T02752,U00170,Technical,2025-06-02 10:30:17,support_raw.csv,2026-09-26T11:24:12.876716+00:00
T02753,U00984,Playback,2026-03-29 04:28:42,support_raw.csv,2026-09-26T11:24:12.876716+00:00
T02754,U00672,Buffering,2026-08-09 18:23:30,support_raw.csv,2026-09-26T11:24:12.876716+00:00
T02755,U00882,Playback,2025-07-12 10:40:07,support_raw.csv,2026-09-26T11:24:12.876716+00:00
T02756,U00391,Technical,2025-12-16 23:31:31,support_raw.csv,2026-09-26T11:24:12.876716+00:00
T02757,U00675,PAYMENT,2025-11-10 21:00:39,support_raw.csv,2026-09-26T11:24:12.876716+00:00
T02758,U00323,Playback,2025-02-16 00:40:53,support_raw.csv,2026-09-26T11:24:12.876716+00:00
T02759,U00743,Account,2026-07-17 19:37:36,support_raw.csv,2026-09-26T11:24:12.876716+00:00
T02760,U00339,Buffering,2025-03-10 04:34:11,support_raw.csv,2026-09-26T11:24:12.876716+00:00
T02761,U00349,Playback,2026-08-13 00:21:40,support_raw.csv,2026-09-26T11:24:12.876716+00:00
T02762,U00892,Buffering,2025-10-03 19:00:31,support_raw.csv,2026-09-26T11:24:12.876716+00:00
T02763,U00420,Buffering,2025-10-15 16:49:31,support_raw.csv,2026-09-26T11:24:12.876716+00:00
T02764,U00166,Technical,2026-08-11 17:16:24,support_raw.csv,2026-09-26T11:24:12.876716+00:00
T02765,U00008,Technical,2026-09-17 02:04:44,support_raw.csv,2026-09-26T11:24:12.876716+00:00
T02767,U00276,Subscription,2026-01-25 10:26:08,support_raw.csv,2026-09-26T11:24:12.876716+00:00
T02768,U00755,Buffering,2026-02-10 01:42:25,support_raw.csv,2026-09-26T11:24:12.876716+00:00
T02769,U00811,Technical,2026-09-08 23:18:06,support_raw.csv,2026-09-26T11:24:12.876716+00:00
T02770,U00533,Account,2025-11-24 23:09:47,support_raw.csv,2026-09-26T11:24:12.876716+00:00
T02771,U00966,Subscription,2025-03-18 04:30:59,support_raw.csv,2026-09-26T11:24:12.876716+00:00
T02772,U00742,Technical,2025-06-28 21:33:10,support_raw.csv,2026-09-26T11:24:12.876716+00:00
T02773,U00984,Account,2025-02-04 03:41:04,support_raw.csv,2026-09-26T11:24:12.876716+00:00
T02774,U00518,Technical,2025-01-04 17:02:13,support_raw.csv,2026-09-26T11:24:12.876716+00:00
T02775,U00534,Payment,2025-06-22 00:28:04,support_raw.csv,2026-09-26T11:24:12.876716+00:00
T02776,U00560,Technical,2025-07-10 22:58:48,support_raw.csv,2026-09-26T11:24:12.876716+00:00
T02777,U00735,Technical,2025-08-09 15:32:09,support_raw.csv,2026-09-26T11:24:12.876716+00:00
T02778,U00036,Account,2026-07-10 13:10:17,support_raw.csv,2026-09-26T11:24:12.876716+00:00
T02779,U00965,Technical,2026-09-08 14:51:29,support_raw.csv,2026-09-26T11:24:12.876716+00:00
T02780,U00672,Buffering,2026-02-16 06:48:11,support_raw.csv,2026-09-26T11:24:12.876716+00:00
T02781,U00993,Technical,2026-01-08 09:08:14,support_raw.csv,2026-09-26T11:24:12.876716+00:00
T02782,U00408,Technical,2025-03-04 21:20:32,support_raw.csv,2026-09-26T11:24:12.876716+00:00
T02783,U00181,Playback,2025-08-17 08:16:26,support_raw.csv,2026-09-26T11:24:12.876716+00:00
T02784,U00249,Technical,2025-07-10 09:50:51,support_raw.csv,2026-09-26T11:24:12.876716+00:00
T02785,U00053,Payment,2026-07-08 22:40:10,support_raw.csv,2026-09-26T11:24:12.876716+00:00
T02786,U00085,Account,2026-03-11 21:36:25,support_raw.csv,2026-09-26T11:24:12.876716+00:00
T02787,U00944,Buffering,2025-05-29 01:49:03,support_raw.csv,2026-09-26T11:24:12.876716+00:00
T02788,U00461,Technical,2025-10-27 08:18:01,support_raw.csv,2026-09-26T11:24:12.876716+00:00
T02789,U00068,Subscription,2025-07-23 01:22:22,support_raw.csv,2026-09-26T11:24:12.876716+00:00
T02790,U00193,Playback,2026-02-20 03:09:28,support_raw.csv,2026-09-26T11:24:12.876716+00:00
T02791,U00111,Playback,2025-12-18 05:55:26,support_raw.csv,2026-09-26T11:24:12.876716+00:00
T02792,U00510,Buffering,2026-02-28 18:48:26,support_raw.csv,2026-09-26T11:24:12.876716+00:00
T02793,U00283,Playback,2026-05-04 06:56:08,support_raw.csv,2026-09-26T11:24:12.876716+00:00
T02794,U00333,Payment,2026-02-27 22:44:02,support_raw.csv,2026-09-26T11:24:12.876716+00:00
T02795,U00752,Technical,2025-03-27 15:10:55,support_raw.csv,2026-09-26T11:24:12.876716+00:00
T02797,U00979,Playback,2026-08-12 22:12:20,support_raw.csv,2026-09-26T11:24:12.876716+00:00
T02798,U00702,Subscription,2026-07-21 09:42:10,support_raw.csv,2026-09-26T11:24:12.876716+00:00
T02799,U00762,Subscription,2026-09-16 18:22:21,support_raw.csv,2026-09-26T11:24:12.876716+00:00
T02800,U00587,Technical,2025-03-28 06:59:26,support_raw.csv,2026-09-26T11:24:12.876716+00:00
T02801,U00880,Technical,2025-03-19 23:59:57,support_raw.csv,2026-09-26T11:24:12.876716+00:00
T02802,U00843,Login,2025-09-26 00:58:42,support_raw.csv,2026-09-26T11:24:12.876716+00:00
T02803,U00481,Account,2026-06-09 16:36:11,support_raw.csv,2026-09-26T11:24:12.876716+00:00
T02804,U00400,Buffering,2025-04-29 04:44:21,support_raw.csv,2026-09-26T11:24:12.876716+00:00
T02805,U00937,Payment,2025-09-18 20:21:51,support_raw.csv,2026-09-26T11:24:12.876716+00:00
T02806,U00055,Login,2025-07-05 15:44:12,support_raw.csv,2026-09-26T11:24:12.876716+00:00
T02808,U00640,Login,2026-06-19 00:12:07,support_raw.csv,2026-09-26T11:24:12.876716+00:00
T02809,U00418,Buffering,2026-02-06 23:11:17,support_raw.csv,2026-09-26T11:24:12.876716+00:00
T02810,U00420,Payment,2025-08-27 18:38:34,support_raw.csv,2026-09-26T11:24:12.876716+00:00
T02811,U00687,Playback,2026-03-30 04:29:05,support_raw.csv,2026-09-26T11:24:12.876716+00:00
T02812,U00910,Payment,2026-02-26 02:32:52,support_raw.csv,2026-09-26T11:24:12.876716+00:00
T02813,U00308,Subscription,2025-07-03 03:40:33,support_raw.csv,2026-09-26T11:24:12.876716+00:00
T02814,U00641,Technical,2025-03-27 21:47:01,support_raw.csv,2026-09-26T11:24:12.876716+00:00
T02815,U00238,Buffering,2025-08-06 12:44:04,support_raw.csv,2026-09-26T11:24:12.876716+00:00
T02816,U00714,Buffering,2026-05-07 15:46:32,support_raw.csv,2026-09-26T11:24:12.876716+00:00
T02817,U00882,Playback,2025-10-23 02:01:11,support_raw.csv,2026-09-26T11:24:12.876716+00:00
T02818,U00068,Playback,2025-01-07 12:45:19,support_raw.csv,2026-09-26T11:24:12.876716+00:00
T02819,U00504,Account,2025-11-15 19:36:02,support_raw.csv,2026-09-26T11:24:12.876716+00:00
T02820,U00490,Technical,2026-08-02 14:38:38,support_raw.csv,2026-09-26T11:24:12.876716+00:00
T02821,U00690,Payment,2025-10-23 08:45:20,support_raw.csv,2026-09-26T11:24:12.876716+00:00
T02823,U00656,Buffering,2026-08-29 19:00:46,support_raw.csv,2026-09-26T11:24:12.876716+00:00
T02824,U00661,Subscription,2025-10-16 18:15:12,support_raw.csv,2026-09-26T11:24:12.876716+00:00
T02825,U00345,Login,2026-05-31 18:32:21,support_raw.csv,2026-09-26T11:24:12.876716+00:00
T02826,U00661,Login,2025-01-19 03:47:02,support_raw.csv,2026-09-26T11:24:12.876716+00:00
T02827,U00379,Playback,2025-03-23 20:03:51,support_raw.csv,2026-09-26T11:24:12.876716+00:00
T02828,U00670,Buffering,2025-03-07 22:57:13,support_raw.csv,2026-09-26T11:24:12.876716+00:00
T02829,U00741,Login,2025-08-13 00:35:34,support_raw.csv,2026-09-26T11:24:12.876716+00:00
T02830,U00880,Account,2026-05-25 17:00:29,support_raw.csv,2026-09-26T11:24:12.876716+00:00
T02832,U00592,Technical,2025-07-14 12:05:14,support_raw.csv,2026-09-26T11:24:12.876716+00:00
T02833,U00399,Technical,2025-02-05 00:30:34,support_raw.csv,2026-09-26T11:24:12.876716+00:00
T02835,U00693,Technical,2026-04-03 00:01:23,support_raw.csv,2026-09-26T11:24:12.876716+00:00
T02836,U00283,Buffering,2025-01-10 07:09:47,support_raw.csv,2026-09-26T11:24:12.876716+00:00
T02837,U00004,Login,2025-04-17 16:05:53,support_raw.csv,2026-09-26T11:24:12.876716+00:00
T02838,U00932,Buffering,2025-09-18 08:04:08,support_raw.csv,2026-09-26T11:24:12.876716+00:00
T02839,U00275,Buffering,2025-06-24 10:21:08,support_raw.csv,2026-09-26T11:24:12.876716+00:00
T02840,U00517,Subscription,2025-10-10 08:29:48,support_raw.csv,2026-09-26T11:24:12.876716+00:00
T02841,U00372,Login,2026-09-14 00:08:05,support_raw.csv,2026-09-26T11:24:12.876716+00:00
T02842,U00502,Playback,2025-01-28 12:16:41,support_raw.csv,2026-09-26T11:24:12.876716+00:00
T02843,U00631,Subscription,2025-12-18 07:58:15,support_raw.csv,2026-09-26T11:24:12.876716+00:00
T02844,U00261,Payment,2026-08-30 03:17:24,support_raw.csv,2026-09-26T11:24:12.876716+00:00
T02845,U00179,Subscription,2025-08-12 16:51:49,support_raw.csv,2026-09-26T11:24:12.876716+00:00
T02846,U00688,PAYMENT,2026-04-08 08:59:39,support_raw.csv,2026-09-26T11:24:12.876716+00:00
T02847,U00640,Playback,2026-09-12 21:48:53,support_raw.csv,2026-09-26T11:24:12.876716+00:00
T02848,U00236,Subscription,2025-09-12 04:03:13,support_raw.csv,2026-09-26T11:24:12.876716+00:00
T02849,U00898,Payment,2026-06-25 21:13:50,support_raw.csv,2026-09-26T11:24:12.876716+00:00
T02850,U00701,Login,2026-07-13 16:05:02,support_raw.csv,2026-09-26T11:24:12.876716+00:00
T02851,U00866,Login,2025-10-16 21:12:08,support_raw.csv,2026-09-26T11:24:12.876716+00:00
T02852,U00333,Buffering,2025-11-07 23:05:34,support_raw.csv,2026-09-26T11:24:12.876716+00:00
T02853,U00791,Buffering,2025-12-25 11:33:25,support_raw.csv,2026-09-26T11:24:12.876716+00:00
T02854,U00909,Buffering,2025-04-15 15:01:02,support_raw.csv,2026-09-26T11:24:12.876716+00:00
T02855,U00707,Subscription,2025-07-15 14:56:31,support_raw.csv,2026-09-26T11:24:12.876716+00:00
T02856,U00393,Payment,2025-08-17 19:31:25,support_raw.csv,2026-09-26T11:24:12.876716+00:00
T02857,U00887,Login,2025-05-23 21:02:57,support_raw.csv,2026-09-26T11:24:12.876716+00:00
T02858,U00380,Payment,2025-01-20 01:41:02,support_raw.csv,2026-09-26T11:24:12.876716+00:00
T02859,U00971,Playback,2026-04-17 07:21:39,support_raw.csv,2026-09-26T11:24:12.876716+00:00
T02860,U00920,Subscription,2025-12-04 01:29:20,support_raw.csv,2026-09-26T11:24:12.876716+00:00
T02861,U00053,Payment,2025-03-16 14:52:30,support_raw.csv,2026-09-26T11:24:12.876716+00:00
T02862,U00191,PAYMENT,2025-12-27 18:44:20,support_raw.csv,2026-09-26T11:24:12.876716+00:00
T02863,U00803,Buffering,2026-07-21 16:25:00,support_raw.csv,2026-09-26T11:24:12.876716+00:00
T02864,U00658,Playback,2025-12-28 14:21:38,support_raw.csv,2026-09-26T11:24:12.876716+00:00
T02865,U00648,Buffering,2025-07-18 14:50:21,support_raw.csv,2026-09-26T11:24:12.876716+00:00
T02866,U00756,Payment,2026-08-24 22:56:06,support_raw.csv,2026-09-26T11:24:12.876716+00:00
T02867,U00861,Login,2025-01-13 20:11:56,support_raw.csv,2026-09-26T11:24:12.876716+00:00
T02868,U00049,Technical,2025-01-11 00:23:33,support_raw.csv,2026-09-26T11:24:12.876716+00:00
T02869,U00867,Payment,2026-02-22 06:38:07,support_raw.csv,2026-09-26T11:24:12.876716+00:00
T02870,U00537,Payment,2025-09-13 02:47:31,support_raw.csv,2026-09-26T11:24:12.876716+00:00
T02871,U00756,Playback,2025-01-22 22:50:17,support_raw.csv,2026-09-26T11:24:12.876716+00:00
T02872,U00631,Buffering,2025-05-09 17:32:59,support_raw.csv,2026-09-26T11:24:12.876716+00:00
T02873,U00590,Subscription,2025-09-18 16:54:11,support_raw.csv,2026-09-26T11:24:12.876716+00:00
T02874,U00196,Technical,2025-12-26 06:51:37,support_raw.csv,2026-09-26T11:24:12.876716+00:00
T02875,U00665,Subscription,2025-03-07 08:16:26,support_raw.csv,2026-09-26T11:24:12.876716+00:00
T02876,U00217,Buffering,2025-06-08 14:07:36,support_raw.csv,2026-09-26T11:24:12.876716+00:00
T02877,U00919,Payment,2025-07-14 04:51:30,support_raw.csv,2026-09-26T11:24:12.876716+00:00
T02878,U00562,Subscription,2025-11-02 22:25:13,support_raw.csv,2026-09-26T11:24:12.876716+00:00
T02879,U00441,Account,2025-02-22 01:04:15,support_raw.csv,2026-09-26T11:24:12.876716+00:00
T02881,U00025,Subscription,2025-08-05 09:53:37,support_raw.csv,2026-09-26T11:24:12.876716+00:00
T02882,U00879,Buffering,2026-05-30 21:53:12,support_raw.csv,2026-09-26T11:24:12.876716+00:00
T02883,U00048,Subscription,2025-12-11 01:53:02,support_raw.csv,2026-09-26T11:24:12.876716+00:00
T02884,U00271,Subscription,2025-07-06 20:55:11,support_raw.csv,2026-09-26T11:24:12.876716+00:00
T02885,U00916,Playback,2025-12-27 11:01:40,support_raw.csv,2026-09-26T11:24:12.876716+00:00
T02886,U00073,Subscription,2026-06-30 11:15:30,support_raw.csv,2026-09-26T11:24:12.876716+00:00
T02887,U00978,Subscription,2025-11-27 10:22:57,support_raw.csv,2026-09-26T11:24:12.876716+00:00
T02888,U00144,Technical,2025-09-19 13:38:20,support_raw.csv,2026-09-26T11:24:12.876716+00:00
T02889,U00016,Subscription,2026-02-03 06:54:48,support_raw.csv,2026-09-26T11:24:12.876716+00:00
T02890,U00928,Subscription,2026-05-12 04:08:36,support_raw.csv,2026-09-26T11:24:12.876716+00:00
T02891,U00166,Payment,2026-02-01 21:14:40,support_raw.csv,2026-09-26T11:24:12.876716+00:00
T02892,U00715,Payment,2025-01-07 00:37:59,support_raw.csv,2026-09-26T11:24:12.876716+00:00
T02893,U00768,Subscription,2025-11-18 15:56:06,support_raw.csv,2026-09-26T11:24:12.876716+00:00
T02894,U00672,unknown,2025-12-28 01:30:10,support_raw.csv,2026-09-26T11:24:12.876716+00:00
T02895,U00369,Login,2025-05-22 21:29:33,support_raw.csv,2026-09-26T11:24:12.876716+00:00
T02897,U00077,Subscription,2025-10-01 11:21:40,support_raw.csv,2026-09-26T11:24:12.876716+00:00
T02898,U00534,Account,2026-07-18 05:09:00,support_raw.csv,2026-09-26T11:24:12.876716+00:00
T02899,U00618,Playback,2025-07-14 07:15:22,support_raw.csv,2026-09-26T11:24:12.876716+00:00
T02900,U00134,Login,2025-02-22 22:46:15,support_raw.csv,2026-09-26T11:24:12.876716+00:00
T02901,U00119,Subscription,2025-11-13 02:11:54,support_raw.csv,2026-09-26T11:24:12.876716+00:00
T02902,U00046,Technical,2026-03-11 14:19:23,support_raw.csv,2026-09-26T11:24:12.876716+00:00
T02903,U00061,Playback,2025-06-15 07:15:16,support_raw.csv,2026-09-26T11:24:12.876716+00:00
T02904,U00584,Playback,2026-08-24 02:25:23,support_raw.csv,2026-09-26T11:24:12.876716+00:00
T02905,U00878,Playback,2026-01-11 13:53:25,support_raw.csv,2026-09-26T11:24:12.876716+00:00
T02906,U00109,Technical,2025-05-24 19:06:11,support_raw.csv,2026-09-26T11:24:12.876716+00:00
T02907,U00027,Technical,2025-04-04 14:05:29,support_raw.csv,2026-09-26T11:24:12.876716+00:00
T02908,U00029,Login,2025-04-03 11:42:01,support_raw.csv,2026-09-26T11:24:12.876716+00:00
T02909,U00762,Subscription,2025-07-21 02:02:50,support_raw.csv,2026-09-26T11:24:12.876716+00:00
T02910,U00516,Payment,2025-07-12 15:18:51,support_raw.csv,2026-09-26T11:24:12.876716+00:00
T02911,U00088,Account,2025-01-27 21:12:06,support_raw.csv,2026-09-26T11:24:12.876716+00:00
T02912,U00441,Technical,2026-04-20 08:37:45,support_raw.csv,2026-09-26T11:24:12.876716+00:00
T02913,U00947,Subscription,2026-08-17 12:16:56,support_raw.csv,2026-09-26T11:24:12.876716+00:00
T02914,U00123,Account,2026-03-18 14:31:25,support_raw.csv,2026-09-26T11:24:12.876716+00:00
T02916,U00621,Buffering,2025-06-04 10:53:59,support_raw.csv,2026-09-26T11:24:12.876716+00:00
T02917,U00122,Account,2025-03-07 06:27:48,support_raw.csv,2026-09-26T11:24:12.876716+00:00
T02918,U00978,Unknown,2026-08-28 23:47:20,support_raw.csv,2026-09-26T11:24:12.876716+00:00
T02919,U00042,Buffering,2025-11-18 00:53:07,support_raw.csv,2026-09-26T11:24:12.876716+00:00
T02920,U00785,Playback,2025-11-02 12:28:14,support_raw.csv,2026-09-26T11:24:12.876716+00:00
T02921,U00653,Account,2025-10-28 08:19:52,support_raw.csv,2026-09-26T11:24:12.876716+00:00
T02922,U00158,Buffering,2025-02-26 09:31:33,support_raw.csv,2026-09-26T11:24:12.876716+00:00
T02923,U00372,Buffering,2025-06-20 00:38:29,support_raw.csv,2026-09-26T11:24:12.876716+00:00
T02924,U00384,Playback,2025-04-16 15:03:35,support_raw.csv,2026-09-26T11:24:12.876716+00:00
T02925,U00324,Playback,2025-05-24 11:44:04,support_raw.csv,2026-09-26T11:24:12.876716+00:00
T02926,U00614,Login,2025-12-03 18:05:16,support_raw.csv,2026-09-26T11:24:12.876716+00:00
T02927,U00668,Account,2025-05-31 10:17:31,support_raw.csv,2026-09-26T11:24:12.876716+00:00
T02929,U00641,Technical,2026-09-03 22:46:06,support_raw.csv,2026-09-26T11:24:12.876716+00:00
T02930,U00255,Subscription,2025-03-07 02:56:55,support_raw.csv,2026-09-26T11:24:12.876716+00:00
T02931,U00960,Playback,2025-06-27 06:14:19,support_raw.csv,2026-09-26T11:24:12.876716+00:00
T02932,U00981,Account,2026-09-06 19:12:27,support_raw.csv,2026-09-26T11:24:12.876716+00:00
T02933,U00088,Payment,2025-12-25 00:08:44,support_raw.csv,2026-09-26T11:24:12.876716+00:00
T02934,U00815,Buffering,2025-04-30 20:04:21,support_raw.csv,2026-09-26T11:24:12.876716+00:00
T02936,U00881,Buffering,2026-04-22 17:58:12,support_raw.csv,2026-09-26T11:24:12.876716+00:00
T02937,U00373,Playback,2025-02-26 07:01:46,support_raw.csv,2026-09-26T11:24:12.876716+00:00
T02938,U00392,Buffering,2025-01-09 18:19:31,support_raw.csv,2026-09-26T11:24:12.876716+00:00
T02939,U00561,Technical,2025-08-19 08:52:42,support_raw.csv,2026-09-26T11:24:12.876716+00:00
T02940,U00155,Login,2025-08-10 10:51:42,support_raw.csv,2026-09-26T11:24:12.876716+00:00
T02941,U00885,Login,2026-08-22 08:40:53,support_raw.csv,2026-09-26T11:24:12.876716+00:00
T02942,U00038,Buffering,2026-06-18 11:18:29,support_raw.csv,2026-09-26T11:24:12.876716+00:00
T02943,U00856,Subscription,2026-03-19 02:24:03,support_raw.csv,2026-09-26T11:24:12.876716+00:00
T02944,U00746,Playback,2025-05-14 02:15:21,support_raw.csv,2026-09-26T11:24:12.876716+00:00
T02945,U00964,Playback,2026-03-26 06:36:44,support_raw.csv,2026-09-26T11:24:12.876716+00:00
T02946,U00572,Subscription,2025-09-10 12:43:56,support_raw.csv,2026-09-26T11:24:12.876716+00:00
T02947,U00294,Login,2026-06-05 15:10:27,support_raw.csv,2026-09-26T11:24:12.876716+00:00
T02948,U00502,Account,2026-09-16 21:14:43,support_raw.csv,2026-09-26T11:24:12.876716+00:00
T02949,U00940,Playback,2025-11-05 08:32:34,support_raw.csv,2026-09-26T11:24:12.876716+00:00
T02950,U00649,Login,2025-08-05 18:19:30,support_raw.csv,2026-09-26T11:24:12.876716+00:00
T02951,U00550,Playback,2025-10-04 20:57:22,support_raw.csv,2026-09-26T11:24:12.876716+00:00
T02952,U00535,Subscription,2025-10-29 04:04:06,support_raw.csv,2026-09-26T11:24:12.876716+00:00
T02953,U00578,Buffering,2025-04-23 21:43:56,support_raw.csv,2026-09-26T11:24:12.876716+00:00
T02954,U00622,Technical,2025-02-25 09:19:56,support_raw.csv,2026-09-26T11:24:12.876716+00:00
T02955,U00202,Buffering,2026-02-03 22:31:43,support_raw.csv,2026-09-26T11:24:12.876716+00:00
T02956,U00332,Account,2026-07-07 22:36:47,support_raw.csv,2026-09-26T11:24:12.876716+00:00
T02957,U00181,Login,2025-08-03 03:32:23,support_raw.csv,2026-09-26T11:24:12.876716+00:00
T02958,U00687,Payment,2026-09-02 09:29:20,support_raw.csv,2026-09-26T11:24:12.876716+00:00
T02959,U00531,Buffering,2025-09-23 18:23:27,support_raw.csv,2026-09-26T11:24:12.876716+00:00
T02960,U00245,unknown,2026-04-22 02:14:40,support_raw.csv,2026-09-26T11:24:12.876716+00:00
T02961,U00416,Login,2026-01-09 01:38:52,support_raw.csv,2026-09-26T11:24:12.876716+00:00
T02962,U00201,Payment,2026-03-07 12:59:18,support_raw.csv,2026-09-26T11:24:12.876716+00:00
T02963,U00367,Unknown,2026-04-22 21:46:37,support_raw.csv,2026-09-26T11:24:12.876716+00:00
T02964,U00998,Technical,2025-03-22 09:21:45,support_raw.csv,2026-09-26T11:24:12.876716+00:00
T02965,U00482,Subscription,2026-08-29 06:25:49,support_raw.csv,2026-09-26T11:24:12.876716+00:00
T02966,U00353,Payment,2025-05-18 10:09:30,support_raw.csv,2026-09-26T11:24:12.876716+00:00
T02967,U00617,Technical,2025-05-31 14:01:56,support_raw.csv,2026-09-26T11:24:12.876716+00:00
T02968,U00948,Account,2025-09-16 18:48:08,support_raw.csv,2026-09-26T11:24:12.876716+00:00
T02969,U00249,Login,2025-06-21 06:11:23,support_raw.csv,2026-09-26T11:24:12.876716+00:00
T02970,U00965,Payment,2025-03-17 09:42:21,support_raw.csv,2026-09-26T11:24:12.876716+00:00
T02971,U00970,Technical,2025-01-09 02:12:28,support_raw.csv,2026-09-26T11:24:12.876716+00:00
T02972,U00443,Technical,2026-04-28 03:08:29,support_raw.csv,2026-09-26T11:24:12.876716+00:00
T02973,U00900,Buffering,2026-03-01 04:15:38,support_raw.csv,2026-09-26T11:24:12.876716+00:00
T02974,U00547,Login,2025-01-29 09:13:30,support_raw.csv,2026-09-26T11:24:12.876716+00:00
T02975,U00007,Buffering,2026-04-04 22:09:43,support_raw.csv,2026-09-26T11:24:12.876716+00:00
T02976,U00002,Technical,2025-03-16 19:15:24,support_raw.csv,2026-09-26T11:24:12.876716+00:00
T02977,U00972,Subscription,2026-05-27 03:20:36,support_raw.csv,2026-09-26T11:24:12.876716+00:00
T02978,U00119,Playback,2025-02-06 16:53:31,support_raw.csv,2026-09-26T11:24:12.876716+00:00
T02980,U00623,Unknown,2026-09-12 15:40:22,support_raw.csv,2026-09-26T11:24:12.876716+00:00
T02981,U00473,Subscription,2025-12-30 16:19:36,support_raw.csv,2026-09-26T11:24:12.876716+00:00
T02982,U00555,Buffering,2026-08-22 01:07:52,support_raw.csv,2026-09-26T11:24:12.876716+00:00
T02983,U00913,Technical,2026-09-07 06:42:04,support_raw.csv,2026-09-26T11:24:12.876716+00:00
T02984,U00689,Buffering,2025-04-04 19:47:30,support_raw.csv,2026-09-26T11:24:12.876716+00:00
T02985,U00042,Subscription,2025-01-15 19:31:35,support_raw.csv,2026-09-26T11:24:12.876716+00:00
T02986,U00965,Technical,2025-08-29 15:09:30,support_raw.csv,2026-09-26T11:24:12.876716+00:00
T02987,U00180,Subscription,2026-09-13 19:10:35,support_raw.csv,2026-09-26T11:24:12.876716+00:00
T02988,U00393,Subscription,2025-11-10 00:55:57,support_raw.csv,2026-09-26T11:24:12.876716+00:00
T02989,U00073,Buffering,2025-12-21 23:21:24,support_raw.csv,2026-09-26T11:24:12.876716+00:00
T02990,U00072,Account,2025-06-13 15:13:02,support_raw.csv,2026-09-26T11:24:12.876716+00:00
T02991,U00952,Playback,2026-07-19 21:03:05,support_raw.csv,2026-09-26T11:24:12.876716+00:00
T02992,U00003,Login,2025-05-14 14:43:37,support_raw.csv,2026-09-26T11:24:12.876716+00:00
T02993,U00956,Technical,2026-05-06 17:36:50,support_raw.csv,2026-09-26T11:24:12.876716+00:00
T02994,U00860,Account,2026-06-22 12:13:55,support_raw.csv,2026-09-26T11:24:12.876716+00:00
T02995,U00913,Payment,2025-07-11 08:56:18,support_raw.csv,2026-09-26T11:24:12.876716+00:00
T02996,U00795,Playback,2025-04-13 12:32:12,support_raw.csv,2026-09-26T11:24:12.876716+00:00
T02997,U00322,Technical,2026-08-06 03:19:30,support_raw.csv,2026-09-26T11:24:12.876716+00:00
T02998,U00674,Payment,2025-04-17 15:28:28,support_raw.csv,2026-09-26T11:24:12.876716+00:00
T02999,U00168,Playback,2026-07-09 02:05:22,support_raw.csv,2026-09-26T11:24:12.876716+00:00
T03000,U00280,Account,2025-06-29 02:16:39,support_raw.csv,2026-09-26T11:24:12.876716+00:00
