ad_event_id,user_id,content_id,campaign_id,timestamp,impression,click
A00001,U00777,C00213,CAM0029,2025-02-19 18:02:38,0,0
A00002,U99999,C00042,CAM0058,2026-04-06 18:03:35,0,0
A00003,U00306,C00045,CAM0047,2025-05-10 11:07:02,0,0
A00004,U00558,C00075,CAM0048,2025-06-08 08:50:56,0,0
A00005,U00096,C00198,CAM0016,2025-06-28 21:33:03,0,0
A00006,U00663,C00013,CAM0019,2026-07-23 13:15:10,0,0
A00007,U00385,C00001,CAM0013,2025-01-23 10:30:17,0,0
A00008,U00699,C00001,CAM0038,2025-09-20 15:21:38,1,0
A00009,U00028,C00044,CAM0002,2026-08-21 21:53:01,1,0
A00010,U00157,C00013,CAM0002,2026-06-24 18:17:03,0,0
A00011,U00366,C00101,CAM0039,2025-06-14 14:05:03,0,1
A00012,U99999,C00112,CAM0046,2025-05-06 21:55:49,0,0
A00013,U00273,C00062,CAM0034,2026-01-08 17:15:52,1,0
A00014,U00237,C00127,CAM0055,2025-07-10 18:07:18,0,0
A00015,U00234,C00250,CAM0023,2026-04-24 08:24:04,1,0
A00016,U00967,C00125,CAM0027,2025-07-03 11:49:46,0,0
A00017,U00754,C00151,CAM0032,2025-10-24 16:07:42,0,0
A00018,U00334,C00036,CAM0030,2026-05-26 05:02:10,0,1
A00019,U00926,C00099,CAM0032,2026-08-22 09:33:44,1,0
A00020,U00238,C00243,CAM0038,2025-03-15 11:42:47,1,0
A00021,U00894,C00003,CAM0015,2026-01-23 12:47:02,1,1
A00022,U00631,C00243,CAM0020,2025-02-18 15:15:09,1,0
A00023,U00072,C00215,CAM0020,2025-01-23 12:58:14,0,0
A00024,U00604,C00136,CAM0036,2026-01-02 08:38:45,1,0
A00025,U00991,C00157,CAM0024,2025-07-07 03:48:21,0,1
A00026,U00106,C00132,,2026-04-01 07:10:24,1,0
A00027,U00549,C00227,CAM0019,2025-01-10 05:43:02,1,1
A00028,U00690,C00057,CAM0033,2025-01-07 07:02:19,2,0
A00029,U00153,C00018,CAM0010,,0,0
A00030,U00845,C00074,CAM0042,2025-03-12 09:49:11,1,0
A00031,U00956,C00142,CAM0057,2026-06-28 16:40:53,1,0
A00032,U00882,C00232,CAM0024,2025-10-01 08:53:53,1,0
A00033,U00554,C00236,CAM0031,2025-01-25 12:25:45,0,0
A00034,U00954,C00031,CAM0034,2025-12-26 19:00:28,0,0
A00035,U00629,C00094,CAM0047,2025-02-01 17:56:51,1,0
A00036,U00809,C00060,CAM0043,2025-10-09 17:54:18,1,0
A00037,U00139,C00188,CAM0052,2025-02-23 16:09:20,1,0
A00038,U00928,C00109,CAM0036,2025-02-23 22:14:18,0,0
A00039,U00643,C00100,CAM0014,2026-06-16 20:28:36,1,0
A00040,U00147,C00070,CAM0044,2025-08-12 00:46:55,1,0
A00041,U00980,C00110,CAM0022,2025-10-10 13:35:17,1,0
A00042,U00374,C00171,CAM0032,2026-05-26 03:41:22,1,0
A00043,U00840,C00208,CAM0058,2025-06-27 21:04:52,,0
A00044,U00872,C00022,CAM0031,2025-04-13 14:27:59,1,0
A00045,U00974,C00177,CAM0036,2025-08-19 07:51:44,1,0
A00046,U00479,C00011,CAM0057,2025-10-02 09:55:43,1,0
A00047,U00387,C00026,CAM0029,2025-06-23 18:15:02,1,0
A00048,U00412,C00015,CAM0027,2026-07-03 15:42:14,1,0
A00049,U00511,C00188,CAM0044,2025-01-03 02:25:45,1,1
A00050,U00315,C00002,CAM0039,2026-07-30 02:12:59,0,0
A00051,U00395,C00008,CAM0010,2026-05-09 19:28:15,1,0
A00052,U00024,C00186,CAM0059,2025-12-14 13:48:38,0,0
A00053,U00027,C00110,CAM0019,2026-01-31 02:23:46,0,0
A00054,U00796,C00050,CAM0010,2025-10-05 04:37:46,1,0
A00055,U00064,C00199,CAM0035,2026-02-20 22:36:33,0,0
A00056,U00538,C00077,CAM0035,2026-05-09 18:21:45,1,1
A00057,U00704,C00241,CAM0054,2025-09-13 12:24:24,1,0
A00058,U00717,C00018,CAM0012,2025-08-04 09:21:22,0,0
A00059,U00613,C00106,CAM0004,,0,0
A00060,U00806,C00143,CAM0012,2026-09-02 01:39:44,0,1
A00061,U00729,C00041,CAM0048,2026-08-24 16:36:26,1,0
A00062,U00705,C00020,CAM0036,2025-11-16 21:29:40,1,1
A00063,U00530,C00218,CAM0010,2025-06-14 13:50:21,1,1
A00064,U00331,C00111,CAM0047,2025-12-19 17:25:34,1,0
A00065,U00599,C00075,CAM0044,2026-03-09 08:07:06,1,0
A00066,U00461,C00143,CAM0031,2026-05-14 07:36:13,1,0
A00067,U00604,C00186,CAM0029,2025-03-27 08:03:48,0,1
A00068,U00712,C00034,CAM0019,2026-07-11 00:03:23,0,1
A00069,U00019,C00238,CAM0028,2025-06-04 13:56:44,0,1
A00070,U00645,C00138,CAM0054,2025-12-21 00:42:54,1,1
A00071,U00157,C00182,CAM0027,2026-08-20 04:11:12,1,0
A00072,U00169,C00214,CAM0025,2026-08-03 23:22:35,0,0
A00073,U00427,C00017,CAM0022,2026-05-26 17:07:47,0,1
A00074,U00316,C00013,CAM0031,2026-06-22 11:56:24,1,0
A00075,U00048,C00179,CAM0041,2025-05-17 18:55:00,0,0
A00076,U00494,C00079,CAM0041,2026-04-02 03:01:08,1,1
A00077,U00186,C00190,CAM0055,2025-08-05 10:33:01,0,0
A00078,U00944,C00200,CAM0010,2025-08-06 05:58:45,1,0
A00079,U00743,C00034,CAM0016,2026-06-11 04:18:21,0,0
A00080,U00677,C00175,CAM0006,2025-07-29 09:14:25,0,0
A00081,U00832,C00090,CAM0034,2025-04-26 02:27:57,1,0
A00082,U00981,C00199,CAM0022,2026-07-26 14:36:25,0,0
A00083,U00225,C00079,CAM0014,2026-02-25 21:11:04,0,0
A00084,U00063,C00015,CAM0034,2026-07-19 14:40:31,1,0
A00085,U00037,C00090,CAM0005,2025-02-16 13:38:00,0,0
A00086,U00710,C00199,CAM0005,2025-10-07 11:34:03,1,0
A00087,U00736,C00140,CAM0013,2025-08-08 13:29:44,1,0
A00088,U00530,C00064,CAM0023,2025-04-16 05:04:36,1,0
A00089,U00430,C00003,CAM0029,2026-01-10 16:19:55,0,0
A00090,U00615,C00214,CAM0031,2025-11-04 15:32:20,1,0
A00091,U00238,C00102,CAM0040,2025-03-24 23:20:09,1,0
A00092,U00241,C00200,CAM0056,2025-04-13 06:52:14,1,0
A00093,U00187,C00059,CAM0019,2025-02-24 00:07:18,1,1
A00094,U00602,C00248,CAM0046,2026-08-22 12:11:03,0,0
A00095,U00982,C00173,CAM0007,2025-12-22 16:42:33,0,0
A00096,U00374,C00042,CAM0019,2025-09-02 01:35:00,1,0
A00097,U00637,C00007,CAM0007,2025-05-04 17:12:44,1,0
A00098,U00493,C00044,CAM0054,2025-01-30 12:36:55,1,0
A00099,U00161,C00114,CAM0050,2025-01-27 20:46:32,1,0
A00100,U00094,C00090,CAM0011,2025-04-01 23:31:12,0,1
A00101,U00126,C00121,CAM0034,2025-11-20 12:26:29,0,0
A00102,U00916,C00168,CAM0026,2026-06-24 21:53:02,0,0
A00103,U00418,C00062,CAM0028,2026-03-08 08:56:59,1,0
A00104,U00686,C00099,CAM0041,2026-06-01 02:29:13,1,0
A00105,U00292,C00195,CAM0021,2025-10-19 18:54:06,1,0
A00106,U00785,C00192,CAM0027,2025-05-05 06:52:04,1,0
A00107,U00396,C00210,CAM0049,2026-05-06 16:10:35,1,0
A00108,U00620,C00044,CAM0036,2026-05-04 19:25:51,0,1
A00109,U00988,C00020,CAM0052,2026-08-18 02:47:16,0,0
A00110,U00938,C00182,CAM0027,2025-07-01 07:07:02,1,0
A00111,U00196,C00249,CAM0008,2025-06-30 12:55:55,0,0
A00112,U00095,C00178,CAM0010,2026-06-18 10:47:09,1,0
A00113,U00448,C00185,CAM0051,2025-08-11 01:49:23,1,0
A00114,U00492,C00227,CAM0057,2026-02-15 12:08:41,0,0
A00115,U00286,C00218,CAM0038,2026-01-04 02:06:07,0,0
A00116,U00245,C00011,CAM0047,2025-06-12 21:28:24,0,1
A00117,U00602,C00156,CAM0008,2025-11-11 06:47:20,0,0
A00118,U00734,C00001,CAM0011,2026-04-24 12:44:19,1,1
A00119,U00450,C00014,CAM0050,2025-11-29 23:39:47,1,0
A00120,U00868,C00002,CAM0039,2025-06-12 22:28:41,0,0
A00121,U00493,C00113,CAM0028,2026-07-10 18:02:22,0,0
A00122,U00986,C00004,CAM0025,2026-04-01 01:25:46,0,1
A00123,U00023,C00012,CAM0023,2025-08-09 18:04:01,0,1
A00124,U00221,C00089,CAM0032,2025-08-07 02:20:25,0,0
A00125,U00110,C00114,CAM0020,2025-07-26 05:56:09,1,0
A00126,U00985,C00020,CAM0016,2026-08-15 20:31:55,0,0
A00127,U00554,C00167,CAM0012,2026-07-13 06:40:06,0,0
A00128,U00352,C00038,CAM0026,2025-06-27 03:29:46,1,0
A00129,U00252,C00138,CAM0050,2025-02-15 20:55:14,1,0
A00130,U00508,C00123,CAM0040,2026-04-12 12:36:12,0,0
A00131,U00872,C00195,CAM0014,2026-02-19 23:58:45,0,0
A00132,U00011,C00102,CAM0014,2025-03-25 14:21:51,0,0
A00133,U00966,C00153,CAM0041,2026-07-27 19:15:46,1,0
A00134,U00473,C00201,CAM0026,2025-04-07 15:23:29,1,0
A00135,U00688,C00068,CAM0033,2025-11-30 05:01:09,1,0
A00136,U00883,C00169,CAM0028,2026-04-09 00:45:50,0,1
A00137,U00963,C00201,CAM0016,2025-06-25 01:11:10,0,0
A00138,U00059,C00154,CAM0012,2025-02-11 10:24:45,0,0
A00139,U00120,C00072,CAM0039,2026-07-15 03:27:29,0,0
A00140,U00703,C00098,CAM0036,2025-09-29 02:21:57,0,0
A00141,U00474,C00160,CAM0013,2026-04-22 20:14:31,0,1
A00142,U00939,C00249,CAM0017,2025-10-31 15:06:04,0,1
A00143,U00650,C00029,CAM0001,2026-04-22 06:53:48,1,0
A00144,U00227,C00230,CAM0015,2026-02-08 18:14:26,0,0
A00145,U00700,C00217,CAM0014,2026-03-06 06:42:03,0,0
A00146,U00246,C00096,CAM0014,2025-12-23 00:02:18,1,0
A00147,U00696,C00128,CAM0009,2025-12-28 05:48:36,0,0
A00148,U00627,C00034,CAM0049,2026-05-11 09:37:14,1,0
A00149,U00667,C00017,CAM0035,2026-05-05 04:56:38,1,0
A00150,U00048,C00105,CAM0040,2025-11-08 19:13:18,1,1
A00151,U00509,C00104,CAM0032,2026-07-20 04:26:47,1,1
A00152,U00126,C00049,CAM0055,2025-01-08 17:13:11,1,0
A00153,U00618,C00128,CAM0009,2025-01-02 04:11:47,0,1
A00154,U00721,C00109,CAM0014,2025-04-12 00:30:26,1,1
A00155,U00521,C00145,CAM0035,2025-10-20 00:09:39,1,1
A00156,U00318,C00129,CAM0050,2026-04-01 05:08:00,0,1
A00157,U00477,C00219,CAM0053,2026-05-12 07:17:04,0,1
A00158,U00768,C00017,CAM0037,2026-06-29 10:49:52,1,0
A00159,U00009,C00001,CAM0014,2026-02-11 23:48:38,0,0
A00160,U00664,C00015,CAM0017,2025-06-09 05:45:09,0,0
A00161,U00363,C00218,CAM0014,2025-02-24 11:05:28,1,0
A00162,U00011,C00193,CAM0024,2026-06-23 17:51:51,0,0
A00163,U00687,C00049,CAM0020,2026-06-19 00:02:25,1,0
A00164,U00805,C00048,CAM0022,2025-09-13 01:12:25,1,0
A00165,U00283,C00235,CAM0059,2025-02-19 02:47:13,1,0
A00166,U00224,C00227,CAM0056,2026-09-13 18:18:20,1,1
A00167,U00029,C00026,CAM0050,2026-02-10 05:23:35,0,0
A00168,U00798,C00092,CAM0031,2026-06-12 14:40:10,0,1
A00169,U00611,C00091,CAM0045,2026-06-03 02:14:22,0,0
A00170,U00154,C00067,CAM0044,2026-07-18 23:41:27,1,0
A00171,U00775,C00176,CAM0028,2025-02-10 04:36:12,1,0
A00172,U00336,C00147,CAM0060,2026-03-28 19:36:31,0,0
A00173,U00759,C00206,CAM0044,2026-06-09 10:23:07,0,0
A00174,U00630,C00239,CAM0016,2026-03-22 08:06:18,1,0
A00175,U00724,C00191,CAM0033,2026-07-20 06:14:34,,0
A00176,U00733,C00048,CAM0018,2025-08-27 20:25:35,1,1
A00177,U00729,C00080,CAM0053,2025-07-01 20:24:44,1,0
A00178,U00323,C00152,CAM0023,2026-05-05 14:12:56,0,0
A00179,U00964,C00040,CAM0036,2025-11-09 23:06:46,1,0
A00180,U00599,C00196,CAM0046,2025-06-22 12:46:21,0,0
A00181,U00998,C00013,CAM0028,2025-04-30 18:18:07,1,0
A00182,U00139,C00026,CAM0044,2025-02-03 08:14:01,0,1
A00183,U00230,C00087,CAM0039,2025-01-26 05:17:26,0,0
A00184,U00188,C00188,CAM0053,2026-05-12 15:37:19,1,1
A00185,U00024,C00166,CAM0049,2025-08-25 06:41:30,1,0
A00186,U00815,C00067,CAM0033,2025-04-22 06:21:57,yes,0
A00187,U00774,C00054,CAM0051,2025-01-15 05:11:31,0,0
A00188,U00630,C00084,CAM0033,2026-02-10 14:01:37,1,0
A00189,U00923,C00114,CAM0014,2026-04-07 08:58:51,0,1
A00190,U00274,C00044,CAM0041,2025-11-06 15:27:19,0,0
A00191,U00364,C00012,CAM0009,2026-05-31 18:48:27,1,0
A00192,U00780,C00214,CAM0024,2026-09-08 11:51:52,0,0
A00193,U00778,C00174,,2025-07-04 13:20:38,1,0
A00194,U00809,C00147,CAM0053,2025-10-08 04:35:53,1,1
A00195,U00617,C00216,CAM0008,2025-12-28 02:38:37,0,0
A00196,U00483,C00016,CAM0016,2025-12-05 04:01:23,1,0
A00197,U00486,C00050,CAM0025,2025-06-20 22:59:01,0,0
A00198,U00354,C00229,CAM0042,2025-05-23 07:13:16,1,1
A00199,U00206,C00120,CAM0019,2026-07-12 08:51:16,0,0
A00200,U00545,C00078,CAM0018,2026-03-01 07:06:40,1,0
A00201,U00366,C00039,CAM0037,2025-03-20 06:59:52,1,0
A00202,U00052,C00146,CAM0002,2025-02-17 09:49:33,0,0
A00203,U00825,C00083,CAM0060,2026-02-05 17:08:30,1,0
A00204,U00332,C00222,CAM0030,2025-06-04 14:45:17,0,0
A00205,U00023,C00046,CAM0011,2025-01-25 05:22:29,0,1
A00206,U99999,C00213,CAM0016,2026-05-05 02:26:49,1,0
A00207,U00044,C00220,CAM0051,2025-10-11 20:38:10,0,0
A00208,U00703,C00175,CAM0017,2026-08-28 03:04:36,0,0
A00209,U00428,C00072,CAM0051,2026-06-17 00:24:18,1,0
A00210,U00681,C00016,CAM0053,2026-07-06 18:16:54,1,0
A00211,U00640,C00229,CAM0047,2025-06-27 17:03:36,0,1
A00212,U00071,C00159,CAM0035,2025-10-23 13:13:27,1,0
A00213,U00073,C00006,CAM0009,2026-07-06 11:58:39,0,0
A00214,U00411,C00083,CAM0017,2026-02-22 14:36:51,0,0
A00215,U00178,C00248,CAM0052,2025-05-10 12:30:04,0,1
A00216,U00957,C00245,CAM0005,2025-10-02 03:47:38,0,0
A00217,U00881,C00008,CAM0006,2026-04-11 18:47:17,0,1
A00218,U00494,C00155,CAM0060,2026-02-01 06:55:29,1,0
A00219,U00022,C00217,CAM0020,2025-12-29 00:20:41,0,0
A00220,U00882,C00103,CAM0012,2025-04-20 01:29:36,1,0
A00221,U00078,C00240,CAM0029,2026-01-19 06:46:59,1,0
A00222,U00477,C00176,CAM0019,2026-09-16 19:06:57,0,0
A00223,U00204,C00217,CAM0037,2026-09-03 06:00:57,0,1
A00224,U00903,C00005,CAM0045,2025-08-28 09:16:45,1,1
A00225,U00019,C00119,CAM0047,2026-08-08 13:02:38,0,1
A00226,U00444,C00014,CAM0047,2025-10-06 16:49:07,1,1
A00227,U00918,C00083,CAM0009,2026-01-03 01:25:53,0,0
A00228,U00992,C00019,CAM0047,2025-03-16 03:44:33,0,0
A00229,U00607,C00129,CAM0056,2025-05-04 08:29:51,0,0
A00230,U00528,C00181,CAM0039,2026-02-21 05:51:53,1,0
A00231,U00113,C00111,CAM0010,2026-06-15 20:39:11,1,0
A00232,U00276,C00089,CAM0005,2025-11-04 10:00:21,1,0
A00233,U00221,C00126,CAM0001,2025-07-09 06:16:33,1,0
A00234,U00846,C00139,CAM0043,2025-08-07 17:10:48,1,0
A00235,U00231,C00032,CAM0021,2026-07-09 09:19:41,0,0
A00236,U00999,C00248,CAM0041,2025-12-20 17:47:35,1,0
A00237,U00577,C00063,CAM0039,2026-07-09 12:51:38,0,0
A00238,U00701,C00190,CAM0025,2025-10-01 17:07:30,1,0
A00239,U00606,C00072,CAM0059,2026-02-24 09:59:03,0,1
A00240,U00138,C00015,CAM0037,2026-06-06 13:42:23,1,0
A00241,U99999,C00193,CAM0032,2026-04-22 10:02:08,1,1
A00242,U00061,C00115,CAM0011,2025-10-02 19:22:56,0,0
A00243,U00195,C00163,CAM0043,2026-07-08 05:27:38,0,0
A00244,U00152,C00013,CAM0052,2025-11-21 07:00:37,0,0
A00245,U00014,C00083,CAM0014,2026-09-03 06:42:55,1,0
A00246,U00809,C00042,CAM0036,2025-03-28 13:36:19,0,0
A00247,U00587,C00120,CAM0033,2025-09-04 01:28:57,1,0
A00248,U00887,C00039,CAM0054,,0,1
A00249,U00386,C00022,CAM0003,2025-06-12 23:11:38,0,0
A00250,U00122,C00135,CAM0027,2025-05-15 11:18:05,0,0
A00251,U00814,C00194,CAM0003,2026-06-06 22:24:22,0,0
A00252,U00813,C00220,CAM0021,2025-02-21 03:01:10,0,0
A00253,U00901,C00145,CAM0049,2026-05-04 22:16:01,1,0
A00254,U00624,C00077,CAM0012,2026-09-01 02:08:06,1,0
A00255,U00659,C00157,CAM0032,2026-08-17 03:25:56,1,0
A00256,U00487,C00006,CAM0014,2025-08-15 12:01:32,1,1
A00257,U00179,C00019,CAM0023,2025-10-07 02:07:57,1,0
A00258,U00497,C00230,CAM0017,2025-04-30 00:06:20,2,1
A00259,U00584,C00237,CAM0007,2026-03-30 17:43:17,1,1
A00260,U00364,C00210,CAM0037,2026-09-02 22:06:11,1,clicked
A00261,U00679,C00146,CAM0047,2025-01-12 20:30:06,1,0
A00262,U00271,C00217,CAM0037,2025-02-08 03:08:50,1,0
A00263,U00309,C00185,CAM0056,2026-01-21 22:03:10,0,0
A00264,U00308,C00015,CAM0042,2026-04-23 13:23:07,1,1
A00265,U00413,C00019,CAM0060,2026-05-28 10:51:01,0,1
A00266,U00894,C00015,CAM0055,2025-01-11 08:51:18,1,0
A00267,U00628,C00198,CAM0049,2026-03-07 13:09:15,0,0
A00268,U00426,C00024,CAM0036,2025-01-31 15:15:34,0,0
A00269,U00936,C00049,CAM0008,2025-10-18 03:15:32,1,1
A00270,U00922,C00119,CAM0030,2026-09-14 06:09:56,1,0
A00271,U00118,C00226,CAM0027,2025-06-01 18:24:55,1,0
A00272,U00641,C00066,CAM0047,2025-08-06 16:20:07,1,0
A00273,U00925,C00243,CAM0002,2025-12-16 23:34:09,1,0
A00274,U00314,C00117,CAM0034,2026-02-02 18:26:13,0,0
A00275,U00813,C00096,CAM0040,2025-07-07 07:19:08,1,1
A00276,U00967,C00093,CAM0044,2026-06-02 23:15:40,0,0
A00277,U00137,C00082,CAM0060,2026-07-12 10:16:47,0,1
A00278,U00762,C00076,CAM0010,2025-05-04 05:45:59,0,0
A00279,U00002,C00200,CAM0013,2026-08-30 03:55:35,1,0
A00280,U00818,C00106,CAM0001,2025-01-09 14:16:35,0,0
A00281,U00330,C00048,CAM0060,2025-07-07 22:36:44,0,0
A00282,U00135,C00195,CAM0040,2025-03-26 18:56:00,1,0
A00283,U00653,C00232,CAM0003,2025-07-25 02:59:34,0,1
A00284,U00603,C00055,CAM0046,2026-03-21 19:21:54,1,0
A00285,U99999,C00075,CAM0013,2025-01-12 14:10:28,1,0
A00286,U00707,C00131,CAM0020,2025-11-15 19:55:57,1,0
A00287,U00622,C00007,CAM0016,2026-07-10 21:19:51,1,0
A00288,U00665,C00069,CAM0039,2025-02-09 10:55:52,0,0
A00289,U00946,C00060,CAM0007,2025-07-11 22:40:39,0,1
A00290,U00758,C00010,CAM0059,2026-09-16 14:56:00,1,1
A00291,U00152,C00188,CAM0049,2025-02-10 23:02:11,1,0
A00292,U00091,C00019,CAM0024,2026-06-07 05:14:15,1,1
A00293,U00883,C00248,CAM0027,2026-06-16 00:10:21,0,0
A00294,U00515,C00217,CAM0028,2025-10-06 18:17:28,0,1
A00295,U00240,C00243,CAM0002,2026-09-05 01:17:00,0,1
A00296,U00884,C00020,CAM0033,2025-02-13 23:38:29,0,0
A00297,U00810,C00172,CAM0014,2026-02-11 18:43:14,1,0
A00298,U00162,C00102,CAM0014,2026-06-09 01:24:28,1,0
A00299,U00750,C00091,CAM0019,2026-08-11 05:45:46,1,0
A00300,U00382,C00019,CAM0022,2026-08-12 11:47:44,1,0
A00301,U00960,C00041,CAM0012,2026-04-19 01:07:05,0,0
A00302,U00167,C00130,CAM0057,2026-05-04 00:30:40,0,0
A00303,U00829,C00236,CAM0037,2025-03-07 14:47:58,1,1
A00304,U00715,C00008,CAM0006,2026-03-23 21:51:51,0,1
A00305,U00475,C00166,CAM0051,2025-03-31 19:49:56,1,0
A00306,U00415,C00128,CAM0034,2025-09-13 22:50:57,1,1
A00307,U00448,C00032,CAM0010,2025-03-04 07:03:04,1,1
A00308,U00732,C00189,CAM0048,2025-08-08 16:56:41,1,0
A00309,U00111,C00089,CAM0054,2025-10-21 06:54:46,1,1
A00310,U00293,C00055,CAM0057,2026-09-12 03:08:04,1,0
A00311,U00992,C00224,CAM0039,2026-02-15 01:04:55,0,0
A00312,U00963,C00137,CAM0005,2025-06-17 12:13:22,0,0
A00313,U00518,C00247,CAM0001,2026-09-01 13:50:25,0,0
A00314,U00631,C99999,CAM0024,2025-10-01 05:18:37,1,0
A00315,U00325,C00115,CAM0060,2025-05-27 23:07:21,1,0
A00316,U00400,C00068,CAM0003,2026-09-16 03:22:46,1,0
A00317,U00715,C00185,CAM0020,2026-05-03 03:49:45,0,0
A00318,U00111,C00011,CAM0017,2025-12-02 01:27:40,1,0
A00319,U00511,C00080,CAM0004,2026-07-20 19:35:30,1,0
A00320,U00443,C00065,CAM0021,2025-08-06 08:15:11,0,0
A00321,U00649,C00046,CAM0037,2025-02-13 14:45:30,0,0
A00322,U00433,C00082,CAM0007,2025-04-29 21:48:55,1,1
A00323,U00190,C00147,CAM0038,2025-04-13 01:20:57,1,0
A00324,U00200,C00116,CAM0003,2026-05-24 11:16:25,0,0
A00325,U00125,C00018,CAM0014,2026-06-15 08:34:37,0,0
A00326,U00859,C00038,CAM0010,2025-12-08 19:41:47,1,0
A00327,U00360,C00142,CAM0017,2026-08-28 21:40:28,0,0
A00328,U00715,C00022,CAM0006,2026-02-25 10:58:26,1,0
A00329,U00953,C00047,CAM0011,2025-07-05 07:07:52,0,clicked
A00330,U00520,C00056,CAM0006,2026-06-27 13:00:03,0,0
A00331,U00639,C00124,CAM0023,2026-01-17 07:11:15,0,0
A00332,U00299,C00236,CAM0057,2025-01-23 08:52:19,1,0
A00333,U00747,C00245,CAM0056,2026-02-20 21:20:55,0,0
A00334,U00847,C00137,CAM0024,2025-08-28 15:48:54,0,1
A00335,U00149,C00164,CAM0050,2025-12-08 12:24:33,1,0
A00336,U00575,C00119,CAM0013,2025-04-01 01:47:07,1,0
A00337,U00139,C00152,CAM0031,2025-12-02 14:33:56,1,0
A00338,U00836,C00237,CAM0033,2025-07-16 15:04:12,1,0
A00339,U00128,C00152,CAM0010,2025-11-09 20:50:15,0,1
A00340,U00707,C00238,CAM0043,2026-08-20 14:53:12,1,1
A00341,U00853,C00154,CAM0010,2025-12-16 22:21:39,1,-1
A00342,U00674,C00157,CAM0004,2026-05-16 00:34:05,0,0
A00343,U00635,C00218,CAM0008,2025-11-01 17:31:11,0,0
A00344,U00142,C00132,CAM0006,2025-03-26 02:39:34,0,0
A00345,U00502,C00009,CAM0020,2025-01-16 20:59:53,1,1
A00346,U00558,C00168,CAM0043,2026-09-15 10:03:21,1,0
A00347,U00488,C00077,CAM0033,2025-02-08 06:53:24,1,0
A00348,U00121,C00186,CAM0044,2025-12-26 13:47:04,0,0
A00349,U00048,C00128,CAM0059,2025-07-07 22:35:44,1,0
A00350,U00644,C00021,CAM0027,2026-06-12 07:48:04,0,0
A00351,U00434,C00034,CAM0038,2025-09-03 01:49:04,0,0
A00352,U00851,C00232,CAM0029,2026-01-07 19:39:19,0,1
A00353,U00673,C00235,CAM0032,2025-12-04 07:24:22,1,0
A00354,U00068,C00176,CAM0026,2025-10-26 19:58:37,0,1
A00355,U00273,C00141,CAM0022,2026-03-03 18:03:58,1,0
A00356,U00273,C00171,CAM0009,2025-08-11 19:43:37,1,0
A00357,U00924,C00070,CAM0047,2026-04-24 22:32:17,1,0
A00358,U00873,C00091,CAM0015,2026-01-25 23:20:09,1,0
A00359,U99999,C00028,CAM0012,2025-11-20 19:06:49,1,0
A00360,U00506,C00229,CAM0027,2025-11-24 11:00:29,-1,0
A00361,U00972,C00028,CAM0022,2025-10-14 11:53:07,0,0
A00362,U00859,C00070,,2026-06-24 23:37:25,1,0
A00363,U00932,C00047,CAM0006,2025-03-03 02:02:08,0,1
A00364,U00976,C00138,CAM0007,2026-03-06 08:51:01,1,0
A00365,U00025,C00217,CAM0026,2025-06-16 16:20:12,1,0
A00366,U00988,C00246,CAM0034,2026-06-09 16:41:01,1,1
A00367,U00765,C00177,CAM0038,2026-01-17 19:53:45,1,0
A00368,U00002,C00074,CAM0024,2026-05-23 00:17:54,1,0
A00369,U00445,C00235,CAM0045,2025-07-03 12:09:55,1,0
A00370,U99999,C00078,CAM0012,2025-06-10 00:09:56,1,0
A00371,U00544,C00224,,2026-05-12 01:23:52,1,0
A00372,U00933,C00005,CAM0022,2025-04-16 09:58:22,1,0
A00373,U00816,C00054,CAM0026,2025-05-22 08:33:22,1,0
A00374,U00336,C00137,CAM0056,2025-11-10 00:11:49,0,0
A00375,U00101,C00017,CAM0041,2025-07-19 14:58:37,0,0
A00376,U00989,C00242,CAM0047,2026-01-25 12:09:12,1,0
A00377,U00159,C00106,CAM0008,2025-09-27 11:51:48,1,1
A00378,U00120,C00206,CAM0011,2025-02-23 06:34:07,1,0
A00379,U00484,C00096,CAM0030,2026-05-05 19:43:32,0,0
A00380,U00924,C00182,CAM0012,2025-01-26 16:40:40,0,1
A00381,U00098,C00029,CAM0056,2026-05-17 01:47:18,0,1
A00382,U00567,C00157,CAM0023,2025-05-01 18:00:38,1,0
A00383,U00830,C00200,CAM0035,2025-01-08 14:40:28,0,0
A00384,U00237,C00163,CAM0054,2025-10-06 14:55:09,0,0
A00385,U00327,C00222,CAM0034,2026-05-05 07:48:20,1,0
A00386,U00612,C00111,CAM0016,2026-09-15 17:52:49,0,0
A00387,U00401,C00016,CAM0029,2025-08-13 00:20:01,0,1
A00388,U00766,C00249,CAM0040,2026-02-10 14:52:14,0,0
A00389,U00335,C00083,CAM0028,2025-03-21 04:02:28,0,1
A00390,U00771,C00179,CAM0004,2026-09-09 19:48:59,1,1
A00391,U00662,C00083,CAM0059,2026-08-17 23:03:40,0,0
A00392,U00298,C00048,CAM0018,2026-09-08 11:44:55,0,0
A00393,U00985,C00143,CAM0017,2025-11-02 13:18:21,1,0
A00394,U00205,C00063,CAM0051,2026-09-13 20:10:05,1,1
A00395,U00095,C00115,CAM0060,2025-12-03 03:00:28,1,0
A00396,U00520,C00211,CAM0057,2025-07-30 13:55:52,1,0
A00397,U99999,C00189,CAM0056,2025-07-29 19:34:09,1,1
A00398,U00996,C00038,CAM0031,2026-04-23 07:44:50,1,0
A00399,U00524,C00007,CAM0040,2025-04-18 20:29:38,1,1
A00400,U00763,C00248,CAM0005,2025-08-19 16:22:36,0,0
A00401,U00972,C00220,CAM0044,2025-08-10 07:13:08,1,0
A00402,U00054,C00136,CAM0032,2026-04-13 05:06:13,0,1
A00403,U00242,C00111,CAM0008,2026-01-31 07:34:54,1,1
A00404,U00766,C00088,CAM0010,2025-07-30 04:24:28,1,0
A00405,U00934,C00030,CAM0025,2025-08-16 03:11:26,0,0
A00406,U00710,C00249,CAM0006,2025-03-28 02:59:19,0,0
A00407,U00793,C00176,CAM0054,2026-05-24 11:59:07,1,0
A00408,U00646,C00144,CAM0042,2025-09-05 11:44:16,0,0
A00409,U99999,C00242,CAM0059,2025-03-05 11:31:25,0,0
A00410,U00986,C00207,CAM0045,2025-10-11 06:04:38,1,1
A00411,U00252,C00049,CAM0016,2026-03-13 13:15:37,0,1
A00412,U00992,C00146,CAM0043,2026-02-20 16:20:56,1,0
A00413,U00449,C00108,CAM0059,2026-04-06 15:14:41,0,0
A00414,U00479,C00120,CAM0002,2025-10-19 14:28:55,0,0
A00415,U00960,C00059,CAM0059,2025-06-02 16:52:30,1,0
A00416,U00702,C00032,CAM0039,2026-05-08 06:39:34,0,1
A00417,U00233,C00155,CAM0050,2026-07-28 07:30:29,1,0
A00418,U00942,C00017,CAM0058,2025-07-21 16:36:35,0,1
A00419,U00257,C00111,CAM0012,2026-03-18 12:04:56,1,0
A00420,U00354,C00080,CAM0046,2025-09-22 13:33:49,0,0
A00421,U00604,C00011,CAM0051,2026-03-29 14:34:09,0,1
A00422,U00486,C00032,CAM0012,2025-09-05 19:12:15,1,0
A00423,U00303,C00205,CAM0032,2025-11-19 03:18:05,0,0
A00424,U00831,C00189,CAM0002,2025-12-07 00:48:46,0,0
A00425,U00925,C00072,CAM0027,2025-02-07 05:03:33,0,1
A00426,U00596,C00118,CAM0046,2025-07-17 11:33:40,0,1
A00427,U00808,C00210,CAM0028,2026-02-05 20:26:38,1,1
A00428,U00277,C00067,CAM0054,2026-08-11 11:03:51,0,0
A00429,U00814,C00087,CAM0037,2025-06-29 06:55:20,0,0
A00430,U00546,C00228,CAM0033,2025-10-23 23:21:45,1,0
A00431,U00417,C00140,CAM0004,2025-01-04 21:26:38,0,0
A00432,U00975,C00004,CAM0043,2026-04-21 16:28:17,1,1
A00433,U00282,C00100,CAM0024,2025-06-06 09:36:43,0,1
A00434,U00921,C00171,CAM0024,2026-06-19 07:23:15,1,1
A00435,U00137,C00176,CAM0043,2026-05-05 07:43:59,1,0
A00436,U00131,C00212,CAM0014,2025-06-29 23:59:37,,0
A00437,U00916,C00216,CAM0010,2026-02-28 21:05:26,0,0
A00438,U00842,C00236,CAM0016,2026-05-10 14:44:48,1,0
A00439,U00247,C00119,CAM0022,2025-05-26 04:46:51,1,1
A00440,U00525,C00096,CAM0031,2025-10-04 17:52:22,0,0
A00441,U00392,C00165,CAM0039,2025-03-22 13:25:16,0,0
A00442,U00389,C00142,CAM0051,2026-04-19 07:16:09,0,0
A00443,U00131,C00124,CAM0026,2025-11-05 03:45:55,0,1
A00444,U00983,C00056,CAM0040,2026-01-25 20:13:52,1,0
A00445,U00806,C00031,CAM0030,2025-04-28 19:01:08,0,0
A00446,U00121,C00045,CAM0052,2025-09-10 10:01:09,1,0
A00447,U00531,C00031,CAM0056,2025-09-29 07:44:26,0,0
A00448,U00316,C00111,CAM0041,2025-02-10 06:39:48,1,0
A00449,U00620,C00132,CAM0007,2026-05-02 04:08:46,0,0
A00450,U00360,C00070,CAM0012,2025-01-28 06:38:25,1,0
A00451,U00626,C00161,CAM0039,2026-07-09 14:15:04,0,1
A00452,U99999,C00015,CAM0046,2026-01-13 03:37:34,1,0
A00453,U00347,C00197,CAM0001,2025-11-08 16:13:38,0,1
A00454,U00465,C00047,CAM0014,2026-02-01 19:36:42,0,0
A00455,U00467,C00090,CAM0005,2025-03-29 20:59:14,0,0
A00456,U00573,C00199,CAM0028,2025-09-21 16:34:18,1,1
A00457,U00724,C00249,CAM0036,2025-03-29 07:50:24,0,0
A00458,U00191,C00016,CAM0009,2025-05-07 18:35:48,1,0
A00459,U00102,C00125,CAM0015,2026-06-12 08:25:11,0,0
A00460,U00327,C00157,,2026-05-04 00:47:54,1,0
A00461,U00215,C00241,CAM0005,2025-04-21 19:17:58,1,1
A00462,U00501,C99999,CAM0001,2026-06-28 13:42:43,0,0
A00463,U00007,C00077,CAM0016,2025-12-15 09:23:27,0,0
A00464,U00072,C00030,CAM0038,2025-10-18 19:22:29,1,0
A00465,U00430,C00230,CAM0004,2025-11-17 04:04:27,0,0
A00466,U00041,C00096,CAM0052,2025-03-03 18:54:15,0,0
A00467,U00048,C00090,CAM0030,2025-05-25 13:56:38,0,0
A00468,U00211,C00048,CAM0029,2026-03-16 00:44:11,0,0
A00469,U00233,C00057,CAM0053,2025-04-06 19:03:34,1,1
A00470,U00122,C00108,CAM0009,2026-04-10 07:31:33,1,0
A00471,U00675,C00120,CAM0050,2025-09-16 20:29:16,1,0
A00472,U00295,C00076,CAM0053,2025-04-11 10:34:21,0,0
A00473,U00353,C00209,CAM0058,2025-05-01 19:57:19,0,0
A00474,U00416,C00013,CAM0010,2025-06-18 16:10:21,0,0
A00475,U00904,C00208,CAM0060,2026-09-01 12:59:28,1,0
A00476,U00942,C00102,CAM0059,2026-02-14 06:36:05,1,0
A00477,U99999,C00127,CAM0006,2026-03-04 20:38:41,1,0
A00478,U00755,C00019,CAM0015,2025-12-29 19:26:01,0,0
A00479,U00720,C00090,CAM0046,2026-07-27 00:48:12,1,1
A00480,U00888,C00214,CAM0035,2026-07-24 00:03:01,0,1
A00481,U00519,C00163,CAM0057,2025-08-14 03:23:58,0,1
A00482,U00525,C00108,CAM0058,2026-01-02 01:34:58,0,0
A00483,U00446,C00153,CAM0015,2026-03-20 13:17:48,1,0
A00484,U00830,C00126,CAM0012,2025-01-24 03:59:00,0,0
A00485,U00211,C00229,CAM0021,2025-05-07 22:55:47,0,0
A00486,U00310,C00139,CAM0059,2025-03-16 17:26:21,0,0
A00487,U00955,C00107,CAM0034,2026-05-07 03:38:14,0,0
A00488,U00905,C00137,CAM0055,2026-09-11 09:14:19,0,0
A00489,U00076,C00055,CAM0034,2025-12-01 09:13:19,0,0
A00490,U00589,C00035,CAM0014,2026-09-08 12:45:06,1,0
A00491,U00763,C00072,CAM0039,2025-06-02 21:15:48,1,0
A00492,U00046,C00233,CAM0018,2025-03-19 06:00:42,1,1
A00493,U00191,C00207,CAM0059,2026-03-08 18:14:21,1,0
A00494,U00896,C00002,CAM0016,2026-05-20 17:02:40,0,0
A00495,U00422,C00071,CAM0054,2025-02-02 12:30:52,1,0
A00496,U00234,C00158,CAM0045,2025-12-30 15:04:25,1,0
A00497,U00119,C00029,CAM0034,2026-03-08 16:55:51,0,1
A00498,U00628,C00010,CAM0018,2025-07-10 00:06:02,0,0
A00499,U00312,C00166,CAM0033,2025-04-25 05:53:19,0,0
A00500,U00174,C00001,CAM0025,2025-04-24 21:37:31,1,0
A00501,U00066,C00136,CAM0021,2026-08-07 02:17:57,0,0
A00502,U00685,C00232,CAM0027,2026-08-29 20:49:23,1,0
A00503,U00686,C00021,CAM0022,2025-01-15 05:14:33,1,1
A00504,U00760,C00210,CAM0059,2025-09-14 09:50:33,1,0
A00505,U00076,C00166,CAM0015,2025-07-16 06:38:04,0,0
A00506,U00347,C00058,CAM0054,2025-05-23 20:22:10,0,0
A00507,U00266,C00150,CAM0015,2026-04-15 12:58:39,0,0
A00508,U00798,C00041,CAM0014,2025-10-13 01:56:37,1,0
A00509,U00284,C00229,CAM0046,2026-01-07 12:02:39,0,1
A00510,U00171,C00187,,2025-12-12 08:54:30,0,0
A00511,U00586,C00025,CAM0027,2025-09-04 21:00:24,0,1
A00512,U00691,C00230,CAM0059,2025-12-10 10:46:15,0,0
A00513,U00558,C00122,CAM0045,2025-04-16 00:38:17,1,0
A00514,U00240,C00102,CAM0019,2026-02-12 19:10:01,0,0
A00515,U00907,C00177,CAM0011,2026-06-01 04:30:44,1,0
A00516,U00010,C00111,CAM0046,2025-07-29 01:34:31,1,1
A00517,U00433,C00094,CAM0005,2026-01-18 03:15:00,0,1
A00518,U00762,C00128,CAM0059,2026-07-04 06:32:11,1,0
A00519,U00161,C00148,CAM0008,2025-04-13 08:32:54,0,1
A00520,U00333,C00189,CAM0022,2025-12-05 04:35:20,1,0
A00521,U00112,C00067,CAM0038,2025-06-02 08:44:51,0,0
A00522,U00075,C00189,CAM0053,2025-10-13 21:51:30,0,0
A00523,U00951,C00144,CAM0012,2025-07-17 06:27:09,0,0
A00524,U00049,C00150,CAM0011,2025-04-18 07:00:51,0,0
A00525,U00207,C00099,CAM0018,2025-08-22 10:40:04,1,1
A00526,U00435,C00052,CAM0002,2026-04-06 23:16:35,0,1
A00527,U00437,C00147,CAM0021,2026-03-03 17:20:56,0,0
A00528,U00792,C00157,CAM0018,2025-01-15 16:20:52,1,1
A00529,U00859,C00242,CAM0020,2025-08-30 18:59:43,1,0
A00530,U00069,C00085,CAM0030,2025-03-15 00:40:00,1,0
A00531,U00712,C00060,CAM0004,2025-01-10 19:44:28,0,0
A00532,U00963,C00203,CAM0018,2026-03-26 00:55:02,0,0
A00533,U00826,C00076,CAM0022,2025-09-12 17:28:06,0,1
A00534,U00318,C00216,CAM0042,2025-05-14 03:53:41,0,0
A00535,U00201,C00183,CAM0032,2026-03-27 21:33:32,1,0
A00536,U00031,C00014,CAM0001,2025-02-20 08:07:25,0,0
A00537,U00444,C00136,CAM0058,2026-03-25 05:09:33,1,1
A00538,U00612,C00013,CAM0015,2026-07-16 18:21:17,1,0
A00539,U00926,C00234,CAM0039,2025-10-20 12:48:39,1,0
A00540,U00138,C00250,CAM0043,2025-04-29 17:50:10,0,1
A00541,U00597,C00105,CAM0054,2026-06-15 19:26:14,0,1
A00542,U00578,C00125,CAM0038,2025-12-19 11:45:37,0,0
A00543,U00513,C00223,CAM0060,2025-09-06 08:27:24,1,0
A00544,U00874,C00093,CAM0031,2025-04-08 06:41:50,0,0
A00545,U00743,C00022,CAM0021,2025-04-09 09:11:27,1,clicked
A00546,U00369,C00177,CAM0030,2026-04-07 01:15:03,1,0
A00547,U00321,C00118,CAM0021,2026-02-16 17:11:04,0,0
A00548,U00037,C00020,CAM0048,2025-10-14 13:35:31,1,0
A00549,U00471,C00093,CAM0005,2025-05-20 12:02:41,1,0
A00550,U00503,C00061,CAM0031,2026-06-12 00:45:36,1,0
A00551,U00721,C00015,CAM0010,2026-09-16 09:07:47,0,0
A00552,U00173,C00219,CAM0034,2026-01-19 20:07:15,0,1
A00553,U00971,C00134,CAM0050,2026-03-25 22:28:25,1,0
A00554,U00491,C00135,CAM0047,2026-08-14 15:02:08,0,0
A00555,U00679,C00227,CAM0053,2025-04-14 09:11:56,1,0
A00556,U00613,C00181,CAM0007,2026-09-04 02:48:38,1,0
A00557,U00464,C00059,CAM0011,2025-05-19 01:15:46,0,0
A00558,U00249,C00180,CAM0009,2025-11-09 02:25:25,0,0
A00559,U00465,C00231,CAM0023,2025-08-11 06:14:23,0,1
A00560,U00639,C00246,CAM0047,2026-07-05 22:30:52,0,
A00561,U00062,C00234,CAM0058,2026-04-22 21:47:23,0,0
A00562,U00280,C00039,CAM0014,2025-08-30 11:02:48,0,0
A00563,U00737,C00108,CAM0006,2026-07-01 13:17:03,1,-1
A00564,U00416,C00179,CAM0046,2026-01-11 18:38:42,0,1
A00565,U00524,C00090,CAM0031,2025-06-02 22:21:11,0,0
A00566,U00725,C00240,CAM0046,2025-06-13 02:47:37,1,0
A00567,U00492,C00179,CAM0029,2025-03-03 18:05:39,1,1
A00568,U00483,C00060,CAM0014,2026-05-16 21:34:23,0,0
A00569,U00126,C00063,CAM0048,2025-12-10 15:57:03,0,0
A00570,U00535,C00055,CAM0053,2025-05-02 09:54:04,1,0
A00571,U00012,C00233,CAM0060,2026-09-16 04:21:47,0,0
A00572,U00448,C00152,CAM0019,2026-05-12 01:54:33,1,0
A00573,U00248,C00067,CAM0006,2026-02-23 00:27:44,0,0
A00574,U00890,C00162,CAM0029,2026-05-22 03:57:14,1,0
A00575,U00999,C00022,CAM0024,2025-02-17 06:06:39,0,0
A00576,U00524,C00103,CAM0017,2025-09-22 15:03:22,0,0
A00577,U00589,C00078,CAM0008,2025-10-11 11:04:30,0,1
A00578,U00419,C00195,CAM0016,2026-02-02 09:38:38,1,0
A00579,U00566,C00168,CAM0040,2025-01-22 01:17:42,1,0
A00580,U00942,C00003,CAM0041,2026-09-10 21:37:30,0,0
A00581,U00200,C00037,CAM0023,2025-06-22 09:00:53,1,0
A00582,U00338,C00152,CAM0039,2026-07-17 05:43:57,1,0
A00583,U00612,C00115,CAM0012,2025-01-09 14:06:43,1,1
A00584,U00017,C00001,CAM0041,2025-11-21 09:25:31,1,0
A00585,U00003,C00156,CAM0012,2025-04-21 09:39:29,1,1
A00586,U00829,C00064,CAM0040,2025-11-19 00:21:37,1,0
A00587,U00457,C00206,CAM0058,2025-03-09 05:21:35,0,1
A00588,U00724,C00207,CAM0002,2025-03-19 10:59:16,0,0
A00589,U00647,C00208,CAM0001,2025-06-23 22:51:27,0,0
A00590,U00217,C00171,CAM0011,2025-07-13 23:49:58,1,0
A00591,U00230,C00051,CAM0045,2026-01-19 16:24:39,1,0
A00592,U00213,C00210,CAM0028,2026-06-30 00:52:44,1,1
A00593,U00039,C00203,CAM0009,2025-10-31 01:48:43,1,0
A00594,U00904,C00026,CAM0055,2025-05-14 17:56:14,0,1
A00595,U00226,C00248,CAM0033,2025-05-09 09:17:12,1,0
A00596,U00598,C00233,CAM0025,2025-05-25 22:35:10,0,0
A00597,U00935,C00159,CAM0041,2026-01-14 21:00:51,0,0
A00598,U00707,C00243,CAM0035,2025-07-23 23:33:17,0,1
A00599,U00741,C00189,CAM0045,2026-07-13 11:31:42,0,1
A00600,U00715,C00014,CAM0051,2025-12-23 05:26:06,0,0
A00601,U00005,C00090,CAM0007,2025-10-02 08:04:45,0,1
A00602,U00072,C00161,CAM0056,2025-02-16 10:00:55,0,1
A00603,U00776,C00212,CAM0053,2025-10-15 16:05:57,0,0
A00604,U00589,C00181,CAM0043,2026-02-18 19:04:11,1,0
A00605,U00793,C00094,CAM0042,2025-06-06 05:40:43,0,0
A00606,U00732,C00158,CAM0011,2026-03-10 17:46:18,0,0
A00607,U00244,C00070,CAM0010,2026-05-21 06:22:37,1,0
A00608,U00010,C00181,CAM0006,2025-09-05 23:04:22,0,0
A00609,U00055,C00187,CAM0052,2025-11-20 18:44:45,1,1
A00610,U00126,C00244,CAM0041,2025-09-01 16:00:09,1,1
A00611,U00814,C00151,CAM0038,2025-06-14 09:57:49,0,0
A00612,U00413,C00182,CAM0040,2026-05-22 13:34:03,1,0
A00613,U00620,C00221,,,1,0
A00614,U00787,C00136,CAM0040,2026-05-20 22:58:09,1,0
A00615,U00106,C00048,CAM0046,2025-11-24 06:09:01,1,0
A00616,U00852,C00014,CAM0003,2025-09-06 17:22:31,1,1
A00617,U00413,C00072,CAM0058,2026-09-07 02:18:08,0,0
A00618,U00633,C00070,CAM0020,2025-04-21 05:50:55,0,0
A00619,U00919,C00132,CAM0058,2025-05-29 21:47:46,0,0
A00620,U00373,C00022,CAM0053,2025-05-03 22:15:37,1,1
A00621,U00810,C00188,CAM0039,2025-02-20 22:46:15,1,0
A00622,U00863,C00113,CAM0011,2026-04-16 10:02:55,1,0
A00623,U00116,C00062,CAM0028,2026-04-24 05:51:28,0,1
A00624,U00439,C00005,CAM0011,2025-04-11 07:12:35,1,0
A00625,U00076,C00106,CAM0023,2025-02-07 06:39:21,0,0
A00626,U00282,C00213,CAM0004,2025-08-18 18:54:16,0,0
A00627,U00320,C00231,CAM0007,2026-01-08 19:47:12,1,0
A00628,U00681,C00173,CAM0040,2026-01-15 03:31:54,0,0
A00629,U00940,C00128,CAM0031,2026-01-09 02:07:39,0,1
A00630,U00305,C00006,CAM0017,2025-12-28 17:11:38,0,0
A00631,U00844,C00237,CAM0010,2025-02-03 15:31:43,1,1
A00632,U00739,C00077,CAM0032,2026-08-01 03:58:04,1,0
A00633,U00373,C00179,CAM0038,2026-06-17 22:16:50,1,0
A00634,U00015,C00180,CAM0045,2025-02-28 23:48:11,0,0
A00635,U00397,C00155,CAM0020,2025-04-02 13:09:41,1,0
A00636,U00674,C00083,CAM0017,2025-06-03 23:09:46,0,1
A00637,U00830,C00238,CAM0001,2026-05-17 23:13:00,1,0
A00638,U00636,C00141,CAM0053,2025-05-06 22:14:51,0,0
A00639,U00773,C00105,CAM0056,2025-04-18 18:22:56,1,0
A00640,U00178,C00221,CAM0012,2025-08-02 09:39:37,0,0
A00641,U00650,C00005,CAM0057,2026-05-19 18:19:23,1,0
A00642,U00588,C00051,CAM0034,2025-07-08 17:22:16,1,0
A00643,U00417,C99999,CAM0057,2025-07-08 07:17:15,0,0
A00644,U00663,C00194,CAM0009,2026-02-01 00:36:26,1,0
A00645,U00316,C00241,CAM0057,2025-01-20 23:10:51,0,0
A00646,U00971,C00051,CAM0014,2025-04-16 15:12:20,0,1
A00647,U00434,C00220,CAM0002,2025-06-10 18:42:00,0,0
A00648,U00577,C00027,CAM0060,2025-11-16 01:13:12,1,0
A00649,U00398,C00067,CAM0014,2026-05-01 23:04:34,1,0
A00650,U00759,C00017,CAM0009,2026-04-22 09:41:40,1,1
A00651,U00720,C00061,CAM0055,2025-03-29 09:19:41,0,0
A00652,U00521,C00063,CAM0052,2025-01-07 12:47:04,1,1
A00653,U00599,C00008,CAM0051,2026-05-27 15:14:19,1,1
A00654,U00205,C00215,CAM0021,2025-01-18 22:12:40,1,1
A00655,U00239,C00246,CAM0048,2025-03-26 21:32:19,1,0
A00656,U00882,C00120,CAM0030,2025-10-09 00:06:55,0,0
A00657,U00360,C00153,CAM0043,2026-06-24 01:46:59,1,0
A00658,U00584,C00242,CAM0052,2025-09-02 17:59:12,0,0
A00659,U00932,C00044,CAM0042,2025-07-26 11:12:06,0,0
A00660,U00872,C00185,CAM0021,2025-01-15 20:23:53,1,0
A00661,U00885,C00078,CAM0016,2025-06-19 09:22:48,0,0
A00662,U00332,C00231,CAM0018,2026-01-23 14:06:53,0,0
A00663,U00485,C00250,CAM0035,2025-01-04 17:06:52,1,1
A00664,U00258,C00193,CAM0020,2026-03-05 16:05:18,1,1
A00665,U00831,C00124,CAM0051,2026-03-01 20:24:48,1,0
A00666,U00408,C00192,CAM0033,2025-10-05 01:26:39,1,0
A00667,U00151,C00123,CAM0050,2025-02-11 00:09:57,0,0
A00668,U00541,C00184,CAM0014,2025-11-24 01:23:24,0,1
A00669,U00974,C00247,CAM0015,2026-09-13 18:07:08,1,0
A00670,U00806,C00179,CAM0042,2026-07-19 14:26:25,1,0
A00671,U00316,C00092,CAM0027,2026-07-07 01:29:33,1,0
A00672,U00343,C00070,CAM0041,2025-03-11 08:09:22,1,0
A00673,U00944,C00057,CAM0045,2026-02-22 22:55:46,1,0
A00674,U00996,C00079,CAM0021,2025-01-17 15:57:17,1,0
A00675,U00231,C00164,CAM0042,2026-03-08 02:06:02,0,0
A00676,U00820,C00091,CAM0050,2026-02-04 18:51:13,0,0
A00677,U00729,C00009,CAM0006,2026-05-09 22:19:52,0,0
A00678,U00688,C00032,CAM0037,2025-01-20 07:25:08,1,0
A00679,U00680,C00078,CAM0047,2025-08-28 05:07:03,0,0
A00680,U00430,C00079,CAM0021,2026-01-27 11:53:40,0,0
A00681,U00036,C00163,CAM0047,2025-11-05 07:18:42,0,0
A00682,U00366,C00026,CAM0038,2026-01-17 04:51:46,0,1
A00683,U00195,C00075,CAM0046,2025-07-31 20:21:04,1,0
A00684,U00427,C00096,CAM0054,2026-03-05 12:29:24,0,0
A00685,U00506,C00107,CAM0036,2025-04-16 16:54:48,1,0
A00686,U00366,C00151,CAM0032,2025-04-14 07:12:56,0,0
A00687,U00380,C00012,CAM0008,2026-06-18 16:00:39,0,1
A00688,U00023,C00006,CAM0009,2025-11-29 08:19:42,1,1
A00689,U00488,C00118,CAM0057,2026-01-19 19:50:15,1,0
A00690,U00599,C00046,CAM0004,2025-04-14 00:34:58,1,1
A00691,U00254,C00113,CAM0029,2025-09-23 04:28:35,1,0
A00692,U00680,C00200,CAM0029,2026-04-29 18:11:40,1,0
A00693,U00107,C00175,CAM0044,2026-04-09 06:51:08,0,1
A00694,U00392,C00114,CAM0057,2025-03-13 13:59:00,0,1
A00695,U00169,C00208,CAM0023,2025-06-07 13:00:19,1,0
A00696,U00139,C00156,CAM0053,2025-06-26 09:25:40,1,0
A00697,U00884,C00227,CAM0037,2026-05-21 03:41:37,0,1
A00698,U00653,C00150,CAM0013,2026-05-27 13:05:43,1,0
A00699,U00621,C00198,CAM0016,2026-05-01 20:09:40,1,clicked
A00700,U00490,C00091,CAM0007,2025-06-18 06:49:04,0,0
A00701,U00533,C00190,CAM0025,2025-04-21 19:45:41,0,1
A00702,U00075,C00250,CAM0014,2026-02-12 06:12:05,1,1
A00703,U00683,C00120,CAM0043,2026-03-07 05:16:52,1,0
A00704,U00652,C00163,CAM0004,2025-12-11 20:19:05,1,0
A00705,U00253,C00158,CAM0014,2025-08-01 12:03:04,0,
A00706,U00190,C00244,CAM0014,2025-11-13 21:26:21,1,1
A00707,U00710,C00047,CAM0042,2026-02-26 22:01:28,1,0
A00708,U00385,C00147,CAM0026,2025-12-21 09:26:33,0,0
A00709,U00407,C00245,CAM0049,2025-07-26 09:45:33,1,2
A00710,U00006,C00183,CAM0022,2025-10-15 19:41:52,0,0
A00711,U00488,C00081,CAM0001,2025-04-07 08:36:04,1,0
A00712,U00331,C00094,CAM0032,2026-08-03 14:07:46,0,0
A00713,U00872,C00123,CAM0033,2025-12-13 06:53:26,0,0
A00714,U00238,C99999,CAM0047,2026-08-02 06:47:19,0,1
A00715,U00725,C00061,CAM0024,2026-01-15 19:21:53,1,0
A00716,U00445,C00065,CAM0010,2026-04-30 09:04:50,1,0
A00717,U00218,C00194,CAM0051,,0,0
A00718,U00291,C00121,CAM0006,2026-01-21 18:37:29,1,0
A00719,U00901,C00187,CAM0007,2025-11-25 07:57:09,1,1
A00720,U00290,C00177,CAM0018,2026-02-13 03:42:27,1,0
A00721,U00707,C00239,CAM0060,2025-09-19 03:26:58,0,1
A00722,U00015,C00005,CAM0036,2025-01-10 03:12:50,1,0
A00723,U00972,C00053,CAM0024,2026-07-26 23:49:02,0,0
A00724,U00738,C00195,CAM0007,2025-01-02 11:08:16,0,1
A00725,U00686,C00215,CAM0031,2025-01-26 22:52:58,1,1
A00726,U00026,C00064,CAM0058,2026-07-12 21:55:42,1,0
A00727,U00228,C00005,CAM0003,2026-05-24 15:38:27,1,0
A00728,U00288,C00023,CAM0024,2025-05-01 09:22:30,1,0
A00729,U00776,C00170,CAM0010,2026-07-30 02:09:21,0,0
A00730,U00551,C00032,CAM0016,2025-06-05 23:24:07,0,0
A00731,U00247,C00203,CAM0034,2025-02-12 13:06:37,0,0
A00732,U00554,C00126,CAM0056,2026-07-03 20:45:51,1,0
A00733,U00465,C00250,CAM0020,2025-03-24 23:20:24,0,1
A00734,U00019,C00007,CAM0060,2025-05-06 09:12:25,1,1
A00735,U00273,C00088,CAM0044,2026-08-08 09:06:39,1,0
A00736,U00844,C00134,CAM0037,2026-05-09 10:00:47,1,0
A00737,U00775,C00008,CAM0025,2025-04-27 21:26:53,1,1
A00738,U00515,C00034,CAM0057,2026-06-03 18:10:04,0,0
A00739,U00769,C00144,CAM0010,2025-09-28 20:10:08,0,1
A00740,U00357,C00204,CAM0021,2025-04-26 23:12:02,0,0
A00741,U00322,C00049,CAM0052,2026-02-23 02:19:01,1,0
A00742,U00240,C00003,CAM0012,2025-10-02 00:30:36,0,0
A00743,U00478,C00199,CAM0008,2025-11-01 02:34:45,0,0
A00744,U00732,C00077,CAM0027,2025-12-22 01:57:37,0,0
A00745,U00612,C00004,CAM0049,2026-05-26 00:46:04,1,0
A00746,U00109,C00140,CAM0024,2026-06-18 19:51:40,0,1
A00747,U00072,C00213,CAM0049,2025-03-02 04:05:31,0,0
A00748,U00860,C00168,CAM0043,2025-09-25 19:48:57,0,0
A00749,U00447,C00064,CAM0024,2025-08-14 17:18:49,1,1
A00750,U00377,C00138,CAM0018,2026-02-21 22:21:54,1,0
A00751,U00790,C00182,CAM0047,2025-12-22 19:42:25,1,0
A00752,U00002,C00109,CAM0037,2025-06-29 15:08:36,1,1
A00753,U00957,C00125,CAM0014,2025-12-20 21:30:15,0,0
A00754,U00112,C00181,CAM0039,2026-01-06 20:04:36,1,0
A00755,U00490,C00212,CAM0017,2025-06-05 15:55:29,0,1
A00756,U00311,C00185,CAM0059,2025-03-07 00:37:51,1,0
A00757,U00820,C00173,CAM0012,2025-10-07 16:00:19,1,0
A00758,U00300,C00090,CAM0036,2026-01-30 19:36:06,1,0
A00759,U00128,C00139,CAM0012,2026-03-31 14:16:50,0,0
A00760,U00011,C00239,CAM0007,2025-02-13 13:01:29,0,1
A00761,U00252,C00223,CAM0038,2026-06-13 13:25:20,0,0
A00762,U00684,C00237,CAM0055,2025-03-21 08:19:58,0,1
A00763,U00737,C00060,CAM0037,2025-07-31 09:20:06,0,0
A00764,U00001,C00221,CAM0014,2026-04-12 14:59:06,0,1
A00765,U00694,C00001,CAM0029,2026-05-25 20:38:49,1,0
A00766,U00927,C00137,CAM0060,2025-12-25 15:21:52,0,1
A00767,U00049,C00049,CAM0017,2025-09-02 04:59:13,0,0
A00768,U00559,C00243,CAM0054,2026-08-18 01:48:57,0,0
A00769,U00176,C00065,CAM0017,2025-11-07 12:36:52,1,0
A00770,U00629,C00162,CAM0049,2026-08-13 23:14:48,1,0
A00771,U00185,C00039,CAM0021,2026-01-16 21:11:27,1,0
A00772,U00010,C00080,CAM0055,2026-05-15 23:46:31,0,0
A00773,U00282,C00083,CAM0014,2026-01-30 17:03:51,0,0
A00774,U00246,C00044,CAM0006,2025-06-17 20:21:43,0,0
A00775,U00865,C00152,CAM0014,2026-03-03 11:34:07,1,0
A00776,U00140,C00102,CAM0030,2025-05-15 09:54:08,0,0
A00777,U00431,C00026,CAM0005,2026-04-09 21:20:12,1,0
A00778,U00421,C00026,CAM0019,2026-01-17 02:19:39,1,1
A00779,U00142,C00151,CAM0029,2026-03-10 04:02:34,0,0
A00780,U00366,C00087,CAM0014,2025-02-24 23:02:19,1,0
A00781,U00895,C00079,CAM0046,2026-09-06 12:39:06,1,0
A00782,U00307,C00132,CAM0034,2025-06-05 23:47:18,1,1
A00783,U00205,C00243,CAM0019,2026-01-15 13:27:40,0,1
A00784,U00567,C00165,CAM0034,2025-02-15 09:21:42,0,1
A00785,U00469,C00023,CAM0004,2026-02-28 08:41:27,1,1
A00786,U00376,C00067,CAM0003,2025-11-04 06:30:59,1,0
A00787,U00053,C00038,CAM0013,2025-10-15 07:10:44,1,0
A00788,U00800,C00022,CAM0020,2026-08-16 11:22:49,0,1
A00789,U00465,C00029,CAM0054,2025-07-15 22:09:03,0,0
A00790,U00728,C00006,CAM0021,2025-08-27 19:46:29,0,0
A00791,U00762,C00203,CAM0053,2025-03-08 16:10:06,0,1
A00792,U00103,C00130,CAM0015,2026-07-06 03:11:17,1,1
A00793,U00718,C00149,CAM0037,2025-04-26 23:39:27,0,0
A00794,U00061,C00184,CAM0057,2026-03-01 17:17:34,0,1
A00795,U00457,C00139,CAM0056,2025-10-16 13:53:27,1,0
A00796,U00695,C00158,CAM0012,2026-02-04 10:28:21,0,0
A00797,U00800,C00221,CAM0030,2025-12-03 19:13:12,1,0
A00798,U00960,C00059,CAM0035,2025-07-03 04:15:56,1,1
A00799,U00990,C00213,CAM0034,2025-12-01 08:02:15,0,1
A00800,U00282,C00109,CAM0051,2025-03-07 04:03:22,1,0
A00801,U00340,C00167,CAM0042,2025-02-10 11:55:16,0,1
A00802,U00023,C00087,CAM0001,2025-07-04 04:07:35,1,0
A00803,U00906,C00210,CAM0057,2026-07-22 18:10:51,0,1
A00804,U00548,C00199,CAM0026,2025-02-23 04:19:32,0,0
A00805,U00023,C00176,CAM0030,2025-12-01 15:06:07,1,0
A00806,U00237,C00078,CAM0043,2025-12-28 00:56:28,0,0
A00807,U00519,C00034,CAM0026,2025-05-29 10:13:02,1,0
A00808,U00689,C00105,CAM0051,2025-08-08 13:28:23,1,0
A00809,U00140,C00170,CAM0023,2025-02-03 14:07:31,1,0
A00810,U00469,C00112,CAM0011,,0,0
A00811,U00762,C00176,CAM0021,2026-03-20 01:52:41,0,0
A00812,U00077,C00101,CAM0033,2026-09-01 09:03:09,1,1
A00813,U00063,C00114,CAM0005,2026-04-04 06:09:53,0,0
A00814,U00495,C00084,CAM0008,2025-03-22 06:44:29,1,0
A00815,U00259,C00076,CAM0055,2026-06-22 13:45:58,0,0
A00816,U00293,C00046,CAM0035,2025-12-21 09:04:35,1,1
A00817,U00453,C00052,CAM0058,2026-06-24 11:18:16,0,0
A00818,U00785,C00013,CAM0008,2025-12-28 06:03:56,1,1
A00819,U00003,C00237,CAM0055,2025-05-22 14:05:29,1,0
A00820,U00698,C00034,CAM0027,2025-02-28 17:57:31,1,0
A00821,U00038,C00243,CAM0040,2026-02-03 15:27:52,1,1
A00822,U00617,C00223,CAM0006,2025-01-04 21:36:57,0,0
A00823,U00306,C00144,CAM0008,2025-02-14 21:52:16,0,0
A00824,U00196,C00080,CAM0041,2025-09-22 06:03:08,0,0
A00825,U00114,C00163,CAM0031,2025-08-29 17:15:22,0,0
A00826,U00096,C00111,,2026-03-29 11:14:37,0,0
A00827,U00370,C00189,CAM0048,2026-08-28 23:37:42,1,0
A00828,U00962,C00051,CAM0025,2026-06-09 00:50:08,1,0
A00829,U00254,C00212,CAM0055,,0,0
A00830,U00400,C00228,CAM0016,2026-04-26 02:03:57,1,0
A00831,U00268,C00134,CAM0005,2026-01-18 07:09:43,0,1
A00832,U00107,C00056,CAM0005,2025-03-13 18:01:11,1,0
A00833,U00336,C00013,CAM0035,2025-08-15 11:26:47,0,0
A00834,U00682,C00048,CAM0006,2026-07-24 14:49:22,0,0
A00835,U00098,C00178,CAM0035,2026-07-23 03:41:57,0,0
A00836,U00602,C00025,CAM0017,2025-09-29 15:45:00,1,1
A00837,U00045,C00166,CAM0043,2025-09-06 15:02:12,1,0
A00838,U00215,C00046,CAM0006,2025-04-30 11:53:19,1,0
A00839,U00670,C00208,CAM0057,2025-08-16 21:34:02,0,0
A00840,U00934,C00179,CAM0018,2025-08-15 19:10:26,0,0
A00841,U00179,C00016,CAM0030,2026-02-04 13:50:55,0,0
A00842,U00339,C00186,CAM0058,2025-01-24 01:39:49,1,0
A00843,U00763,C00139,CAM0045,2026-07-29 07:10:06,0,1
A00844,U00644,C00119,CAM0011,2025-07-09 13:46:03,0,1
A00845,U00599,C00063,CAM0024,2025-03-19 13:24:58,0,1
A00846,U00223,C00132,CAM0024,2025-02-18 21:13:21,1,0
A00847,U00296,C00161,CAM0014,2025-10-08 17:33:53,1,1
A00848,U00911,C00202,CAM0038,2025-08-10 17:26:33,0,0
A00849,U00295,C00229,CAM0043,,1,1
A00850,U00098,C00114,CAM0018,2025-10-13 06:29:03,1,1
A00851,U00201,C00204,CAM0032,2026-03-08 13:28:05,0,0
A00852,U00533,C00125,CAM0007,2026-07-13 01:25:16,1,0
A00853,U00233,C00208,CAM0056,2025-01-07 17:37:08,0,1
A00854,U00194,C00076,CAM0003,2026-04-05 20:52:11,1,0
A00855,U00180,C00225,CAM0042,,0,1
A00856,U00822,C00039,CAM0044,2026-09-06 15:16:48,0,1
A00857,U00113,C00140,CAM0050,2025-03-28 09:57:59,1,1
A00858,U00608,C00120,CAM0029,2025-11-12 19:23:34,1,0
A00859,U99999,C00120,CAM0034,2026-07-10 05:18:26,1,0
A00860,U00464,C00235,,2026-07-03 13:58:17,0,0
A00861,U00472,C00096,CAM0023,2025-05-02 14:24:55,0,0
A00862,U00800,C00063,CAM0054,2025-06-11 21:13:09,1,0
A00863,U00108,C00046,CAM0015,2025-05-10 20:19:32,0,0
A00864,U00807,C00027,CAM0049,2025-04-01 08:51:00,0,0
A00865,U99999,C00061,CAM0018,2025-03-24 11:27:02,1,0
A00866,U00143,C00022,CAM0056,2025-05-10 13:52:05,0,0
A00867,U00078,C00027,CAM0003,2026-03-05 11:23:42,0,0
A00868,U00949,C00013,CAM0025,2025-11-13 06:09:24,1,0
A00869,U00351,C00102,CAM0054,2025-03-14 22:12:53,1,0
A00870,U00025,C00141,CAM0047,2025-03-17 21:15:47,1,0
A00871,U00133,C00229,CAM0042,2026-03-05 05:24:09,1,0
A00872,U00413,C00138,CAM0038,2025-05-02 06:37:24,0,1
A00873,U00757,C00079,CAM0017,2026-01-18 06:16:40,0,1
A00874,U00258,C00154,CAM0043,2026-07-19 10:17:43,1,0
A00875,U00143,C00076,CAM0039,2026-04-26 14:44:27,1,1
A00876,U00409,C00228,CAM0015,2026-03-19 00:18:38,0,1
A00877,U00031,C00013,CAM0029,2025-11-03 20:37:44,1,0
A00878,U00710,C00108,CAM0021,2026-06-12 11:34:01,1,0
A00879,U00767,C00229,CAM0005,2025-09-28 12:26:22,0,0
A00880,U00054,C00194,CAM0052,2025-11-21 06:47:58,0,0
A00881,U00305,C00029,CAM0041,2026-07-06 15:15:23,1,1
A00882,U00539,C00162,CAM0022,2025-06-22 20:54:19,0,0
A00883,U00312,C00081,CAM0025,2025-12-28 10:18:30,1,0
A00884,U00569,C00241,CAM0041,2025-11-10 13:06:50,0,0
A00885,U00656,C00077,CAM0049,2026-07-14 05:11:46,0,0
A00886,U00327,C00003,CAM0035,2026-05-25 07:22:02,1,0
A00887,U00891,C00030,CAM0009,2025-12-27 22:41:10,1,0
A00888,U00393,C00037,CAM0027,2026-08-02 18:25:32,1,0
A00889,U00935,C00239,CAM0002,2025-09-21 21:10:39,1,1
A00890,U00008,C00086,CAM0045,2026-03-24 02:09:01,0,0
A00891,U00900,C00165,CAM0005,2026-03-24 14:36:08,1,0
A00892,U00412,C00096,CAM0026,2025-06-10 11:25:00,0,0
A00893,U00419,C00154,CAM0003,2025-05-03 06:34:32,1,1
A00894,U00094,C00207,CAM0045,2026-04-28 22:50:55,1,1
A00895,U00812,C00138,CAM0006,2025-06-21 20:12:34,0,0
A00896,U00134,C00166,CAM0003,2026-02-28 03:45:28,1,0
A00897,U00034,C00045,CAM0035,2026-04-03 20:27:41,0,1
A00898,U00341,C00166,CAM0047,2025-01-14 21:24:49,0,0
A00899,U00066,C00157,CAM0002,2026-02-18 05:12:25,1,1
A00900,U00570,C00232,CAM0055,2026-03-08 20:49:20,0,0
A00901,U00537,C00070,CAM0056,2025-04-20 08:44:29,0,0
A00902,U00525,C00237,CAM0041,2025-10-20 21:41:34,1,0
A00903,U00826,C00014,CAM0030,2026-01-23 02:16:44,1,1
A00904,U00050,C00047,CAM0023,2026-08-07 02:03:12,1,0
A00905,U00487,C00213,CAM0033,2025-03-14 01:25:36,0,1
A00906,U00603,C00014,CAM0044,2026-04-18 05:58:38,1,0
A00907,U00876,C00114,CAM0016,2025-05-14 13:44:23,1,0
A00908,U00863,C00199,CAM0032,2026-08-10 07:26:07,1,1
A00909,U00274,C00143,CAM0060,2025-07-17 15:13:22,0,0
A00910,U00169,C00193,CAM0053,2025-05-20 23:43:05,1,0
A00911,U00994,C00154,CAM0034,2025-04-08 09:42:52,1,0
A00912,U00419,C00201,CAM0053,2025-01-06 00:51:05,1,0
A00913,U00490,C00112,CAM0033,2025-05-04 15:48:44,1,1
A00914,U00151,C00134,CAM0012,2025-08-27 18:03:24,0,1
A00915,U00514,C00187,CAM0053,2025-11-09 16:22:53,0,0
A00916,U00173,C00135,CAM0035,2026-01-16 13:42:19,0,0
A00917,U00824,C00146,CAM0034,2025-11-04 02:52:30,1,0
A00918,U00711,C00076,CAM0008,2026-04-16 11:15:34,1,0
A00919,U00951,C00032,CAM0041,2025-10-10 09:33:08,1,0
A00920,U00487,C00112,CAM0011,2025-11-11 00:38:05,1,1
A00921,U00859,C00045,CAM0052,2026-02-20 01:06:05,0,0
A00922,U00498,C00110,CAM0051,2026-08-18 07:17:07,1,0
A00923,U00876,C00087,CAM0058,2025-02-21 07:09:12,1,1
A00924,U00935,C00093,CAM0039,2026-04-02 11:12:52,0,0
A00925,U00276,C00052,CAM0004,2026-04-07 22:00:31,1,0
A00926,U00163,C00027,CAM0035,2026-03-24 18:11:49,0,0
A00927,U00894,C00166,CAM0024,2026-06-18 05:19:26,0,0
A00928,U00335,C00171,CAM0033,2026-07-15 13:26:22,1,0
A00929,U00270,C00140,CAM0014,2025-06-29 12:46:34,0,1
A00930,U00512,C00028,CAM0039,2025-03-22 13:31:09,1,0
A00931,U00178,C00094,CAM0006,2026-02-03 18:04:01,1,1
A00932,U00764,C00085,CAM0043,2025-11-16 11:44:10,1,1
A00933,U00104,C00214,CAM0057,2026-08-27 10:22:35,1,0
A00934,U00888,C00188,CAM0009,2025-08-22 04:26:56,0,1
A00935,U00717,C00090,CAM0034,2025-10-20 07:50:06,0,0
A00936,U00671,C00200,CAM0057,2026-03-14 19:08:35,0,0
A00937,U00949,C00121,CAM0017,2026-06-01 22:13:37,1,0
A00938,U00050,C00077,CAM0020,2025-02-19 19:18:23,1,0
A00939,U00010,C00190,CAM0049,2025-11-30 06:56:22,0,0
A00940,U00009,C00248,CAM0032,2026-08-28 22:36:51,1,0
A00941,U00775,C00097,CAM0015,2025-08-03 18:44:01,1,0
A00942,U00331,C00185,CAM0028,2025-09-06 11:16:50,1,0
A00943,U00300,C00211,CAM0002,2026-05-04 09:18:03,1,1
A00944,U00620,C00237,CAM0048,2025-07-12 16:29:06,1,0
A00945,U00205,C00122,CAM0002,2025-12-10 15:48:48,1,0
A00946,U00235,C00222,CAM0043,2025-05-28 14:54:25,0,0
A00947,U00287,C00017,CAM0008,2026-01-29 07:03:09,0,1
A00948,U00647,C00015,CAM0028,2026-06-23 10:10:43,0,1
A00949,U00541,C00043,CAM0060,2026-07-07 18:36:06,0,1
A00950,U00635,C00113,CAM0058,2025-11-22 21:36:10,1,1
A00951,U00512,C00006,CAM0050,2025-09-24 08:56:33,1,0
A00952,U00922,C00044,CAM0001,2025-09-25 06:58:43,0,0
A00953,U00546,C00010,CAM0057,2025-01-08 04:49:07,0,0
A00954,U00542,C00168,CAM0010,2025-11-21 22:40:11,0,1
A00955,U00190,C00016,CAM0008,2025-04-05 11:04:36,0,1
A00956,U00853,C00138,CAM0036,2026-01-08 20:45:42,0,0
A00957,U00597,C00014,CAM0052,2025-08-28 03:17:14,0,0
A00958,U00154,C00244,CAM0027,2026-07-26 12:06:55,1,0
A00959,U00721,C00072,CAM0023,2025-11-08 09:34:21,1,0
A00960,U00037,C00163,CAM0041,2025-07-25 23:22:09,0,1
A00961,U00607,C00175,CAM0019,2026-09-17 16:42:02,0,0
A00962,U00868,C00154,CAM0010,2025-04-08 16:40:21,0,0
A00963,U00065,C00246,CAM0015,2026-05-01 08:06:05,1,0
A00964,U00027,C00121,CAM0053,2025-11-18 03:17:40,1,0
A00965,U00352,C00146,CAM0014,2025-04-29 01:41:32,1,1
A00966,U00951,C00032,CAM0060,2026-05-16 12:34:23,0,-1
A00967,U00041,C00032,CAM0051,2025-09-24 05:37:50,1,1
A00968,U00314,C00080,CAM0006,2026-05-12 06:31:10,1,1
A00969,U00156,C00030,CAM0019,2026-06-28 18:16:00,1,0
A00970,U00696,C00168,CAM0034,2026-06-28 00:11:08,1,1
A00971,U00662,C99999,CAM0028,2026-05-13 12:34:41,0,1
A00972,U00987,C00187,CAM0007,2026-01-19 13:06:41,yes,1
A00973,U00567,C00044,CAM0044,2026-05-10 10:01:44,1,0
A00974,U00900,C00197,CAM0017,2026-06-04 14:56:40,0,0
A00975,U00337,C00169,CAM0002,2025-03-08 19:37:57,1,0
A00976,U00896,C00117,CAM0001,2025-01-10 08:20:39,1,0
A00977,U00882,C00025,CAM0032,2025-05-28 06:38:38,0,1
A00978,U00343,C00150,CAM0006,2025-03-22 03:56:58,0,1
A00979,U00717,C00020,CAM0015,2025-04-03 22:47:13,0,0
A00980,U00338,C00115,CAM0003,2025-03-12 06:01:30,1,0
A00981,U00100,C00110,CAM0006,2026-05-29 03:22:19,1,0
A00982,U00969,C00044,CAM0023,2026-06-23 12:41:09,0,0
A00983,U00770,C00036,CAM0056,2025-10-08 12:23:59,0,1
A00984,U00015,C00157,CAM0020,2025-05-01 15:23:49,0,1
A00985,U00367,C00160,CAM0054,2026-03-31 17:14:36,1,0
A00986,U00983,C00071,CAM0001,2026-03-03 14:30:48,0,0
A00987,U00574,C00156,CAM0010,2026-05-24 10:09:39,0,0
A00988,U00661,C00086,CAM0052,2025-08-27 03:35:32,1,0
A00989,U00012,C00130,CAM0016,2026-04-18 13:01:20,1,1
A00990,U00141,C00169,CAM0053,2025-09-21 05:41:59,0,0
A00991,U00199,C00144,CAM0041,2026-04-04 05:30:10,1,0
A00992,U00310,C00210,CAM0038,2025-03-03 01:08:02,0,0
A00993,U00821,C00100,CAM0015,2026-04-09 23:45:03,1,0
A00994,U00607,C00057,CAM0024,2025-08-17 19:46:20,1,1
A00995,U00013,C00115,CAM0022,2025-09-05 19:17:39,1,0
A00996,U00196,C00137,CAM0035,2025-05-13 06:55:00,0,0
A00997,U00663,C00187,CAM0018,2025-01-24 10:45:07,0,1
A00998,U00035,C00199,CAM0033,2026-06-24 01:59:00,1,1
A00999,U00878,C00079,CAM0058,2025-06-15 02:20:02,0,1
A01000,U00510,C00136,CAM0010,2026-03-11 13:55:58,0,1
A01001,U00362,C00149,CAM0034,2025-12-18 08:15:30,1,0
A01002,U00477,C00148,CAM0036,2026-08-16 09:15:35,0,0
A01003,U00858,C00092,CAM0008,2026-06-23 04:35:00,0,0
A01004,U00315,C00112,CAM0038,2025-05-03 16:28:19,0,0
A01005,U00643,C00129,CAM0025,2026-07-31 20:08:09,0,0
A01006,U00367,C00130,CAM0032,2025-05-12 20:46:51,0,1
A01007,U00806,C00064,CAM0042,2025-10-19 07:58:20,0,0
A01008,U00768,C00182,CAM0033,2025-08-12 07:26:57,0,0
A01009,U00841,C00164,CAM0017,2025-10-17 06:18:29,1,0
A01010,U00541,C00185,CAM0030,2025-06-23 12:46:12,1,0
A01011,U00376,C00013,CAM0045,2025-12-23 02:22:26,1,0
A01012,U00099,C00032,CAM0022,2025-05-19 06:27:36,-1,1
A01013,U00836,C00020,CAM0034,2026-07-30 07:43:17,1,0
A01014,U00830,C99999,CAM0002,2026-05-23 16:29:31,0,0
A01015,U00777,C00051,CAM0001,2025-02-10 14:38:12,0,0
A01016,U00676,C00035,CAM0055,2026-05-27 21:01:45,1,0
A01017,U00995,C00026,CAM0030,2026-05-09 09:32:12,0,1
A01018,U00228,C00033,CAM0018,2026-04-30 23:41:30,1,1
A01019,U00900,C00200,CAM0045,2026-01-27 23:01:03,0,1
A01020,U00936,C00194,CAM0003,2026-07-12 10:10:09,0,0
A01021,U00623,C00130,CAM0020,2026-07-14 03:34:38,1,0
A01022,U00751,C00140,CAM0012,2026-09-19 04:01:37,0,0
A01023,U00771,C00104,CAM0041,2025-03-20 03:11:28,1,0
A01024,U00860,C00220,CAM0031,2025-01-25 02:56:35,0,0
A01025,U00215,C00132,CAM0036,2026-01-20 06:08:52,0,0
A01026,U00497,C00173,CAM0009,2026-06-17 07:20:47,0,1
A01027,U00003,C00112,CAM0039,2025-10-23 02:37:55,1,0
A01028,U00800,C00065,CAM0035,2026-01-18 21:01:13,1,0
A01029,U00090,C00116,CAM0013,2025-06-03 13:28:05,0,0
A01030,U00030,C00105,CAM0055,2025-05-17 11:44:09,1,0
A01031,U00475,C00042,CAM0057,2025-12-21 13:10:55,1,0
A01032,U00344,C00215,CAM0033,2026-06-12 03:55:42,1,1
A01033,U00585,C00055,,2026-09-10 16:45:26,0,1
A01034,U00762,C00235,CAM0017,2026-06-30 16:54:03,0,0
A01035,U00141,C00223,CAM0004,2025-09-14 20:40:40,0,0
A01036,U00294,C00015,CAM0053,2026-03-30 02:51:05,0,0
A01037,U00043,C00144,CAM0041,2025-06-13 17:40:37,1,0
A01038,U00059,C00051,CAM0055,2025-12-17 22:27:32,0,0
A01039,U00013,C00156,CAM0012,2026-05-22 12:08:08,1,0
A01040,U00352,C00179,CAM0059,2026-06-18 17:39:44,0,1
A01041,U00070,C00121,CAM0024,2025-03-06 23:06:12,1,0
A01042,U00089,C00134,CAM0060,2026-02-27 14:30:10,0,0
A01043,U00956,C00176,CAM0033,2025-12-17 17:33:11,0,0
A01044,U00147,C00018,CAM0056,2025-06-19 02:04:31,1,0
A01045,U00222,C00155,CAM0038,2026-03-18 05:19:57,0,0
A01046,U00159,C00239,CAM0014,2026-04-01 14:50:08,1,0
A01047,U00994,C00174,CAM0042,2025-08-13 22:12:40,1,0
A01048,U00953,C00220,CAM0011,2025-04-24 18:11:01,1,1
A01049,U00667,C00176,CAM0043,2025-01-03 01:16:11,1,1
A01050,U00440,C00002,CAM0029,2026-06-27 06:28:44,1,0
A01051,U00296,C00167,CAM0043,2025-04-09 14:47:05,0,1
A01052,U00039,C00127,CAM0032,2025-03-21 22:43:31,0,0
A01053,U00691,C00147,CAM0040,2025-05-02 03:33:52,0,0
A01054,U00091,C00045,CAM0036,2026-04-28 00:09:23,1,0
A01055,U00091,C00131,CAM0048,2025-11-30 20:51:10,0,0
A01056,U00276,C00033,CAM0013,2025-02-28 10:08:16,0,0
A01057,U00387,C00234,CAM0009,2025-10-02 12:42:21,1,0
A01058,U00990,C00132,CAM0039,2025-08-07 02:30:19,1,1
A01059,U00723,C00127,CAM0020,2025-10-28 02:10:17,1,0
A01060,U00025,C00093,CAM0029,2025-09-01 09:06:09,0,0
A01061,U00238,C00066,CAM0009,2025-09-19 03:56:37,1,0
A01062,U00650,C00082,CAM0043,2025-01-07 20:22:53,1,0
A01063,U00082,C00093,CAM0020,2026-09-09 06:33:56,1,1
A01064,U00708,C00213,CAM0054,2025-10-18 07:12:53,0,0
A01065,U00434,C00235,CAM0055,2025-10-16 02:45:47,0,0
A01066,U00864,C00044,CAM0022,2025-08-22 05:56:52,0,0
A01067,U00779,C00129,CAM0036,,0,0
A01068,U00432,C00001,CAM0011,2026-03-19 10:25:10,1,0
A01069,U00794,C00144,CAM0002,2025-09-08 15:14:36,1,1
A01070,U00709,C00211,CAM0056,2026-05-10 06:53:47,1,0
A01071,U00951,C00054,CAM0049,2025-09-25 16:04:21,0,0
A01072,U00103,C00134,CAM0036,2026-04-16 04:55:43,1,1
A01073,U00886,C00024,CAM0006,2025-02-10 05:46:05,1,1
A01074,U00997,C00052,CAM0003,2025-05-08 00:26:31,1,1
A01075,U00893,C00185,CAM0053,2026-05-16 13:23:06,1,0
A01076,U00374,C00180,,2026-03-08 16:04:38,0,0
A01077,U00839,C00217,CAM0059,2025-12-27 23:03:33,0,1
A01078,U00163,C00021,CAM0017,,1,0
A01079,U00652,C00061,CAM0036,2026-07-04 13:34:05,-1,0
A01080,U00124,C00172,CAM0023,2025-03-21 01:14:58,0,0
A01081,U00916,C00065,CAM0026,,1,0
A01082,U00051,C00130,CAM0053,2026-02-25 02:19:39,0,
A01083,U00556,C00170,CAM0001,2026-02-15 16:17:02,0,0
A01084,U00749,C00125,CAM0050,2025-04-10 16:11:16,1,0
A01085,U00441,C00004,CAM0003,2025-03-04 04:57:45,0,0
A01086,U00375,C00112,CAM0060,2025-11-19 16:38:39,0,0
A01087,U00998,C00189,CAM0052,2025-02-20 14:07:14,0,0
A01088,U00558,C00095,CAM0022,2025-12-21 10:36:33,0,0
A01089,U00854,C00214,CAM0034,2025-03-20 16:55:08,-1,0
A01090,U00020,C00027,CAM0051,2025-08-11 04:25:18,1,1
A01091,U00396,C00150,CAM0026,2025-08-03 15:33:37,1,1
A01092,U00090,C00213,CAM0022,2026-04-23 15:11:16,0,0
A01093,U00117,C00077,CAM0021,2025-05-11 19:50:24,1,0
A01094,U00467,C00170,CAM0013,2026-07-29 02:17:00,0,0
A01095,U00193,C00173,CAM0059,2025-03-18 11:39:06,0,0
A01096,U00517,C00219,CAM0029,2025-09-09 18:44:46,0,0
A01097,U00075,C00163,CAM0001,2026-07-25 03:46:41,1,0
A01098,U00494,C00058,CAM0022,2026-06-30 12:44:43,1,1
A01099,U00126,C00226,CAM0031,2026-01-06 16:49:00,1,0
A01100,U00884,C00030,CAM0028,2025-10-24 20:05:02,1,0
A01101,U00915,C00204,CAM0006,2025-10-30 00:35:10,0,0
A01102,U00578,C00088,CAM0013,2025-07-18 09:05:56,1,0
A01103,U00466,C00157,CAM0049,2026-01-03 11:34:43,0,0
A01104,U00514,C00215,CAM0039,2026-08-11 10:22:33,0,1
A01105,U00159,C00083,CAM0037,2025-09-28 04:31:46,1,0
A01106,U00402,C00185,CAM0035,2026-04-10 18:43:47,0,1
A01107,U00686,C00081,CAM0002,2025-03-24 05:45:00,1,0
A01108,U00772,C00173,CAM0003,2025-05-12 08:16:47,1,0
A01109,U00769,C00175,CAM0016,2025-11-05 11:17:35,1,1
A01110,U00361,C00180,CAM0031,2025-11-06 02:52:41,0,0
A01111,U00369,C00036,CAM0053,2026-01-23 07:20:09,0,0
A01112,U00700,C00230,CAM0032,2025-09-25 20:41:46,1,0
A01113,U00925,C00084,CAM0020,2026-01-02 18:38:51,,0
A01114,U00122,C00082,CAM0012,2025-12-01 19:33:23,0,1
A01115,U00304,C00137,CAM0025,2026-03-16 16:24:29,0,0
A01116,U00527,C00234,CAM0034,2025-05-26 20:31:31,1,0
A01117,U00459,C00154,CAM0008,2026-07-07 17:34:57,1,1
A01118,U00981,C00083,CAM0037,2026-05-14 20:21:14,0,0
A01119,U00309,C00067,CAM0023,2025-01-14 05:10:51,0,0
A01120,U00728,C00051,CAM0008,2025-04-26 19:25:50,1,0
A01121,U00782,C00066,CAM0053,2025-05-04 15:18:57,1,0
A01122,U00132,C00231,CAM0044,2025-09-12 23:49:02,0,0
A01123,U00805,C00154,CAM0025,2025-09-06 20:27:39,1,0
A01124,U00913,C00174,CAM0035,2025-04-27 23:46:25,1,0
A01125,U00470,C00180,CAM0012,2025-01-19 04:54:03,1,0
A01126,U00447,C00130,CAM0052,2026-04-01 18:00:44,0,0
A01127,U00172,C00069,CAM0008,2026-02-11 20:55:07,1,0
A01128,U00297,C00135,CAM0038,2025-02-15 18:40:44,0,1
A01129,U00021,C00102,CAM0032,2025-01-11 03:31:49,1,1
A01130,U00130,C00069,CAM0002,2026-01-30 19:35:20,0,0
A01131,U00967,C00213,CAM0014,2026-05-07 10:27:16,0,0
A01132,U00690,C00148,CAM0012,2025-12-31 02:38:43,0,0
A01133,U00534,C00083,CAM0010,2026-03-10 13:32:12,0,0
A01134,U00506,C00007,CAM0053,2025-04-21 11:18:40,1,1
A01135,U00162,C00018,CAM0035,2025-05-11 09:08:43,1,1
A01136,U00927,C00216,CAM0005,2026-09-14 15:16:44,1,1
A01137,U00503,C00060,CAM0047,2025-04-06 12:46:49,1,0
A01138,U00247,C00204,CAM0026,2025-06-26 04:51:40,1,1
A01139,U00672,C00153,CAM0003,2025-06-21 08:27:54,1,0
A01140,U00833,C00220,CAM0034,2025-08-07 07:18:08,0,1
A01141,U00549,C00043,CAM0011,2026-09-17 06:50:22,0,0
A01142,U00422,C00150,CAM0005,2026-04-01 09:54:53,1,1
A01143,U00111,C00122,CAM0036,2025-06-11 06:36:20,0,0
A01144,U00709,C00050,CAM0002,2026-05-04 13:49:16,1,1
A01145,U00317,C00065,CAM0006,2025-09-07 19:18:11,1,1
A01146,U00867,C00079,CAM0034,2025-04-26 12:14:34,1,0
A01147,U00927,C00165,CAM0035,2026-07-27 07:29:45,0,0
A01148,U00774,C00025,CAM0035,2026-05-24 19:27:14,0,0
A01149,U00764,C00192,CAM0009,2025-03-09 07:57:15,1,1
A01150,U00246,C00209,CAM0041,2025-05-01 00:45:53,0,0
A01151,U00719,C00106,CAM0059,2025-03-19 11:23:24,1,0
A01152,U00146,C00129,CAM0031,2026-04-03 23:11:04,-1,1
A01153,U00239,C00023,CAM0005,2025-01-13 01:05:10,0,0
A01154,U00891,C00076,CAM0034,2025-03-28 20:05:22,1,0
A01155,U00066,C00049,CAM0016,2025-11-30 05:50:20,0,0
A01156,U00490,C00202,CAM0042,2025-02-18 06:47:51,0,0
A01157,U00557,C00192,CAM0057,2026-04-15 16:44:10,1,1
A01158,U00111,C00146,CAM0027,2025-09-28 13:48:35,0,1
A01159,U00669,C00062,CAM0055,2026-07-01 20:17:07,0,0
A01160,U00687,C00214,CAM0027,2025-11-23 21:16:43,0,0
A01161,U00142,C00165,CAM0044,2025-12-11 05:34:05,0,1
A01162,U00445,C00099,CAM0012,2026-03-24 03:38:50,0,0
A01163,U00209,C00117,CAM0060,2025-08-07 20:46:51,0,0
A01164,U00559,C00204,CAM0014,2026-07-14 04:03:58,0,1
A01165,U00354,C00171,CAM0052,2025-10-21 14:03:43,1,0
A01166,U00770,C00248,CAM0022,2025-02-05 21:21:26,0,0
A01167,U00711,C00222,CAM0001,2026-07-10 20:18:59,1,1
A01168,U00674,C00173,CAM0045,2026-08-25 16:13:33,0,0
A01169,U00098,C00152,CAM0009,2025-07-24 11:12:35,,1
A01170,U00287,C00246,CAM0033,2026-02-17 02:07:04,0,0
A01171,U00102,C00223,CAM0036,2025-06-15 16:20:02,0,0
A01172,U00430,C00120,CAM0010,2025-01-25 03:08:37,1,0
A01173,U00825,C00166,CAM0038,2025-01-15 08:05:35,0,0
A01174,U00727,C00124,CAM0015,2026-07-24 05:40:42,1,0
A01175,U00479,C00045,CAM0060,2025-05-15 11:38:16,0,0
A01176,U00551,C00176,CAM0001,2026-04-23 15:19:58,0,0
A01177,U00370,C00204,CAM0059,2025-02-28 02:46:49,1,0
A01178,U00679,C00139,CAM0051,2026-04-06 18:16:45,1,0
A01179,U00131,C00005,CAM0027,2026-02-21 15:06:45,1,1
A01180,U00251,C00105,CAM0018,2025-07-05 08:52:31,1,0
A01181,U00788,C00096,CAM0011,2025-07-13 06:50:21,1,0
A01182,U00661,C00249,CAM0060,2025-02-17 22:19:21,0,0
A01183,U00072,C00101,CAM0046,2026-08-17 10:45:15,1,0
A01184,U00909,C00028,CAM0024,2025-02-24 07:56:50,1,0
A01185,U00504,C00113,CAM0049,2026-08-11 14:35:54,0,0
A01186,U00687,C00073,CAM0014,2026-06-16 09:32:24,1,1
A01187,U00641,C00108,CAM0019,2025-12-07 08:37:19,1,1
A01188,U00931,C00086,CAM0052,2026-05-22 11:12:12,0,0
A01189,U00247,C00092,CAM0002,2025-07-26 19:45:26,1,0
A01190,U00720,C00214,CAM0007,2025-09-07 03:11:22,0,1
A01191,U00815,C00247,CAM0026,2025-09-29 07:48:54,0,1
A01192,U00035,C00064,CAM0003,2025-12-20 01:17:25,1,0
A01193,U00419,C00156,CAM0043,2026-08-31 19:41:07,0,1
A01194,U00922,C00060,CAM0057,2025-04-13 17:33:50,0,0
A01195,U00623,C00067,CAM0047,2026-05-08 19:01:01,1,1
A01196,U00923,C00097,CAM0016,2026-05-19 16:58:28,1,0
A01197,U00891,C00064,CAM0039,2026-03-28 19:44:39,1,0
A01198,U00179,C00063,CAM0027,2025-06-21 04:37:19,0,1
A01199,U00121,C00156,CAM0015,2025-12-12 12:58:58,1,0
A01200,U00406,C00031,CAM0040,2026-01-28 05:40:58,1,0
A01201,U00960,C00248,CAM0042,2025-03-04 12:06:23,1,0
A01202,U00422,C00226,CAM0025,2026-05-24 10:33:02,0,0
A01203,U00666,C00023,CAM0004,2025-09-14 04:09:55,1,1
A01204,U00500,C00196,CAM0044,,1,0
A01205,U00995,C00116,CAM0052,2025-08-01 15:35:44,0,0
A01206,U00959,C00164,CAM0042,2025-12-10 23:05:29,1,0
A01207,U00649,C00119,CAM0008,2026-08-15 18:21:43,1,0
A01208,U00197,C00113,CAM0055,2025-09-24 05:58:02,1,0
A01209,U00571,C00249,CAM0027,2025-12-09 18:13:17,0,0
A01210,U00848,C00057,CAM0027,2025-08-03 17:45:49,0,1
A01211,U00086,C00119,CAM0021,2026-04-10 09:58:02,0,1
A01212,U00707,C00249,CAM0001,2025-02-16 06:23:02,0,0
A01213,U00111,C00237,CAM0034,2026-03-08 17:29:30,0,0
A01214,U00887,C00231,CAM0026,2025-02-05 04:04:48,0,0
A01215,U00934,C00064,CAM0016,2025-07-23 13:42:28,1,0
A01216,U00872,C00223,CAM0050,2025-03-30 21:03:55,0,0
A01217,U00179,C00009,CAM0005,,0,0
A01218,U00422,C00007,CAM0041,2026-03-22 11:14:09,0,0
A01219,U00942,C00136,CAM0056,2026-04-20 22:56:55,0,1
A01220,U00002,C00190,CAM0060,2026-04-09 16:03:45,1,0
A01221,U00954,C00108,CAM0016,2025-07-07 03:44:19,0,0
A01222,U00937,C00249,CAM0015,2026-06-01 12:21:22,0,0
A01223,U00157,C00208,CAM0014,2025-05-13 05:03:48,1,0
A01224,U00123,C00037,CAM0018,2025-01-07 11:57:34,0,1
A01225,U00860,C00036,CAM0009,2025-07-30 03:42:44,0,1
A01226,U00983,C00078,CAM0048,2026-02-15 02:23:01,1,0
A01227,U00023,C00103,CAM0018,2026-09-14 10:58:46,0,0
A01228,U00465,C00177,CAM0028,2026-04-19 03:02:15,0,0
A01229,U00607,C00004,CAM0056,2026-07-25 21:30:34,0,1
A01230,U00411,C00150,CAM0046,2026-04-17 08:08:51,0,0
A01231,U00920,C00081,CAM0003,2026-06-07 06:44:00,0,0
A01232,U00858,C00163,CAM0059,2025-05-12 23:19:44,1,0
A01233,U00469,C00142,CAM0011,2026-06-13 09:36:02,1,0
A01234,U00886,C00189,CAM0058,2025-09-15 09:47:20,0,0
A01235,U00715,C00231,CAM0032,2025-08-13 22:09:39,1,0
A01236,U00455,C00069,CAM0004,2025-02-28 08:08:19,0,1
A01237,U00556,C00069,CAM0049,2026-04-22 04:04:56,0,0
A01238,U00427,C00075,CAM0013,2025-04-21 18:06:40,0,2
A01239,U00809,C00240,CAM0022,2026-04-29 16:41:34,0,0
A01240,U00150,C00068,CAM0034,2025-07-05 12:11:58,0,1
A01241,U00624,C00013,CAM0025,2026-05-05 15:33:28,1,0
A01242,U99999,C00116,CAM0016,2025-07-24 16:41:59,1,0
A01243,U00121,C00056,CAM0054,2025-04-16 09:14:27,0,1
A01244,U00391,C00240,CAM0059,2025-02-25 22:24:00,1,0
A01245,U00856,C00095,CAM0012,2025-06-23 11:17:38,0,0
A01246,U00612,C00172,CAM0030,2025-06-18 20:39:43,0,0
A01247,U00630,C00077,CAM0022,2025-04-23 11:35:06,0,0
A01248,U00365,C00200,CAM0010,2025-08-06 16:00:45,0,0
A01249,U00363,C00043,CAM0027,2026-06-15 04:58:24,1,0
A01250,U00531,C00166,CAM0050,2026-02-01 12:54:13,0,1
A01251,U00787,C00097,CAM0047,2025-03-30 07:05:27,0,0
A01252,U00648,C00178,CAM0036,2026-08-22 06:40:37,1,1
A01253,U00234,C00169,CAM0051,2026-05-31 18:36:40,1,0
A01254,U00735,C00011,CAM0002,2025-05-13 23:09:27,0,0
A01255,U00724,C00041,CAM0057,2026-07-05 15:17:17,1,1
A01256,U00573,C00143,CAM0051,2025-11-22 02:33:24,1,0
A01257,U00161,C00123,CAM0048,2025-01-02 09:32:14,1,1
A01258,U00030,C00183,CAM0011,2026-01-11 02:22:46,0,0
A01259,U00790,C00175,CAM0015,2026-02-08 11:00:39,0,0
A01260,U00056,C00003,CAM0043,2025-01-30 07:37:44,0,0
A01261,U00862,C00023,CAM0008,2025-02-17 10:25:27,0,0
A01262,U00581,C00244,CAM0012,2026-03-11 06:13:50,0,0
A01263,U00792,C00246,CAM0059,2025-01-03 20:25:22,0,1
A01264,U00524,C00027,CAM0022,2025-03-30 23:17:01,1,0
A01265,U00477,C00129,CAM0038,2025-05-05 16:58:15,1,0
A01266,U00293,C00250,CAM0004,2026-09-13 10:25:31,0,1
A01267,U00181,C00189,CAM0019,2025-04-19 08:31:43,1,0
A01268,U00378,C00235,CAM0015,2026-02-01 05:39:53,1,0
A01269,U00585,C00123,CAM0038,2025-03-11 07:51:41,1,0
A01270,U99999,C00250,CAM0012,2026-07-06 08:30:20,0,0
A01271,U00563,C00170,CAM0013,2025-04-18 08:47:42,0,1
A01272,U00065,C00179,CAM0024,2026-02-16 17:52:48,1,0
A01273,U00320,C00066,CAM0051,2026-04-19 19:53:54,1,0
A01274,U00186,C00068,CAM0055,2025-04-27 22:18:46,1,1
A01275,U00415,C00015,CAM0020,2026-01-12 23:26:26,0,0
A01276,U00523,C00069,CAM0010,2025-05-23 17:10:38,0,0
A01277,U00015,C00028,CAM0048,2025-08-15 17:32:49,0,0
A01278,U00978,C00011,CAM0005,2025-12-04 00:16:52,0,1
A01279,U00745,C00007,CAM0048,2025-12-01 13:53:53,1,0
A01280,U00261,C99999,CAM0016,2025-01-09 13:18:32,0,0
A01281,U00112,C00243,CAM0058,2026-04-24 11:04:03,0,0
A01282,U00033,C00129,CAM0046,2025-01-11 08:30:40,1,0
A01283,U00861,C00045,CAM0014,2025-06-21 07:55:24,1,1
A01284,U00291,C00020,CAM0023,2025-04-04 23:03:20,0,0
A01285,U00960,C00211,CAM0017,2025-05-18 09:29:13,0,0
A01286,U00086,C00169,CAM0018,2025-12-10 00:01:38,0,0
A01287,U00334,C00058,CAM0030,2026-03-27 12:26:26,0,0
A01288,U00675,C00230,CAM0022,2026-01-20 01:48:48,0,1
A01289,U00397,C00141,CAM0020,2026-05-19 14:44:52,0,0
A01290,U00434,C00033,CAM0047,2026-03-08 07:04:19,0,1
A01291,U00118,C00207,CAM0046,2025-06-04 09:31:57,1,0
A01292,U00267,C00060,CAM0041,2025-08-15 18:38:11,0,0
A01293,U00475,C00249,CAM0043,2026-05-01 13:10:14,0,0
A01294,U00579,C00059,CAM0010,2026-04-06 10:02:02,1,0
A01295,U00273,C00186,CAM0060,2026-07-26 08:53:01,0,0
A01296,U00746,C00082,CAM0018,2026-08-29 02:42:54,1,0
A01297,U00703,C00036,CAM0006,2026-03-07 03:11:26,0,1
A01298,U00022,C00003,CAM0056,2026-08-16 16:04:58,1,0
A01299,U00440,C00142,CAM0054,2025-11-24 11:22:17,0,0
A01300,U00572,C00238,CAM0050,2026-08-26 07:00:31,1,0
A01301,U00887,C00121,CAM0027,2025-01-30 12:23:32,1,1
A01302,U00616,C00131,CAM0054,2026-03-30 11:53:32,1,0
A01303,U00534,C00106,CAM0032,2025-08-15 09:29:07,0,0
A01304,U00203,C00212,CAM0046,2026-04-26 14:33:45,1,0
A01305,U00328,C00195,CAM0051,2026-03-08 22:22:30,0,0
A01306,U00585,C00168,CAM0026,2026-06-22 01:47:41,0,0
A01307,U99999,C00091,CAM0047,2025-09-07 22:20:28,0,0
A01308,U00721,C00029,CAM0051,2025-09-12 06:20:22,0,0
A01309,U00823,C00056,CAM0005,2026-07-20 18:13:34,0,0
A01310,U00218,C00092,CAM0055,2025-04-11 18:44:41,0,0
A01311,U00741,C00130,CAM0022,2026-05-30 02:21:41,1,0
A01312,U00078,C00116,CAM0018,2025-07-02 08:01:07,0,0
A01313,U00953,C00236,CAM0041,2025-11-15 22:08:51,0,0
A01314,U00926,C00151,CAM0029,2026-08-25 02:38:00,0,0
A01315,U00306,C00094,CAM0029,2025-05-21 13:04:49,1,0
A01316,U00309,C00048,CAM0021,2026-02-04 09:28:04,1,1
A01317,U00004,C00210,CAM0008,2026-03-19 18:51:05,1,1
A01318,U00920,C00178,CAM0007,2025-04-04 19:24:12,1,0
A01319,U00552,C00030,CAM0053,2025-01-15 07:00:50,1,0
A01320,U00683,C00087,CAM0059,2025-05-04 22:12:31,1,0
A01321,U00655,C00216,CAM0035,2025-11-11 00:28:58,0,0
A01322,U00043,C00238,CAM0034,2025-10-08 13:08:03,1,0
A01323,U00095,C00013,CAM0056,2026-05-07 15:16:27,0,0
A01324,U00016,C00103,CAM0044,2025-04-01 01:35:42,1,-1
A01325,U00490,C00024,CAM0004,2025-09-05 23:21:18,1,1
A01326,U00986,C00016,CAM0016,2026-05-02 19:31:14,1,0
A01327,U00211,C00193,CAM0008,2025-03-10 15:20:25,1,0
A01328,U00931,C00242,CAM0045,2025-12-21 04:01:19,0,0
A01329,U00063,C00051,CAM0027,2025-10-27 08:44:27,1,0
A01330,U00445,C00054,CAM0010,2026-03-08 13:01:15,1,0
A01331,U00780,C00090,CAM0038,2025-07-31 23:16:57,1,1
A01332,U00993,C00248,CAM0048,2025-02-17 16:54:29,1,0
A01333,U00976,C00083,CAM0042,2026-07-12 04:08:12,0,0
A01334,U00182,C00193,CAM0057,2025-07-26 19:21:42,0,1
A01335,U00709,C00081,CAM0043,2025-02-15 17:08:33,0,0
A01336,U00386,C00206,CAM0041,2025-03-22 22:42:54,1,0
A01337,U00913,C00161,CAM0044,2025-10-31 21:18:52,1,0
A01338,U00793,C00057,CAM0049,2025-02-21 07:02:49,1,0
A01339,U00227,C00004,CAM0002,2025-07-12 16:35:21,0,0
A01340,U00316,C00173,CAM0023,2026-08-26 18:10:37,0,0
A01341,U00540,C00193,CAM0011,2025-06-07 11:46:56,1,0
A01342,U00886,C00213,CAM0040,2025-10-22 04:13:36,0,0
A01343,U00090,C00075,CAM0038,2025-11-12 07:02:35,0,1
A01344,U00508,C00105,CAM0035,2025-07-18 10:20:02,1,0
A01345,U00068,C00169,CAM0050,2025-04-27 19:21:57,0,0
A01346,U00495,C00196,CAM0004,2025-10-24 18:32:51,0,0
A01347,U00641,C00029,CAM0032,2026-02-26 10:32:12,1,0
A01348,U00927,C00196,CAM0027,2026-07-24 22:38:41,0,0
A01349,U00155,C00004,CAM0001,2026-08-10 07:07:33,0,0
A01350,U00164,C00160,CAM0056,2025-03-30 01:09:00,1,0
A01351,U00140,C00091,CAM0039,2025-08-30 20:27:46,0,0
A01352,U00794,C00150,CAM0045,2026-03-10 04:36:34,0,0
A01353,U00146,C00030,CAM0003,2025-09-18 12:35:36,1,0
A01354,U00923,C00022,CAM0012,2026-06-16 10:44:02,1,clicked
A01355,U00917,C00039,CAM0045,2025-06-03 09:07:13,1,0
A01356,U00716,C00037,CAM0021,2025-11-19 11:25:45,1,0
A01357,U00918,C00046,CAM0045,2025-05-12 00:12:13,0,1
A01358,U00106,C00043,CAM0016,2026-07-21 10:40:57,0,0
A01359,U00901,C00230,CAM0039,2026-07-13 23:10:14,1,0
A01360,U00906,C00079,CAM0001,2026-04-28 06:13:24,0,0
A01361,U00235,C00231,CAM0025,2026-07-11 05:58:02,1,0
A01362,U00287,C00141,CAM0004,2025-06-16 22:24:06,0,1
A01363,U00814,C00105,CAM0024,2026-09-16 19:39:04,1,0
A01364,U00021,C00187,CAM0002,2026-07-17 15:37:20,0,0
A01365,U00521,C00173,CAM0031,2025-09-06 11:29:50,1,1
A01366,U00825,C00226,CAM0029,2025-10-26 14:46:54,0,0
A01367,U00273,C00047,CAM0036,2025-04-12 10:41:35,0,0
A01368,U00992,C00071,CAM0055,2025-07-29 19:58:12,0,0
A01369,U00712,C00065,CAM0031,2025-03-11 23:56:09,1,2
A01370,U00497,C00035,CAM0047,2026-09-17 22:09:54,0,0
A01371,U00083,C00189,CAM0053,2025-05-30 23:41:31,1,0
A01372,U00815,C00026,CAM0019,2026-03-19 03:59:56,0,1
A01373,U00121,C00165,CAM0047,2025-03-11 01:48:01,0,0
A01374,U00541,C00066,CAM0010,2025-09-05 09:41:58,1,0
A01375,U00987,C00153,CAM0026,2025-05-15 15:16:56,0,0
A01376,U00651,C00104,CAM0048,2026-02-18 21:34:15,1,0
A01377,U00377,C00023,CAM0054,2025-05-30 16:33:40,1,1
A01378,U00147,C00122,CAM0026,2026-06-03 22:39:11,0,0
A01379,U00371,C00092,CAM0039,2025-01-09 16:02:56,1,0
A01380,U00111,C00004,CAM0014,2025-07-26 14:23:38,1,1
A01381,U00610,C00069,CAM0014,2025-02-14 14:46:16,1,0
A01382,U00959,C00153,CAM0033,2026-05-22 19:31:24,0,0
A01383,U00621,C00218,CAM0031,2026-08-25 09:56:28,1,0
A01384,U00149,C00120,CAM0033,2026-01-25 06:01:05,0,0
A01385,U00658,C00046,CAM0010,2025-11-11 23:10:25,,0
A01386,U00968,C00225,CAM0039,2025-02-09 13:37:35,1,0
A01387,U00621,C00194,CAM0020,2025-08-23 19:56:49,0,0
A01388,U00380,C00045,CAM0058,2025-01-18 02:05:29,0,0
A01389,U00433,C00189,CAM0022,2026-01-13 17:56:14,0,0
A01390,U00574,C00128,CAM0023,2026-07-13 02:45:16,0,0
A01391,U00681,C00225,CAM0019,2026-01-28 23:38:04,0,0
A01392,U00076,C00051,CAM0028,2026-09-14 11:36:44,0,0
A01393,U00838,C00145,CAM0019,2026-01-20 18:29:13,1,0
A01394,U00123,C00071,CAM0012,2025-09-19 08:46:42,1,0
A01395,U00465,C00026,CAM0036,2026-08-31 03:27:45,-1,0
A01396,U00328,C00118,CAM0051,2025-11-03 01:36:53,0,0
A01397,U00579,C00110,CAM0011,2025-10-04 17:41:29,1,1
A01398,U00958,C00164,CAM0002,2026-01-09 16:03:36,0,0
A01399,U00482,C00222,CAM0028,2026-04-07 19:21:14,1,0
A01400,U00361,C00058,CAM0003,,1,0
A01401,U99999,C00215,CAM0006,2026-05-15 03:42:05,1,0
A01402,U00866,C00015,CAM0026,2025-07-11 22:01:48,1,0
A01403,U00492,C00001,CAM0057,2025-02-02 12:58:50,1,0
A01404,U00064,C00120,CAM0057,2025-07-09 20:49:45,0,1
A01405,U00223,C00084,CAM0008,2026-08-27 16:41:10,0,0
A01406,U00924,C00216,CAM0038,2025-06-05 11:12:53,0,0
A01407,U00534,C00107,CAM0045,2026-02-03 20:58:47,0,0
A01408,U00590,C00017,CAM0056,2025-07-18 06:01:02,1,0
A01409,U00886,C00101,CAM0025,2026-07-14 11:09:59,1,0
A01410,U00598,C00018,CAM0044,2026-03-02 00:14:43,0,0
A01411,U00597,C00031,CAM0033,2026-06-28 10:17:53,0,1
A01412,U00240,C00161,CAM0011,2026-08-20 07:27:49,0,0
A01413,U00127,C00070,CAM0042,2025-02-19 17:42:14,1,0
A01414,U00285,C00231,CAM0054,2026-02-13 05:52:42,1,0
A01415,U00463,C00175,CAM0057,2025-03-10 11:05:41,1,1
A01416,U99999,C00075,CAM0024,2026-08-25 03:17:01,0,1
A01417,U00653,C00187,CAM0060,2025-10-10 02:26:14,1,1
A01418,U00562,C00007,CAM0019,2026-08-28 10:53:37,1,1
A01419,U00957,C00179,CAM0059,2026-03-21 17:34:27,0,0
A01420,U00089,C00208,CAM0041,2025-05-28 14:32:09,1,1
A01421,U00689,C00139,,2025-02-25 14:22:29,0,0
A01422,U00638,C00048,CAM0005,2025-04-02 08:19:51,1,0
A01423,U00760,C00084,CAM0038,2025-08-17 01:11:01,1,1
A01424,U00604,C00100,CAM0007,2025-07-20 19:16:47,1,1
A01425,U00686,C00145,CAM0013,2026-02-01 01:40:53,0,1
A01426,U00611,C00069,CAM0034,2025-03-13 18:13:06,0,0
A01427,U00750,C00096,CAM0009,2026-04-03 23:17:06,1,0
A01428,U00647,C00015,CAM0041,2026-05-29 19:45:23,0,0
A01429,U00765,C00075,CAM0022,2025-06-30 06:11:22,0,0
A01430,U00138,C00226,CAM0007,2025-08-10 12:14:05,0,0
A01431,U00706,C00236,CAM0027,2026-08-04 20:20:01,1,0
A01432,U00118,C00143,CAM0057,2026-04-07 02:01:16,yes,0
A01433,U00203,C00102,CAM0043,2026-07-22 00:49:15,1,0
A01434,U00143,C00149,CAM0035,2025-03-12 00:40:12,1,1
A01435,U00932,C00213,CAM0053,2026-03-10 18:24:50,0,0
A01436,U00192,C00098,CAM0011,2025-04-06 01:58:51,0,0
A01437,U00231,C00172,CAM0055,2026-02-24 06:23:12,1,0
A01438,U00488,C00034,CAM0037,2025-04-04 02:07:39,1,0
A01439,U00103,C00083,CAM0043,2025-05-15 13:56:44,0,0
A01440,U00418,C00179,CAM0010,2025-06-16 02:06:59,0,0
A01441,U00786,C00163,CAM0030,2025-04-20 18:58:59,1,0
A01442,U00961,C00242,CAM0031,2025-12-01 00:31:03,0,0
A01443,U00283,C00033,CAM0004,2025-08-28 19:13:52,1,0
A01444,U00341,C00101,CAM0035,2026-06-18 23:51:26,0,0
A01445,U00818,C00121,CAM0010,2026-01-11 21:24:06,1,0
A01446,U00880,C00204,CAM0041,2025-02-13 03:39:30,0,0
A01447,U00395,C00109,CAM0012,2026-08-20 00:02:42,0,-1
A01448,U00461,C00065,CAM0004,2026-01-29 15:50:32,1,0
A01449,U00420,C00188,CAM0003,2025-01-25 04:27:03,0,0
A01450,U00597,C00088,CAM0049,2026-07-01 18:45:22,1,0
A01451,U00229,C00077,CAM0038,2025-05-29 23:34:48,1,0
A01452,U00218,C00070,CAM0008,2026-01-04 22:31:39,1,0
A01453,U00492,C00154,CAM0057,2026-06-20 11:19:31,1,1
A01454,U00487,C00153,CAM0039,2025-07-08 17:04:20,1,0
A01455,U00949,C00154,CAM0023,2025-05-26 08:34:02,0,0
A01456,U00386,C00179,CAM0059,2025-07-10 01:35:31,1,1
A01457,U00456,C00120,CAM0017,2025-03-23 11:41:00,1,0
A01458,U00774,C00204,CAM0028,2025-06-02 06:35:44,0,0
A01459,U00697,C00077,CAM0060,2026-07-13 05:33:43,0,0
A01460,U00090,C00046,CAM0036,2025-01-22 22:36:29,0,0
A01461,U00311,C00052,CAM0054,2026-03-23 20:01:39,1,0
A01462,U00786,C00014,CAM0058,2025-12-11 16:07:35,1,0
A01463,U00070,C00086,CAM0024,2026-04-13 06:49:26,1,0
A01464,U00059,C00089,CAM0025,2025-09-02 05:21:02,0,0
A01465,U00467,C00226,CAM0006,2026-04-15 15:19:25,0,1
A01466,U00645,C00141,CAM0002,2025-12-27 10:33:23,1,0
A01467,U00670,C00014,CAM0037,2025-10-28 13:36:04,1,0
A01468,U00526,C00061,CAM0058,2025-06-10 03:59:39,0,1
A01469,U00577,C00205,CAM0030,2025-07-02 22:17:04,0,0
A01470,U00520,C00124,CAM0033,2026-06-18 17:42:11,0,1
A01471,U00155,C00051,CAM0022,2025-05-22 08:13:06,2,0
A01472,U00914,C00220,CAM0007,,1,0
A01473,U00518,C00128,CAM0007,2026-07-02 09:44:09,0,0
A01474,U00184,C00054,CAM0055,2026-09-04 14:15:31,1,1
A01475,U00855,C00005,CAM0018,,0,0
A01476,U00299,C00091,CAM0051,2026-08-25 09:13:07,1,0
A01477,U00418,C00053,CAM0034,2026-02-03 08:37:01,0,0
A01478,U00517,C00157,CAM0040,2025-12-10 11:40:38,0,0
A01479,U00380,C00119,CAM0021,2025-07-26 03:44:56,0,0
A01480,U00078,C00194,CAM0035,2025-01-11 18:21:15,0,1
A01481,U00447,C00210,CAM0044,2025-01-08 02:09:17,0,0
A01482,U00160,C00131,CAM0008,,1,0
A01483,U00273,C00061,CAM0036,2026-06-10 23:01:30,1,0
A01484,U00110,C00201,CAM0006,2025-09-21 07:50:32,1,0
A01485,U00930,C00176,CAM0059,2026-08-20 19:42:35,0,0
A01486,U00957,C00088,CAM0040,2025-11-26 22:14:44,0,0
A01487,U00901,C00224,CAM0030,2025-01-31 10:38:27,1,0
A01488,U00209,C00005,CAM0040,2025-11-29 18:46:31,0,1
A01489,U00458,C00022,CAM0036,2025-11-22 18:02:20,1,0
A01490,U00061,C00029,CAM0029,2026-01-20 02:02:06,1,0
A01491,U00416,C00014,CAM0040,2026-06-07 17:21:16,1,0
A01492,U00912,C00184,CAM0059,2026-01-08 16:37:27,1,0
A01493,U00252,C00121,,2025-10-16 11:26:29,1,1
A01494,U00564,C00043,CAM0026,2026-06-19 05:45:39,0,1
A01495,U00619,C00037,CAM0036,,0,0
A01496,U00122,C00116,CAM0040,2026-05-04 13:39:57,1,0
A01497,U00043,C00061,CAM0015,2025-09-23 06:33:43,0,0
A01498,U00980,C00056,CAM0029,2025-10-26 10:07:00,yes,0
A01499,U00035,C00047,CAM0053,2026-02-08 12:03:58,1,0
A01500,U00062,C00054,CAM0036,2025-08-06 14:42:21,1,0
A01501,U00007,C00250,CAM0027,,1,0
A01502,U00797,C00020,CAM0030,2025-07-12 07:44:42,1,1
A01503,U00855,C00241,CAM0055,2025-04-26 18:02:12,0,0
A01504,U00060,C00239,CAM0044,2025-04-04 07:59:38,0,0
A01505,U00948,C00091,CAM0054,2026-03-25 10:27:02,1,0
A01506,U00679,C00027,CAM0016,2025-01-24 17:49:37,0,0
A01507,U00011,C00216,CAM0032,2025-06-23 16:15:31,0,0
A01508,U00385,C00052,CAM0019,2026-01-24 23:24:33,0,0
A01509,U00022,C00196,CAM0022,2025-01-16 19:38:54,0,1
A01510,U00784,C00043,CAM0053,2026-09-16 08:26:17,1,1
A01511,U00816,C00226,CAM0030,2026-08-29 11:21:13,0,1
A01512,U00086,C00220,CAM0039,2025-09-05 04:20:35,1,0
A01513,U00926,C00100,CAM0008,2026-06-28 23:19:05,0,1
A01514,U00195,C00232,CAM0023,2026-03-12 23:24:45,1,0
A01515,U00298,C00050,CAM0020,2026-02-13 03:20:55,0,0
A01516,U00538,C00236,CAM0053,2025-01-06 13:52:10,1,1
A01517,U00390,C99999,CAM0060,2025-05-11 22:08:06,0,1
A01518,U00175,C00061,CAM0037,2025-03-06 00:28:40,1,0
A01519,U00801,C00064,CAM0048,2025-09-21 06:17:24,0,0
A01520,U00318,C00137,CAM0056,2026-05-30 16:21:37,1,0
A01521,U00801,C00194,CAM0012,2025-09-19 11:23:20,1,1
A01522,U00962,C00178,CAM0052,2026-05-03 08:46:40,0,0
A01523,U00402,C00179,CAM0054,2025-06-10 10:23:23,1,1
A01524,U00804,C00037,CAM0051,2026-03-26 22:17:31,0,0
A01525,U00814,C00089,CAM0020,2025-03-14 14:41:26,0,1
A01526,U00954,C00220,CAM0048,2025-05-14 14:37:35,0,0
A01527,U00182,C00113,CAM0006,2025-11-07 07:14:22,1,0
A01528,U00114,C00161,CAM0026,2026-04-27 23:50:16,1,0
A01529,U00062,C00201,CAM0027,2026-02-10 18:33:13,1,0
A01530,U00779,C00176,CAM0005,2026-09-18 04:50:57,1,0
A01531,U00894,C00043,CAM0041,2025-02-12 02:54:57,0,0
A01532,U00149,C00223,CAM0007,2026-08-11 09:29:10,0,0
A01533,U00553,C00228,CAM0051,2025-08-28 04:07:54,1,0
A01534,U00243,C00135,CAM0030,2025-08-30 21:37:11,1,0
A01535,U00781,C00166,CAM0027,2026-03-20 00:36:12,0,0
A01536,U00171,C00087,CAM0003,2026-03-13 22:48:27,0,0
A01537,U00383,C00170,CAM0059,2026-07-24 07:15:50,1,0
A01538,U00221,C00121,CAM0045,2025-07-27 15:01:41,0,0
A01539,U00312,C00202,CAM0006,2025-09-04 00:10:33,1,0
A01540,U00582,C00155,CAM0024,2025-04-13 19:48:44,0,0
A01541,U00775,C00069,CAM0026,2026-09-13 07:10:53,0,0
A01542,U00637,C00138,CAM0038,2026-03-16 15:44:58,0,1
A01543,U00123,C00029,CAM0002,2026-06-07 19:35:40,1,0
A01544,U00747,C00236,CAM0032,2026-08-01 20:39:22,1,0
A01545,U00720,C00209,CAM0019,2026-03-21 12:09:42,1,0
A01546,U00303,C00004,CAM0023,2025-02-18 09:31:28,0,0
A01547,U00835,C00198,CAM0050,2025-11-19 13:51:11,0,0
A01548,U99999,C00174,CAM0050,2026-05-29 17:28:54,1,1
A01549,U00824,C00081,CAM0052,2025-07-19 21:16:55,1,0
A01550,U00226,C00081,CAM0024,2026-08-09 00:03:11,1,0
A01551,U00597,C00207,CAM0021,2025-10-11 12:41:07,0,0
A01552,U00840,C00094,CAM0010,2025-08-06 17:48:53,0,0
A01553,U00004,C00133,CAM0032,2026-05-15 04:09:05,0,0
A01554,U00313,C00003,CAM0051,2026-04-21 05:36:16,0,0
A01555,U00633,C00239,CAM0044,2026-06-07 06:07:30,0,0
A01556,U00420,C00103,CAM0011,,1,0
A01557,U00376,C00185,,2026-03-07 01:38:57,0,0
A01558,U00282,C00204,CAM0024,2026-07-11 05:34:15,1,1
A01559,U00192,C00111,CAM0014,2025-08-22 14:08:43,1,0
A01560,U00677,C00003,CAM0004,2025-05-01 01:18:36,0,0
A01561,U00624,C00186,CAM0042,2025-12-25 12:49:13,0,1
A01562,U00701,C00117,CAM0050,,0,1
A01563,U00388,C00021,CAM0037,2026-01-29 21:33:11,0,0
A01564,U00639,C00007,CAM0018,2025-02-02 04:02:56,1,0
A01565,U99999,C00146,CAM0041,2025-08-26 17:32:38,0,0
A01566,U00118,C00003,CAM0059,2025-04-28 17:44:47,0,0
A01567,U00109,C00201,CAM0043,2025-06-02 05:42:57,0,0
A01568,U00816,C00018,CAM0016,2025-04-18 17:23:03,1,0
A01569,U00253,C00154,CAM0035,2026-03-05 23:06:38,1,0
A01570,U00607,C00105,,2025-11-20 15:16:01,1,1
A01571,U00206,C00248,CAM0018,2026-07-26 00:09:47,0,0
A01572,U00702,C00062,CAM0058,2026-03-21 10:52:15,0,0
A01573,U00173,C00230,CAM0059,2025-03-05 14:15:05,0,0
A01574,U00198,C00179,CAM0059,2026-08-22 13:55:08,1,0
A01575,U00933,C00082,CAM0027,2026-03-20 14:50:14,0,0
A01576,U00778,C00061,CAM0027,2026-09-05 20:26:56,1,0
A01577,U00264,C00186,CAM0049,2026-05-30 03:24:28,1,0
A01578,U00310,C00036,CAM0042,2025-02-21 08:33:17,0,0
A01579,U00421,C00114,CAM0001,2026-04-23 23:50:13,0,0
A01580,U00214,C00163,CAM0056,2025-01-30 03:54:35,0,0
A01581,U00420,C00199,CAM0057,2026-09-06 15:40:13,0,0
A01582,U00097,C00162,CAM0036,2025-12-25 03:20:32,0,0
A01583,U00264,C00006,CAM0044,2025-08-26 07:55:45,1,1
A01584,U00268,C00195,CAM0049,2026-09-17 00:46:22,1,0
A01585,U00545,C00148,CAM0036,2026-03-27 01:39:44,0,0
A01586,U00530,C00080,CAM0003,2025-02-20 23:20:26,1,0
A01587,U00756,C00162,CAM0040,2026-01-12 22:00:28,0,0
A01588,U00650,C00127,CAM0042,2025-06-20 08:37:23,1,0
A01589,U00341,C00244,CAM0018,2025-03-27 03:15:07,1,0
A01590,U00108,C00131,CAM0039,2026-07-11 02:20:23,0,1
A01591,U00947,C00092,CAM0003,2026-08-17 10:35:53,0,1
A01592,U00675,C00173,CAM0037,2025-05-04 05:18:14,0,0
A01593,U00195,C00157,CAM0042,2025-01-20 06:06:25,0,clicked
A01594,U00942,C00007,CAM0046,2025-11-20 13:43:57,1,0
A01595,U00786,C00129,CAM0060,2026-05-03 08:21:03,0,1
A01596,U00629,C00215,CAM0049,2026-02-22 07:23:36,0,0
A01597,U00693,C00162,CAM0015,2025-01-26 08:21:19,0,0
A01598,U00495,C00092,,2026-05-13 21:54:34,0,0
A01599,U00720,C99999,CAM0045,2025-03-19 14:16:51,0,0
A01600,U00471,C00006,CAM0040,2026-03-31 20:58:11,1,0
A01601,U00603,C00083,CAM0057,2025-12-26 08:40:01,0,0
A01602,U00212,C00066,CAM0008,2025-02-17 13:48:40,0,0
A01603,U00447,C00031,CAM0058,2025-10-29 15:06:35,0,0
A01604,U00218,C00107,CAM0005,2025-02-14 07:44:40,1,1
A01605,U00029,C00120,CAM0026,2026-04-03 07:53:49,1,1
A01606,U00007,C00048,CAM0021,2026-07-04 07:04:32,0,0
A01607,U99999,C00207,CAM0007,2026-01-01 04:30:15,1,0
A01608,U00977,C00201,CAM0011,2025-11-06 01:10:41,1,1
A01609,U00548,C00196,CAM0056,2025-02-25 00:46:43,0,0
A01610,U00754,C00033,CAM0033,2026-04-06 20:13:57,1,0
A01611,U00420,C00209,CAM0043,2026-06-20 22:56:43,1,0
A01612,U00076,C00129,,2025-10-16 13:22:21,0,0
A01613,U00426,C00118,CAM0025,2026-07-01 20:41:30,1,1
A01614,U00625,C00170,CAM0001,2025-09-07 13:20:24,1,0
A01615,U00933,C00021,CAM0028,2026-06-02 04:27:33,1,0
A01616,U00089,C00234,CAM0023,2025-06-11 01:48:27,1,0
A01617,U00987,C00164,CAM0059,2025-09-03 23:08:39,0,0
A01618,U00143,C00109,CAM0054,2026-04-13 09:23:57,1,1
A01619,U00584,C00243,CAM0058,2025-12-13 11:03:23,1,1
A01620,U00631,C00202,CAM0037,2025-01-08 21:24:45,0,1
A01621,U00572,C00045,CAM0033,2026-09-18 20:44:57,0,1
A01622,U00842,C00249,CAM0001,2025-07-23 02:20:40,0,0
A01623,U00508,C00152,CAM0056,2026-07-05 17:10:42,1,0
A01624,U00687,C00011,CAM0019,2026-03-16 07:43:24,1,0
A01625,U00216,C00142,CAM0016,2025-08-25 21:13:38,0,0
A01626,U00245,C00018,CAM0057,2025-03-20 07:46:47,0,0
A01627,U00365,C00125,,2026-05-11 06:45:14,1,clicked
A01628,U00072,C00138,CAM0015,2025-01-10 12:50:23,1,0
A01629,U00628,C00236,CAM0002,2026-01-27 11:08:04,0,0
A01630,U00355,C00097,CAM0001,2026-06-16 03:59:44,1,0
A01631,U00943,C00039,CAM0002,2025-04-03 15:59:43,0,0
A01632,U00155,C00203,CAM0053,2026-09-09 22:02:00,0,0
A01633,U00584,C00197,CAM0041,2025-07-13 23:36:10,1,0
A01634,U00053,C00064,CAM0024,2025-12-17 06:05:49,0,0
A01635,U00877,C00051,CAM0049,2026-03-11 23:52:06,1,0
A01636,U00498,C00042,CAM0041,2025-12-29 15:05:56,0,0
A01637,U00816,C00029,CAM0039,2025-10-30 21:51:25,1,1
A01638,U00238,C00211,CAM0024,2025-03-08 04:22:41,1,0
A01639,U00581,C00098,CAM0004,2026-06-07 03:18:23,1,1
A01640,U00064,C00115,CAM0046,2025-12-04 13:41:24,1,0
A01641,U00497,C00024,CAM0010,2025-07-31 14:34:23,0,0
A01642,U00749,C00189,CAM0026,2026-05-14 12:06:21,0,0
A01643,U00540,C00084,CAM0019,2026-04-06 10:25:42,1,0
A01644,U00110,C00176,CAM0022,2026-01-16 01:10:57,0,0
A01645,U00322,C00216,CAM0033,2025-06-30 04:52:23,0,1
A01646,U00657,C00150,CAM0031,2026-05-10 03:17:23,0,1
A01647,U00054,C00112,CAM0060,2025-06-30 01:31:42,0,0
A01648,U00450,C00215,CAM0058,2026-04-17 13:31:23,0,0
A01649,U00768,C00011,CAM0040,2025-09-19 10:48:48,0,1
A01650,U00568,C00248,CAM0016,2026-07-11 13:13:48,0,0
A01651,U00547,C00086,CAM0040,2026-07-15 22:47:45,1,0
A01652,U00915,C00068,CAM0021,2025-04-01 06:32:30,0,1
A01653,U00866,C00179,CAM0005,2026-06-25 19:11:32,0,1
A01654,U00355,C00024,CAM0021,2026-05-24 00:34:18,0,0
A01655,U00528,C00039,CAM0060,2026-08-18 02:48:52,0,0
A01656,U00426,C00040,CAM0040,2026-08-22 17:06:51,0,1
A01657,U00782,C00087,CAM0033,2026-03-02 15:22:47,0,0
A01658,U00737,C00225,CAM0040,2026-04-23 15:34:03,1,0
A01659,U00340,C00039,CAM0003,2026-07-16 01:00:11,1,0
A01660,U00910,C00082,CAM0010,2025-10-23 04:39:43,1,0
A01661,U00755,C00050,CAM0052,2026-01-28 18:33:12,1,0
A01662,U00364,C00129,CAM0026,2026-03-25 00:33:22,1,0
A01663,U00628,C00077,CAM0054,2026-02-04 17:51:11,1,0
A01664,U00542,C00136,CAM0052,2025-04-17 21:30:51,0,1
A01665,U00547,C00002,CAM0058,2026-08-19 21:32:23,1,1
A01666,U00430,C00026,CAM0060,2025-10-09 13:40:31,1,0
A01667,U00721,C00133,CAM0048,2025-01-07 06:28:11,1,0
A01668,U00941,C00134,CAM0029,2025-02-10 20:49:07,0,0
A01669,U00221,C00106,CAM0021,2025-02-23 04:02:02,0,0
A01670,U00009,C00017,CAM0027,2025-06-07 01:35:42,1,1
A01671,U00404,C00155,CAM0007,2025-07-06 04:44:07,1,0
A01672,U00662,C00115,CAM0012,2026-06-16 10:48:20,1,0
A01673,U00392,C00140,CAM0018,2025-05-18 08:20:58,0,0
A01674,U00133,C00132,CAM0058,2026-04-13 07:28:27,1,0
A01675,U00785,C00083,CAM0053,2025-07-15 06:07:40,0,0
A01676,U00251,C00010,CAM0007,2026-05-11 22:02:10,1,0
A01677,U00406,C00227,CAM0056,2025-12-25 05:41:38,0,1
A01678,U00198,C00230,CAM0010,2025-09-11 05:46:20,0,0
A01679,U00244,C00024,CAM0003,2026-07-06 10:36:03,1,0
A01680,U00024,C00139,CAM0002,2025-08-15 02:52:31,1,0
A01681,U00092,C00009,CAM0050,2025-01-29 09:39:21,0,0
A01682,U00625,C00012,CAM0019,2025-12-15 12:01:45,1,0
A01683,U00718,C00203,CAM0031,2025-12-05 19:56:49,0,1
A01684,U00112,C00245,CAM0015,2025-09-25 21:19:25,2,0
A01685,U00658,C00245,CAM0033,2025-08-06 07:01:58,1,0
A01686,U00485,C00039,CAM0033,2025-08-23 00:01:42,1,0
A01687,U00148,C00116,CAM0008,2026-04-19 11:45:09,0,1
A01688,U00176,C00202,CAM0020,2025-03-08 17:49:09,1,0
A01689,U00833,C00062,CAM0015,2025-06-13 23:48:39,0,1
A01690,U00373,C00089,CAM0043,2026-04-28 02:41:42,1,1
A01691,U00072,C00062,CAM0023,2025-09-24 06:47:51,0,0
A01692,U00005,C00179,CAM0059,2025-04-30 13:19:08,0,1
A01693,U00636,C00112,CAM0007,2026-05-27 16:27:17,1,1
A01694,U00974,C00171,CAM0002,2025-01-27 08:18:04,0,0
A01695,U00547,C00012,CAM0036,2025-09-25 11:32:57,1,0
A01696,U00464,C00047,CAM0042,2026-04-04 19:20:46,1,0
A01697,U00227,C00181,CAM0045,2025-03-31 11:02:57,0,1
A01698,U00564,C00063,CAM0024,,0,0
A01699,U00142,C00174,CAM0021,2026-05-15 00:10:48,1,0
A01700,U00022,C00190,,2025-10-28 01:00:05,0,0
A01701,U00406,C00079,CAM0058,2025-06-11 18:14:48,0,0
A01702,U00051,C00131,CAM0036,2026-04-20 02:46:43,1,0
A01703,U00823,C00148,CAM0005,2025-09-17 12:05:43,1,0
A01704,U00511,C00240,CAM0021,2025-01-03 10:26:08,1,0
A01705,U00928,C00171,,2025-05-13 05:17:56,0,0
A01706,U00887,C00197,CAM0011,2025-09-13 06:47:43,0,0
A01707,U00251,C00131,CAM0026,2025-09-06 09:50:11,0,0
A01708,U00133,C00051,CAM0021,2026-03-11 13:36:33,1,0
A01709,U00158,C00016,CAM0037,2025-07-25 17:14:56,0,0
A01710,U00303,C00071,CAM0028,2026-07-07 21:25:18,0,0
A01711,U00275,C00220,CAM0053,2025-05-26 12:44:12,1,0
A01712,U00752,C00128,CAM0041,2026-03-31 12:19:18,1,0
A01713,U00459,C00050,CAM0050,2025-03-09 20:28:40,0,0
A01714,U00846,C00182,CAM0006,2025-03-25 14:58:55,0,0
A01715,U00681,C00152,CAM0015,2026-02-26 12:44:50,0,1
A01716,U00282,C00055,CAM0034,2025-09-24 16:16:59,1,0
A01717,U00623,C00012,CAM0015,2025-04-16 12:41:43,0,1
A01718,U00343,C00225,CAM0008,2025-09-04 12:16:40,1,1
A01719,U00656,C00218,CAM0030,2025-07-04 00:45:49,0,1
A01720,U00385,C00019,CAM0004,2025-12-20 01:29:46,0,1
A01721,U00480,C00169,CAM0047,2026-03-09 16:34:58,1,1
A01722,U00646,C00085,CAM0042,2026-07-26 07:53:07,1,0
A01723,U00156,C00075,CAM0027,2025-01-21 21:11:32,1,1
A01724,U00770,C00235,CAM0049,2025-01-28 15:16:38,1,0
A01725,U00908,C00035,CAM0045,2025-03-12 05:46:59,0,0
A01726,U00339,C00003,CAM0047,2026-08-28 18:51:47,1,0
A01727,U00406,C00183,CAM0034,2025-05-11 23:45:08,1,0
A01728,U00470,C00198,CAM0004,2026-05-11 11:56:59,0,0
A01729,U00941,C00167,CAM0060,2025-10-02 09:11:36,1,0
A01730,U00385,C00227,CAM0030,2025-07-18 14:08:40,1,0
A01731,U00985,C00074,CAM0020,2025-05-28 07:32:57,0,0
A01732,U00166,C00142,CAM0013,2025-12-12 22:54:20,0,0
A01733,U00952,C00051,CAM0001,2025-05-24 19:56:57,1,0
A01734,U00191,C00033,CAM0051,2025-01-24 17:05:51,1,0
A01735,U00561,C00074,CAM0001,2026-05-15 00:23:40,0,0
A01736,U00280,C00091,CAM0014,2025-08-21 23:34:18,1,0
A01737,U00403,C00209,CAM0060,,0,1
A01738,U00986,C00186,CAM0058,2026-09-15 05:37:31,0,0
A01739,U00506,C00040,,2025-05-17 20:18:28,1,0
A01740,U00203,C00068,CAM0030,2025-12-15 02:30:24,0,0
A01741,U00272,C00222,CAM0059,2026-02-18 12:05:09,1,0
A01742,U00246,C00245,CAM0053,2026-01-15 19:27:49,1,0
A01743,U00654,C00142,CAM0053,2025-04-27 20:15:39,1,0
A01744,U00585,C00155,CAM0020,2026-09-12 16:48:55,1,0
A01745,U00766,C00203,CAM0032,2025-09-29 08:22:55,1,0
A01746,U00378,C00153,CAM0036,,1,0
A01747,U00978,C00028,CAM0016,2025-01-20 03:36:55,0,1
A01748,U00096,C00014,CAM0028,2025-04-25 00:31:26,0,0
A01749,U00787,C00156,CAM0042,2025-03-27 02:19:51,1,0
A01750,U00784,C00028,CAM0033,2025-05-23 18:58:28,1,0
A01751,U00856,C00196,CAM0057,2025-10-28 08:43:25,1,0
A01752,U00865,C00221,CAM0026,2026-06-29 03:13:38,1,0
A01753,U00412,C00179,CAM0027,2025-01-09 17:46:51,0,0
A01754,U00506,C00110,CAM0042,2025-04-20 23:04:32,1,0
A01755,U00082,C00232,CAM0016,2026-07-22 05:00:56,0,1
A01756,U00115,C00219,CAM0049,2025-04-20 08:17:22,1,0
A01757,U00300,C00181,CAM0034,2025-09-16 21:47:50,1,0
A01758,U00640,C00077,CAM0005,2026-08-20 17:59:39,1,0
A01759,U00170,C00112,CAM0021,2026-06-09 21:57:38,1,0
A01760,U00229,C00113,CAM0060,2025-02-01 04:58:55,1,1
A01761,U00899,C00208,CAM0023,2025-07-31 01:23:50,1,0
A01762,U00339,C00132,CAM0030,2025-08-27 13:25:21,1,0
A01763,U00350,C00171,CAM0001,2025-05-15 11:06:15,0,0
A01764,U00749,C00153,CAM0022,2025-02-22 05:30:47,1,1
A01765,U00961,C00097,CAM0033,,0,1
A01766,U00720,C00081,CAM0023,2025-01-05 06:23:47,0,
A01767,U00610,C00016,CAM0055,2026-02-12 04:07:32,1,1
A01768,U00620,C00145,CAM0008,,1,0
A01769,U00568,C00194,CAM0002,2025-02-16 12:23:59,1,1
A01770,U00960,C00198,CAM0037,2025-02-04 01:42:56,0,0
A01771,U00386,C00210,CAM0032,2026-07-20 19:03:30,0,0
A01772,U00262,C00147,CAM0001,2026-07-24 17:14:03,0,0
A01773,U00135,C00200,CAM0054,2026-01-24 04:33:43,1,1
A01774,U00517,C00076,CAM0030,2025-09-07 07:29:55,0,0
A01775,U00517,C00203,CAM0005,2025-10-15 20:45:00,1,0
A01776,U00324,C00104,CAM0012,2026-05-11 00:23:59,1,0
A01777,U00758,C00126,CAM0009,2026-04-05 23:59:46,1,0
A01778,U00036,C00070,CAM0014,2025-01-27 12:19:28,0,1
A01779,U00059,C00074,CAM0009,2025-11-18 18:12:42,0,1
A01780,U00380,C00160,CAM0039,2026-05-12 18:59:21,1,0
A01781,U00998,C00147,CAM0033,2025-08-26 15:50:26,1,0
A01782,U00521,C00207,CAM0022,2025-12-22 07:15:09,1,0
A01783,U00380,C00005,CAM0043,2026-09-06 10:43:47,1,1
A01784,U00373,C00153,CAM0049,2026-03-24 01:14:13,1,0
A01785,U00729,C00051,CAM0048,2026-04-27 14:24:03,0,0
A01786,U00546,C00136,CAM0050,2026-05-01 17:29:34,0,0
A01787,U00042,C00089,CAM0018,2026-01-24 22:36:38,1,1
A01788,U00744,C00092,CAM0059,2025-05-15 00:19:13,0,0
A01789,U99999,C00134,CAM0004,2025-10-11 17:38:59,0,0
A01790,U00455,C00099,CAM0053,2026-02-28 02:50:28,0,0
A01791,U00926,C00082,CAM0017,2025-04-16 10:51:38,1,0
A01792,U00145,C00193,CAM0018,2025-08-03 01:36:33,0,0
A01793,U00096,C00124,CAM0046,2025-06-27 10:22:19,1,1
A01794,U00158,C00188,CAM0029,2025-07-23 14:12:14,0,1
A01795,U00574,C00242,CAM0053,2026-07-16 00:04:10,1,0
A01796,U00035,C00114,CAM0002,2025-02-21 17:58:51,0,0
A01797,U00143,C00205,CAM0012,2025-06-26 22:40:38,1,0
A01798,U00764,C00007,CAM0018,2025-08-27 01:01:50,0,0
A01799,U00512,C00185,CAM0046,2025-03-28 01:42:06,0,1
A01800,U00133,C00009,CAM0033,2026-05-16 16:49:45,0,0
A01801,U00004,C00030,CAM0042,2025-03-21 18:19:52,0,0
A01802,U00091,C00037,CAM0024,2026-02-01 01:15:43,1,0
A01803,U00299,C00153,CAM0042,2025-11-01 22:35:03,0,0
A01804,U00659,C00042,CAM0021,2025-02-04 11:17:41,0,0
A01805,U00128,C00027,CAM0040,2026-02-25 21:30:55,1,0
A01806,U00168,C00102,CAM0006,2026-01-16 11:15:38,0,0
A01807,U00502,C00011,CAM0009,2026-07-11 08:33:13,1,0
A01808,U00133,C00096,CAM0037,2025-04-09 17:49:49,1,1
A01809,U00910,C00104,CAM0060,2025-01-04 12:14:49,1,0
A01810,U00187,C00116,CAM0008,2026-02-18 22:16:43,0,0
A01811,U00812,C00030,CAM0001,2025-02-08 13:28:27,1,0
A01812,U00151,C00088,CAM0059,2025-07-22 15:36:25,0,0
A01813,U00764,C00189,CAM0014,2025-10-11 01:42:22,0,0
A01814,U00284,C00192,CAM0021,2026-01-18 17:17:46,1,0
A01815,U00578,C00077,CAM0029,2026-01-28 17:57:55,1,0
A01816,U00396,C00180,CAM0049,2026-06-03 05:37:47,0,0
A01817,U00415,C00167,CAM0050,2026-06-21 10:44:26,0,1
A01818,U00711,C00171,CAM0017,2025-10-30 07:41:03,1,1
A01819,U00687,C00161,CAM0014,2025-05-24 02:09:16,1,1
A01820,U00229,C00171,CAM0046,2026-07-26 18:28:22,0,0
A01821,U00611,C00248,CAM0029,2026-01-27 00:42:29,1,1
A01822,U00557,C00179,CAM0053,2025-04-27 01:51:31,1,0
A01823,U00533,C00164,CAM0020,2026-01-29 06:20:36,1,0
A01824,U00404,C00111,CAM0057,2025-05-22 13:24:10,1,0
A01825,U00352,C00113,CAM0051,2025-09-09 09:20:32,1,0
A01826,U00338,C00045,CAM0020,2025-01-24 14:52:31,1,0
A01827,U00805,C00029,CAM0027,2026-02-20 22:25:47,0,0
A01828,U00124,C00225,CAM0017,2025-05-19 01:52:46,0,0
A01829,U00479,C00046,CAM0042,2025-07-04 08:58:56,0,0
A01830,U00162,C00116,CAM0004,2025-09-11 05:43:28,1,0
A01831,U00286,C00003,CAM0011,2026-01-12 09:11:11,1,0
A01832,U00928,C00239,CAM0049,2025-05-15 14:57:11,1,0
A01833,U00160,C00002,CAM0053,2026-07-29 02:18:12,1,0
A01834,U00031,C00185,CAM0048,2026-01-06 01:58:36,2,0
A01835,U00665,C00039,CAM0025,2026-06-10 10:30:11,1,0
A01836,U00695,C00190,CAM0016,2025-10-22 16:13:57,1,1
A01837,U00199,C00079,CAM0041,2026-02-10 03:12:55,1,0
A01838,U00907,C00138,CAM0021,2026-06-16 07:22:11,0,2
A01839,U00890,C00132,CAM0001,,0,0
A01840,U00027,C00029,CAM0015,2026-07-31 06:25:00,0,1
A01841,U00754,C00155,CAM0026,2026-02-03 04:40:54,1,0
A01842,U00790,C00146,CAM0052,2025-11-11 02:43:01,1,0
A01843,U00080,C00190,CAM0006,2026-01-05 22:00:55,1,0
A01844,U00012,C00043,CAM0033,2025-03-29 08:54:41,0,0
A01845,U00997,C00145,CAM0014,2026-04-15 14:35:02,0,0
A01846,U00056,C00097,CAM0020,2026-09-15 15:46:20,0,1
A01847,U00512,C00171,CAM0052,,0,0
A01848,U00309,C00145,CAM0012,2026-09-17 19:26:14,0,1
A01849,U00526,C00230,CAM0013,2025-08-03 06:13:43,0,0
A01850,U00021,C00119,CAM0030,2026-06-04 23:38:00,0,0
A01851,U00693,C00004,CAM0009,2025-04-05 18:58:01,0,0
A01852,U00598,C00056,CAM0004,2026-05-08 06:27:30,1,0
A01853,U00885,C00131,CAM0018,2025-06-02 23:50:00,0,0
A01854,U00250,C00096,CAM0058,2025-05-29 12:05:13,1,0
A01855,U00701,C00167,CAM0058,2025-04-02 08:07:23,1,0
A01856,U00479,C00070,CAM0012,2026-04-16 14:34:00,0,0
A01857,U00817,C00022,CAM0030,2025-09-25 10:21:22,1,0
A01858,U00195,C00111,CAM0013,2025-03-31 19:46:18,0,0
A01859,U00607,C00235,CAM0025,2026-05-19 01:04:51,1,0
A01860,U00922,C00078,CAM0058,2026-04-07 15:01:44,0,1
A01861,U00564,C00016,CAM0035,2026-03-07 13:37:57,1,0
A01862,U00506,C00101,CAM0016,2025-07-23 06:52:43,0,1
A01863,U00189,C00096,CAM0015,2025-03-28 09:03:02,1,0
A01864,U00030,C00166,CAM0012,2026-06-27 06:07:41,0,1
A01865,U00238,C00147,CAM0014,,1,0
A01866,U00731,C00236,CAM0045,2025-12-26 05:52:27,1,0
A01867,U00689,C00033,CAM0040,2026-09-16 23:03:55,1,0
A01868,U99999,C00170,CAM0046,2025-07-13 09:37:48,1,1
A01869,U00906,C00145,CAM0049,2025-01-22 19:48:37,1,0
A01870,U00160,C00082,CAM0051,2025-06-20 03:36:18,0,1
A01871,U00652,C00007,CAM0009,2026-01-19 05:11:39,1,1
A01872,U00177,C00026,CAM0053,2026-05-04 21:00:30,1,1
A01873,U00744,C00040,CAM0035,2026-08-28 14:16:17,1,0
A01874,U00786,C00100,CAM0022,2025-01-08 01:37:46,0,0
A01875,U00081,C00191,CAM0011,2025-06-12 05:31:19,1,0
A01876,U00526,C00192,,2025-12-04 19:19:22,1,0
A01877,U00327,C00059,CAM0040,2025-10-20 00:46:54,1,0
A01878,U00564,C00250,CAM0014,2025-04-25 05:22:34,0,0
A01879,U00203,C00002,CAM0010,2025-02-24 21:30:57,1,0
A01880,U00584,C00090,,2025-05-02 06:38:03,0,0
A01881,U00961,C00028,CAM0022,2026-04-10 02:45:04,0,0
A01882,U00366,C00179,CAM0006,2026-02-27 20:48:53,1,0
A01883,U00671,C00124,CAM0051,2026-03-17 09:03:33,1,0
A01884,U00168,C00131,CAM0007,2025-02-08 12:06:55,0,1
A01885,U00009,C00228,CAM0034,2026-04-12 03:00:44,1,0
A01886,U00043,C00235,CAM0004,2025-06-21 10:01:18,0,0
A01887,U00763,C00057,CAM0009,2025-01-25 09:57:21,0,1
A01888,U00023,C00145,CAM0026,2025-01-23 14:17:28,0,0
A01889,U00506,C00071,CAM0037,2025-11-08 03:36:38,0,0
A01890,U00412,C00149,CAM0053,2025-01-02 09:06:57,1,0
A01891,U00811,C00186,CAM0033,2025-02-16 20:21:49,1,0
A01892,U00712,C00074,CAM0054,2025-08-15 21:46:27,1,1
A01893,U00622,C00001,CAM0041,2026-03-26 15:09:58,0,0
A01894,U00161,C00056,CAM0006,2026-03-25 15:07:12,0,1
A01895,U00596,C00188,CAM0054,2026-05-11 01:56:55,0,0
A01896,U00275,C00220,CAM0026,2025-01-02 14:48:03,0,1
A01897,U00589,C00229,CAM0006,2026-04-15 13:33:03,1,0
A01898,U00221,C00085,CAM0040,2026-06-22 18:20:41,0,0
A01899,U00182,C00125,CAM0056,2025-06-13 10:42:07,0,0
A01900,U00874,C00148,CAM0049,2026-03-17 06:59:06,1,0
A01901,U00337,C00083,CAM0050,2025-02-06 05:54:16,0,0
A01902,U00946,C00232,CAM0018,2025-06-20 06:41:24,0,0
A01903,U00107,C00231,CAM0005,2026-05-02 10:59:20,1,1
A01904,U00029,C00202,CAM0023,2025-03-23 16:00:04,0,0
A01905,U00059,C00122,CAM0021,2025-07-10 13:07:13,1,0
A01906,U00363,C00195,CAM0044,2025-08-16 23:22:35,0,0
A01907,U00438,C00095,CAM0043,2025-06-13 10:01:16,1,0
A01908,U00382,C00137,CAM0017,2026-04-17 14:19:12,0,0
A01909,U00651,C00141,CAM0012,2025-10-26 04:12:25,1,0
A01910,U00313,C00146,CAM0006,2025-07-28 20:50:44,1,1
A01911,U00118,C00130,CAM0040,2025-08-17 17:39:46,1,0
A01912,U00671,C00203,CAM0035,2025-09-20 18:34:19,1,1
A01913,U00229,C00211,CAM0040,2026-03-05 08:17:08,0,0
A01914,U00086,C00248,CAM0028,2025-04-03 08:38:37,0,1
A01915,U00956,C00156,CAM0010,2025-08-20 12:27:52,0,1
A01916,U00133,C00234,CAM0033,2025-03-03 19:36:50,0,0
A01917,U00855,C00217,CAM0002,2025-12-15 21:44:53,0,1
A01918,U00545,C00146,CAM0053,2025-04-09 11:44:41,0,0
A01919,U00793,C00195,CAM0008,2026-01-13 21:52:11,0,0
A01920,U00286,C00097,CAM0060,2025-12-27 17:54:05,1,0
A01921,U00993,C00009,CAM0006,2025-09-02 08:29:10,1,0
A01922,U00339,C00091,CAM0029,2026-07-27 10:00:32,0,0
A01923,U00282,C00063,CAM0053,2026-05-27 18:13:13,0,0
A01924,U00785,C00114,CAM0054,2026-07-07 10:00:25,1,1
A01925,U00670,C00159,CAM0043,2026-03-20 06:37:46,0,0
A01926,U00281,C00197,CAM0060,2025-08-02 05:15:23,0,0
A01927,U00989,C99999,CAM0010,2026-07-14 15:55:55,0,0
A01928,U00260,C00044,CAM0002,2025-02-02 00:42:25,1,0
A01929,U00084,C00010,CAM0060,2026-01-30 13:58:52,1,0
A01930,U00804,C00154,CAM0030,2026-04-16 08:17:47,1,1
A01931,U00402,C00076,CAM0009,2025-11-16 04:00:04,0,0
A01932,U00729,C00054,CAM0008,,0,0
A01933,U00426,C00212,CAM0012,,0,1
A01934,U00282,C00022,CAM0058,2026-07-19 06:01:56,1,0
A01935,U00727,C00086,CAM0024,2025-03-20 11:36:41,1,0
A01936,U00765,C00155,CAM0030,2025-12-29 20:35:19,0,0
A01937,U00415,C00032,CAM0044,2026-08-16 01:37:18,1,0
A01938,U00953,C00221,CAM0018,2026-03-23 22:51:22,1,0
A01939,U00472,C00225,CAM0020,2025-11-04 13:53:37,1,1
A01940,U00641,C00183,CAM0054,2026-01-27 03:12:18,0,0
A01941,U00484,C00217,CAM0043,2026-04-01 07:04:35,1,0
A01942,U00061,C00128,CAM0022,2026-01-02 22:52:06,0,0
A01943,U00804,C00161,CAM0050,2026-09-13 05:06:56,1,0
A01944,U00546,C00174,CAM0013,2026-06-05 17:28:26,1,0
A01945,U00921,C00082,CAM0014,,0,0
A01946,U00499,C00107,CAM0013,,0,1
A01947,U00997,C00072,CAM0052,2026-01-28 16:28:59,0,1
A01948,U00470,C00065,CAM0015,2025-03-22 06:16:57,0,0
A01949,U00754,C00139,CAM0012,2025-12-24 00:38:30,0,0
A01950,U00578,C00218,CAM0027,2025-12-20 01:56:42,0,0
A01951,U00681,C00128,CAM0021,2025-05-29 04:01:13,0,1
A01952,U00818,C00144,CAM0019,2026-06-26 05:40:05,0,1
A01953,U00669,C00065,CAM0030,2026-07-22 17:29:05,1,1
A01954,U00024,C00215,CAM0039,2025-03-26 01:16:04,1,1
A01955,U00747,C00177,CAM0024,2025-08-03 18:46:22,0,0
A01956,U00466,C00158,CAM0028,2025-04-04 06:12:47,1,0
A01957,U00573,C00240,CAM0012,2025-06-29 09:02:03,1,0
A01958,U00717,C00141,CAM0011,2025-02-16 10:01:22,1,1
A01959,U00129,C00040,CAM0016,2026-06-08 09:30:33,1,0
A01960,U00876,C00071,CAM0047,2025-05-20 12:22:36,0,0
A01961,U00229,C00231,CAM0042,2025-05-02 01:57:47,1,1
A01962,U00711,C00150,CAM0043,2026-01-22 14:30:45,0,0
A01963,U00336,C00146,CAM0059,2026-03-12 21:06:34,1,0
A01964,U00626,C99999,CAM0051,2026-07-04 22:14:05,0,0
A01965,U00507,C00092,CAM0035,2025-10-17 21:34:15,0,0
A01966,U00267,C00062,CAM0010,2026-07-27 06:07:02,0,0
A01967,U00611,C00066,CAM0044,2025-01-11 20:52:30,1,0
A01968,U00076,C00113,CAM0030,2026-04-05 17:06:47,0,0
A01969,U00502,C00020,CAM0023,2026-08-13 16:39:38,1,0
A01970,U00580,C00219,CAM0047,2025-09-06 07:06:05,0,0
A01971,U00256,C00176,CAM0060,2025-10-27 04:27:52,0,0
A01972,U00442,C00172,CAM0001,2025-12-10 02:52:38,1,0
A01973,U00889,C00111,CAM0015,2025-12-12 20:58:33,1,0
A01974,U00391,C00129,CAM0054,2026-07-13 04:37:01,1,1
A01975,U00257,C00106,CAM0024,2026-09-13 16:31:16,0,0
A01976,U00337,C00222,CAM0031,2025-04-24 18:33:10,1,0
A01977,U00391,C00184,CAM0026,2025-09-10 15:38:10,1,1
A01978,U00289,C00055,CAM0039,2026-02-01 01:21:01,1,0
A01979,U00005,C00189,CAM0029,2025-01-04 14:09:09,0,0
A01980,U00407,C00105,CAM0027,2025-02-16 01:23:36,1,0
A01981,U00137,C00180,CAM0060,2025-11-15 20:42:53,0,0
A01982,U00829,C00077,CAM0032,2025-03-28 11:44:41,0,0
A01983,U00339,C00042,CAM0001,2025-11-03 17:22:24,1,0
A01984,U00978,C00185,CAM0037,2025-02-19 12:25:25,0,1
A01985,U00757,C00228,CAM0001,2025-11-06 09:52:10,1,0
A01986,U00326,C00076,CAM0033,2026-04-19 03:26:40,0,0
A01987,U00886,C00042,CAM0051,2026-07-08 02:13:44,0,0
A01988,U00272,C00188,CAM0002,2026-04-04 02:12:02,0,0
A01989,U00321,C00204,CAM0035,2025-03-22 06:36:43,1,1
A01990,U00924,C00050,CAM0034,2025-06-17 18:06:27,0,1
A01991,U00002,C00215,CAM0019,2026-04-22 09:08:44,0,0
A01992,U00418,C00218,CAM0016,2025-05-24 04:21:32,1,1
A01993,U00049,C00055,CAM0026,2025-02-24 03:35:06,0,0
A01994,U00517,C00130,CAM0052,2026-05-15 19:23:30,1,0
A01995,U00903,C00036,CAM0021,2025-12-30 17:17:21,1,1
A01996,U00357,C00239,CAM0043,2025-05-21 11:01:22,1,0
A01997,U00256,C00113,CAM0060,2026-04-08 19:51:16,1,1
A01998,U00752,C00087,CAM0009,2025-09-19 06:09:20,1,0
A01999,U00103,C00242,CAM0030,2025-03-12 04:13:25,0,1
A02000,U00539,C99999,CAM0046,2026-04-16 03:50:43,1,0
A02001,U00876,C00192,CAM0025,2025-06-19 05:22:11,1,0
A02002,U00669,C00081,CAM0053,,0,0
A02003,U00714,C00055,CAM0056,2025-12-28 01:09:50,1,0
A02004,U00577,C00156,CAM0004,2025-08-03 00:28:28,1,0
A02005,U00781,C00017,CAM0046,2025-07-18 05:58:45,0,0
A02006,U00081,C00002,CAM0036,2026-04-24 00:56:21,1,0
A02007,U00385,C00147,CAM0044,2025-01-14 10:59:07,1,0
A02008,U00461,C00025,CAM0013,2026-01-19 07:26:13,0,0
A02009,U00891,C00097,,2026-06-22 11:22:42,1,1
A02010,U00992,C00151,CAM0024,2026-08-19 15:44:53,0,0
A02011,U00785,C00121,CAM0046,2025-01-04 07:37:40,0,0
A02012,U00508,C00190,CAM0015,2026-07-03 08:00:20,0,0
A02013,U00770,C00203,CAM0041,2025-09-13 18:17:26,1,1
A02014,U00047,C00127,CAM0023,2025-03-16 04:05:08,1,1
A02015,U00430,C00127,CAM0020,2025-02-16 15:15:20,0,0
A02016,U00546,C00104,CAM0032,2025-07-14 05:22:13,0,1
A02017,U00813,C00008,CAM0060,2025-12-19 03:04:56,0,0
A02018,U00598,C00237,CAM0056,2026-02-11 05:21:59,1,0
A02019,U00856,C00070,CAM0058,2026-01-05 20:45:25,0,0
A02020,U00372,C00099,CAM0044,2025-11-23 16:30:23,0,0
A02021,U00901,C00139,CAM0041,2025-05-10 04:45:58,1,0
A02022,U00860,C00134,CAM0010,2026-03-07 22:40:57,1,0
A02023,U00453,C00164,CAM0049,2025-08-14 05:00:04,0,
A02024,U00319,C00128,CAM0052,2025-02-05 23:15:15,1,0
A02025,U00262,C00075,CAM0037,2025-03-05 10:16:59,1,0
A02026,U00494,C00180,CAM0013,2025-01-14 12:03:28,0,1
A02027,U00714,C00235,CAM0024,2026-05-14 17:02:23,1,0
A02028,U00911,C00049,CAM0057,2025-04-21 23:43:45,0,0
A02029,U00048,C00008,,2026-08-28 23:00:20,1,0
A02030,U00399,C00087,CAM0039,2025-11-29 14:40:27,0,1
A02031,U00346,C00072,CAM0051,2026-08-27 16:15:56,1,0
A02032,U00732,C00175,CAM0012,2025-05-15 22:30:37,0,0
A02033,U00881,C00112,CAM0001,2025-11-20 13:38:26,1,0
A02034,U00796,C00077,CAM0029,2025-04-14 23:49:01,1,0
A02035,U00162,C00239,CAM0007,2025-09-14 09:05:38,0,0
A02036,U00588,C00223,CAM0026,2025-03-03 08:11:31,1,0
A02037,U00965,C00131,CAM0034,2025-10-06 09:27:09,1,0
A02038,U00574,C00131,CAM0009,2025-12-02 15:48:58,1,0
A02039,U00946,C00174,CAM0038,2025-07-14 15:59:34,0,0
A02040,U00380,C00228,CAM0020,2026-01-11 17:45:36,0,0
A02041,U99999,C00053,CAM0014,2025-01-27 00:51:23,0,0
A02042,U00348,C00138,CAM0045,2026-07-21 00:12:59,1,0
A02043,U00602,C00169,CAM0048,2025-08-02 18:03:58,0,0
A02044,U00519,C00147,CAM0060,2025-08-19 11:52:51,0,1
A02045,U00885,C00106,CAM0027,2026-07-06 09:10:21,1,1
A02046,U00882,C00173,CAM0003,2025-09-16 10:40:07,1,1
A02047,U00100,C00204,CAM0038,2026-03-20 13:40:31,1,0
A02048,U00231,C00193,CAM0045,2026-06-13 15:33:34,0,1
A02049,U00611,C00093,CAM0031,2026-06-23 12:53:24,0,1
A02050,U00127,C00058,CAM0002,2026-08-03 10:51:14,0,0
A02051,U00675,C00168,CAM0033,2026-01-07 19:11:18,1,0
A02052,U00506,C00178,CAM0009,2026-07-17 07:51:09,1,0
A02053,U00982,C00008,CAM0054,2025-11-20 12:01:03,1,0
A02054,U00897,C00095,CAM0058,2026-07-06 22:39:17,0,1
A02055,U00083,C00120,CAM0008,2025-04-04 21:02:19,0,0
A02056,U00080,C00240,CAM0016,2025-04-04 03:20:53,1,0
A02057,U00238,C00097,CAM0047,2025-02-24 13:53:06,0,0
A02058,U00910,C00212,CAM0042,2026-08-24 18:38:39,0,0
A02059,U00047,C00196,CAM0007,2026-04-12 01:32:57,1,0
A02060,U00948,C00002,CAM0034,2026-05-11 20:37:52,1,0
A02061,U00636,C00091,CAM0002,2025-06-19 05:26:26,0,0
A02062,U00423,C00114,CAM0002,2025-10-13 15:11:35,1,1
A02063,U00207,C00101,CAM0043,2025-07-27 03:13:50,0,0
A02064,U00062,C00243,CAM0012,2025-05-23 07:22:26,1,0
A02065,U00435,C00207,CAM0012,2026-08-02 03:15:29,0,0
A02066,U00522,C00215,CAM0019,2026-07-02 10:56:48,1,0
A02067,U00788,C00187,CAM0036,2025-02-13 14:14:21,0,0
A02068,U00819,C00056,CAM0037,2026-01-25 18:21:05,1,0
A02069,U00487,C00121,CAM0055,2025-04-08 10:21:22,0,0
A02070,U00524,C00053,CAM0041,2026-05-17 09:24:33,0,0
A02071,U00912,C00022,CAM0045,2026-01-09 23:59:57,1,0
A02072,U00035,C00249,CAM0040,2026-05-14 19:10:04,1,0
A02073,U00962,C00176,CAM0002,2025-07-20 23:42:24,1,0
A02074,U00562,C00039,CAM0004,2026-08-19 12:15:27,1,0
A02075,U00129,C00248,CAM0049,2026-04-08 21:58:53,0,0
A02076,U00042,C00247,CAM0027,2026-04-01 14:07:44,0,0
A02077,U00066,C00237,CAM0057,2025-07-18 13:00:16,1,clicked
A02078,U00677,C00161,CAM0027,2026-05-05 18:51:53,1,0
A02079,U00085,C00080,CAM0027,2026-03-07 21:30:33,1,0
A02080,U00283,C00191,CAM0056,2025-03-02 18:00:07,0,0
A02081,U00124,C00108,CAM0046,2025-11-22 08:27:50,1,0
A02082,U00204,C00157,CAM0009,2026-08-21 06:01:47,0,0
A02083,U00868,C00177,CAM0007,2026-06-12 13:50:49,0,0
A02084,U00852,C00101,CAM0017,2026-05-26 07:11:56,0,1
A02085,U00552,C00223,CAM0035,2026-04-11 17:56:41,0,1
A02086,U00055,C00204,CAM0030,2026-01-18 13:18:46,0,0
A02087,U00592,C00144,CAM0060,2025-07-04 14:20:31,0,0
A02088,U00185,C00135,CAM0010,2025-04-04 20:52:30,0,0
A02089,U00121,C00221,CAM0023,2025-04-27 15:52:17,0,0
A02090,U00703,C00212,CAM0034,2025-08-25 16:16:48,0,1
A02091,U00728,C00181,CAM0007,2026-03-16 19:13:32,0,0
A02092,U00903,C00221,CAM0011,2025-09-15 04:50:30,1,0
A02093,U00450,C00116,CAM0039,2025-03-14 02:17:48,1,0
A02094,U00410,C00079,CAM0007,2026-04-07 11:26:11,1,1
A02095,U00231,C00034,CAM0002,2025-06-18 13:41:10,1,0
A02096,U00906,C00123,CAM0058,2025-04-02 00:09:33,1,1
A02097,U00039,C00214,CAM0014,2025-12-18 09:50:28,1,0
A02098,U00383,C00122,CAM0041,2026-07-14 13:55:26,1,1
A02099,U00981,C00245,CAM0028,2026-06-10 22:22:26,0,0
A02100,U00767,C00073,CAM0008,2026-06-30 23:54:04,0,0
A02101,U00730,C00157,CAM0012,2026-04-25 09:13:11,0,0
A02102,U00182,C00188,CAM0015,2026-03-31 11:32:54,1,1
A02103,U00798,C00171,CAM0035,2025-01-28 23:13:18,0,0
A02104,U00361,C00008,CAM0059,2026-08-18 20:35:56,1,1
A02105,U00118,C00093,CAM0054,2025-10-19 16:35:03,1,0
A02106,U00394,C00137,CAM0045,2025-09-11 14:00:52,1,0
A02107,U00813,C00017,CAM0003,2026-03-26 13:22:25,1,0
A02108,U00270,C00137,CAM0044,2025-05-25 03:09:40,0,0
A02109,U00370,C00003,CAM0057,2025-10-08 00:56:58,1,0
A02110,U00131,C00190,CAM0027,2026-05-08 06:19:57,1,0
A02111,U00061,C00092,CAM0027,2025-04-29 02:02:20,1,1
A02112,U00152,C00034,CAM0055,2025-06-08 08:17:52,1,0
A02113,U00595,C00200,CAM0007,2025-07-29 06:38:52,1,0
A02114,U00680,C00167,CAM0035,2026-02-05 17:07:56,1,0
A02115,U00846,C00139,CAM0058,2025-06-14 01:45:53,0,1
A02116,U00008,C00074,CAM0039,2025-10-29 06:34:23,0,0
A02117,U00193,C00053,CAM0001,2026-01-20 07:18:21,1,0
A02118,U00898,C00101,CAM0048,2025-04-17 22:45:10,0,1
A02119,U00357,C00014,CAM0060,2025-08-18 17:16:26,1,0
A02120,U00816,C00196,CAM0046,2026-09-18 22:47:10,0,0
A02121,U00846,C00212,CAM0020,2026-02-26 00:45:39,1,0
A02122,U00143,C00184,CAM0021,2025-12-23 17:48:07,1,0
A02123,U00525,C00150,CAM0013,2026-04-14 04:11:07,1,0
A02124,U00355,C00027,CAM0049,2025-01-23 14:42:09,1,1
A02125,U00305,C00023,CAM0030,2025-05-12 21:36:10,1,0
A02126,U00927,C00024,CAM0060,2026-02-19 20:40:37,1,0
A02127,U00236,C00154,CAM0053,2025-08-06 17:39:02,1,0
A02128,U00284,C00089,CAM0011,2025-06-11 01:24:36,1,0
A02129,U00113,C00076,CAM0027,2025-04-07 14:06:37,0,0
A02130,U00060,C00249,CAM0047,2025-10-14 05:54:07,1,1
A02131,U00754,C00146,CAM0048,2026-07-09 09:34:15,1,0
A02132,U00176,C00235,CAM0048,2025-07-11 08:39:58,1,0
A02133,U00252,C00038,CAM0020,2025-05-06 09:40:39,,0
A02134,U00521,C00158,CAM0047,2026-02-23 05:40:18,0,1
A02135,U00326,C00030,CAM0040,2025-09-29 05:40:50,1,0
A02136,U00734,C00071,CAM0023,2026-06-22 04:39:38,1,0
A02137,U00232,C00090,CAM0026,2025-10-24 17:39:34,0,1
A02138,U00198,C00148,CAM0047,2026-04-29 14:34:14,1,0
A02139,U00066,C00123,CAM0060,2026-08-07 23:40:59,1,0
A02140,U00479,C00249,CAM0001,2026-01-11 15:27:15,1,0
A02141,U00596,C00025,CAM0012,2025-01-02 23:26:42,0,0
A02142,U00134,C00095,CAM0057,2026-02-02 20:40:52,1,1
A02143,U00200,C00124,CAM0002,2025-05-18 06:00:13,0,1
A02144,U00788,C00145,CAM0046,2026-02-07 16:13:55,1,0
A02145,U00577,C00017,CAM0058,2025-04-27 22:43:46,1,1
A02146,U00717,C00119,CAM0008,2026-01-04 03:42:03,0,0
A02147,U00221,C00053,CAM0031,2026-04-15 09:06:03,1,0
A02148,U00219,C00224,CAM0002,2026-08-31 22:38:34,0,1
A02149,U00073,C00171,CAM0023,2025-03-10 13:35:02,0,0
A02150,U00150,C00111,CAM0038,2025-02-01 01:45:04,0,1
A02151,U00944,C00161,CAM0013,2026-08-31 12:57:56,1,0
A02152,U00510,C00097,CAM0054,2025-05-19 20:11:10,1,0
A02153,U00165,C00013,CAM0035,2026-07-30 07:13:49,1,0
A02154,U00039,C00046,CAM0007,2026-04-29 22:24:34,0,0
A02155,U00699,C00077,CAM0053,2025-03-02 04:24:04,1,0
A02156,U00278,C00166,CAM0030,2026-04-26 10:31:06,1,0
A02157,U00263,C00140,CAM0039,2025-07-07 02:16:49,0,0
A02158,U00649,C00021,CAM0029,2026-05-04 05:21:01,1,0
A02159,U00700,C00130,CAM0031,2026-07-14 22:41:49,1,0
A02160,U00384,C00037,CAM0052,2025-01-11 03:58:12,0,0
A02161,U00307,C00119,CAM0024,2025-08-28 22:50:19,0,1
A02162,U00088,C00242,CAM0031,2025-08-25 09:59:32,1,0
A02163,U00527,C00062,CAM0048,2025-11-03 15:03:05,1,0
A02164,U00500,C00029,CAM0033,2025-06-12 12:48:46,1,0
A02165,U00631,C00157,CAM0034,2025-10-02 08:29:49,1,0
A02166,U00475,C00040,CAM0023,2025-10-13 03:07:29,0,1
A02167,U00324,C00176,CAM0046,2026-09-16 18:39:07,1,0
A02168,U00401,C00002,CAM0055,2025-09-22 16:52:07,0,0
A02169,U00207,C00133,CAM0038,2026-07-26 20:10:52,0,0
A02170,U00111,C00108,CAM0058,2026-08-16 13:36:32,0,0
A02171,U00721,C00162,CAM0053,2025-01-20 08:40:54,1,0
A02172,U00106,C00184,CAM0053,2026-05-07 00:25:17,2,0
A02173,U00933,C00135,CAM0022,2025-01-27 21:07:35,0,0
A02174,U00836,C00022,CAM0013,2025-09-13 02:38:40,0,1
A02175,U00764,C00012,CAM0056,,1,0
A02176,U00365,C00023,CAM0021,2025-05-03 16:27:43,1,1
A02177,U00187,C99999,CAM0056,2026-01-15 21:24:32,0,0
A02178,U00518,C00121,CAM0060,2026-08-22 19:43:01,0,0
A02179,U00756,C00045,CAM0040,2026-03-31 21:47:16,0,0
A02180,U00864,C00029,CAM0054,2025-03-29 16:48:39,0,1
A02181,U00621,C00140,CAM0046,2025-08-25 00:49:24,0,0
A02182,U00663,C00247,CAM0033,2025-04-19 16:21:13,1,0
A02183,U00287,C00195,CAM0024,2026-04-13 18:51:33,1,0
A02184,U00726,C00160,CAM0036,2026-03-30 12:14:22,0,0
A02185,U00561,C00092,CAM0034,2026-09-09 16:33:12,0,0
A02186,U00780,C00241,CAM0021,2026-09-12 10:54:22,yes,0
A02187,U00936,C00049,CAM0041,2025-03-15 09:04:14,1,0
A02188,U00848,C00012,CAM0031,2026-07-14 05:00:19,0,0
A02189,U00355,C00153,CAM0048,2026-04-02 03:52:12,1,1
A02190,U00944,C00161,CAM0054,2025-09-26 19:34:52,0,0
A02191,U00891,C00228,CAM0046,2026-07-25 23:34:44,0,0
A02192,U00844,C00052,CAM0032,2025-11-22 11:16:54,1,0
A02193,U00913,C00183,CAM0036,2025-04-23 20:55:38,1,0
A02194,U00861,C00016,CAM0045,2025-08-01 02:01:11,0,0
A02195,U00676,C00115,CAM0006,2026-05-18 00:28:33,0,0
A02196,U00766,C00161,CAM0023,2025-11-22 08:57:49,0,0
A02197,U00595,C00026,CAM0034,2026-07-30 04:39:31,0,1
A02198,U00357,C00180,CAM0041,2026-01-22 11:31:51,1,0
A02199,U00295,C00159,CAM0014,2026-05-30 23:44:26,0,0
A02200,U00880,C00148,CAM0052,2025-06-02 06:24:09,0,0
A02201,U00682,C00237,CAM0032,2025-08-29 03:49:37,0,0
A02202,U00153,C00141,CAM0039,2025-07-09 19:38:55,0,0
A02203,U00319,C00147,CAM0049,,0,1
A02204,U00579,C00077,CAM0018,2025-01-29 18:58:43,1,0
A02205,U00899,C00119,CAM0009,2025-03-02 02:37:50,0,1
A02206,U00441,C00196,CAM0046,2026-07-14 12:48:40,0,0
A02207,U00621,C00045,CAM0048,2026-03-13 18:42:14,0,0
A02208,U00278,C00151,CAM0028,2025-07-10 18:12:29,0,0
A02209,U00832,C00097,CAM0039,2025-12-09 14:08:58,0,1
A02210,U00616,C00156,CAM0006,2025-12-19 05:29:16,1,0
A02211,U00687,C00075,CAM0053,2025-03-11 16:19:24,0,0
A02212,U00033,C00132,CAM0007,2025-10-14 15:58:53,0,0
A02213,U00665,C00059,CAM0002,2025-01-30 18:29:05,0,0
A02214,U00948,C00191,CAM0022,2026-03-05 15:43:42,0,0
A02215,U00877,C00205,CAM0017,2026-09-18 09:18:00,1,0
A02216,U00307,C00194,CAM0051,2026-05-13 08:50:45,0,0
A02217,U00590,C00170,CAM0018,,1,1
A02218,U00127,C00050,CAM0058,2025-10-08 15:20:27,1,1
A02219,U00386,C00051,CAM0037,2025-01-13 14:17:50,1,0
A02220,U00834,C00131,CAM0030,2025-09-19 05:37:09,1,0
A02221,U00693,C00108,CAM0008,2026-03-15 05:54:45,0,0
A02222,U00801,C00045,CAM0039,2025-08-17 19:22:38,0,0
A02223,U00767,C00011,CAM0005,2025-04-22 19:34:27,1,0
A02224,U00983,C00222,CAM0020,2026-06-17 09:10:46,0,1
A02225,U00362,C00008,CAM0010,2026-01-31 04:45:09,1,0
A02226,U00250,C00142,CAM0005,2025-12-12 04:59:32,1,0
A02227,U00312,C00158,CAM0035,2026-06-29 05:00:22,1,1
A02228,U00185,C00245,CAM0030,2025-10-05 04:50:53,1,1
A02229,U00995,C00116,CAM0043,2025-12-27 08:12:36,0,0
A02230,U00074,C00164,CAM0048,2026-02-14 10:15:56,1,1
A02231,U00910,C00053,CAM0014,2026-07-03 13:53:42,1,0
A02232,U00389,C00081,CAM0058,2025-12-02 11:47:16,0,1
A02233,U00174,C00221,CAM0004,2025-02-17 06:49:31,1,0
A02234,U00067,C00206,CAM0026,2026-08-26 23:50:59,1,0
A02235,U00843,C00247,CAM0040,2025-02-19 17:31:08,1,0
A02236,U00481,C00243,,2026-02-25 16:52:25,0,1
A02237,U00238,C00057,CAM0045,2026-09-15 13:08:39,1,0
A02238,U00192,C00030,CAM0020,2025-05-08 02:08:26,0,1
A02239,U00138,C00023,CAM0040,2026-04-07 15:48:52,0,0
A02240,U00713,C00215,CAM0029,2025-04-17 07:31:21,0,0
A02241,U00136,C00131,CAM0010,2025-06-02 16:39:09,1,0
A02242,U00757,C00207,CAM0010,2026-04-29 04:00:52,0,1
A02243,U00124,C00045,CAM0010,2026-07-22 04:54:54,0,0
A02244,U00161,C00200,CAM0022,2025-06-16 06:23:56,0,0
A02245,U00821,C00121,CAM0010,2025-06-24 16:15:24,0,0
A02246,U00874,C00140,CAM0041,2025-08-01 14:46:35,1,0
A02247,U00285,C00016,CAM0059,2025-09-21 11:09:08,0,0
A02248,U00679,C00213,CAM0029,2025-08-07 13:48:08,1,0
A02249,U00367,C00087,CAM0017,2026-09-11 13:57:28,0,0
A02250,U00367,C00120,CAM0048,2025-05-20 15:18:08,1,0
A02251,U00837,C00148,CAM0042,2025-07-17 02:34:10,1,0
A02252,U00054,C00244,CAM0037,2026-06-30 07:07:48,0,0
A02253,U00202,C00214,CAM0051,2026-07-22 05:12:43,0,0
A02254,U00358,C00053,CAM0059,2026-06-02 03:51:57,0,0
A02255,U00795,C00201,CAM0014,2025-07-09 01:40:12,0,0
A02256,U00087,C00130,CAM0027,2026-07-08 07:12:30,0,1
A02257,U00176,C00102,CAM0041,2025-08-11 15:11:40,1,1
A02258,U00056,C00151,CAM0033,2025-02-03 00:41:55,1,1
A02259,U00130,C00167,CAM0006,2025-02-19 15:56:48,0,0
A02260,U00498,C00163,CAM0054,2025-02-17 17:10:05,1,0
A02261,U00187,C00211,CAM0052,2025-05-11 04:12:09,1,0
A02262,U00912,C00159,CAM0013,2025-01-08 03:35:28,0,0
A02263,U00526,C00171,CAM0011,2026-09-09 23:25:36,1,0
A02264,U00232,C00098,CAM0042,2025-06-25 04:00:05,0,0
A02265,U00976,C00186,CAM0052,2026-09-02 21:20:03,1,0
A02266,U00467,C00243,CAM0003,2025-06-22 21:44:42,1,1
A02267,U00453,C00033,CAM0042,2025-11-20 06:21:09,0,0
A02268,U00220,C00049,CAM0053,2025-10-20 13:45:18,0,1
A02269,U00199,C00089,CAM0037,2026-03-15 08:10:53,0,1
A02270,U00449,C00164,CAM0055,2025-01-12 02:51:55,0,0
A02271,U00768,C00026,CAM0057,2025-12-22 07:08:19,1,0
A02272,U00901,C00135,CAM0007,2025-01-13 17:43:15,1,0
A02273,U00339,C99999,CAM0056,2025-03-22 11:48:37,1,0
A02274,U00132,C00244,CAM0037,,1,0
A02275,U00162,C00027,CAM0051,2025-03-27 05:58:21,1,0
A02276,U00753,C00070,CAM0031,2025-03-06 22:23:54,0,0
A02277,U00285,C00022,CAM0034,2025-03-26 16:53:31,0,0
A02278,U00718,C00202,CAM0046,2025-10-20 02:35:02,1,0
A02279,U00388,C00047,CAM0021,2025-06-16 03:40:34,1,0
A02280,U00865,C00053,CAM0043,2026-02-08 05:43:58,0,0
A02281,U00527,C00116,CAM0034,2026-09-13 10:27:56,1,1
A02282,U00860,C00121,CAM0030,2025-02-27 04:53:05,0,0
A02283,U00892,C00149,CAM0056,2025-02-04 18:40:29,0,0
A02284,U00669,C00192,CAM0049,2025-05-06 14:11:46,0,1
A02285,U00643,C00102,CAM0012,2025-10-10 20:48:05,1,0
A02286,U00089,C00099,CAM0039,2025-10-15 22:50:47,1,0
A02287,U00568,C00083,CAM0037,2026-05-28 21:32:34,0,1
A02288,U00628,C00018,CAM0023,2026-02-27 06:55:25,0,0
A02289,U00636,C00024,CAM0002,2025-01-09 16:39:37,0,1
A02290,U00443,C00120,CAM0051,2025-09-12 06:25:43,0,0
A02291,U00956,C00123,CAM0015,2025-06-20 16:56:57,1,1
A02292,U00610,C00157,CAM0050,2026-09-05 19:59:59,1,0
A02293,U00073,C00181,,2026-02-09 07:37:19,0,1
A02294,U00333,C00121,CAM0019,2026-05-14 14:32:54,1,1
A02295,U00534,C00087,CAM0035,2026-01-01 22:26:10,0,0
A02296,U00375,C00122,CAM0019,2025-08-29 20:18:23,0,0
A02297,U00551,C00205,CAM0030,2026-06-26 18:43:49,0,0
A02298,U00258,C00194,CAM0007,2026-08-13 02:45:52,1,0
A02299,U00608,C00056,CAM0037,2026-04-22 16:13:31,0,0
A02300,U00587,C00183,CAM0027,2026-07-22 03:53:00,1,0
A02301,U00899,C00029,CAM0007,2025-07-05 00:29:29,1,0
A02302,U00619,C00110,CAM0019,2026-01-24 19:06:58,1,0
A02303,U00035,C00097,CAM0032,2026-04-17 07:21:21,1,0
A02304,U00205,C00144,CAM0019,2025-04-29 08:42:25,0,0
A02305,U00407,C00246,CAM0044,2026-04-03 21:28:07,1,0
A02306,U00595,C00244,CAM0002,2025-02-17 02:53:26,0,0
A02307,U00920,C00227,CAM0015,2026-02-12 06:57:42,0,0
A02308,U00184,C00025,CAM0052,2026-03-14 11:56:39,0,0
A02309,U00648,C00239,CAM0019,2025-11-10 08:35:15,0,0
A02310,U00061,C00044,CAM0037,2025-12-13 07:23:22,0,0
A02311,U00601,C00148,CAM0041,2026-06-30 10:31:10,0,1
A02312,U00767,C00079,CAM0003,2025-06-06 03:26:40,0,0
A02313,U00796,C00019,CAM0015,2025-04-28 16:36:30,0,0
A02314,U00421,C00179,CAM0048,2026-09-10 07:01:01,1,0
A02315,U00059,C00193,CAM0021,2025-03-13 00:32:15,1,1
A02316,U00210,C00147,CAM0015,2025-10-12 07:53:42,0,0
A02317,U00002,C00060,CAM0039,2026-04-14 09:28:52,1,0
A02318,U00752,C00011,CAM0045,2025-02-22 06:59:00,0,0
A02319,U00670,C00013,CAM0014,2026-09-11 05:40:06,1,0
A02320,U00174,C00139,CAM0037,2026-03-23 14:51:48,1,0
A02321,U00567,C00170,CAM0048,2025-05-07 21:30:41,1,0
A02322,U99999,C00095,CAM0060,2025-10-26 10:26:41,1,0
A02323,U00728,C00148,CAM0019,2026-06-30 17:23:08,1,1
A02324,U00717,C00171,CAM0019,2026-09-09 20:23:32,1,0
A02325,U00432,C00152,CAM0038,2026-07-09 10:55:36,0,0
A02326,U00924,C00050,CAM0026,2025-09-30 16:26:58,1,0
A02327,U00252,C00032,CAM0041,2025-09-23 09:03:13,1,0
A02328,U00252,C00077,CAM0030,2026-04-05 10:58:43,1,0
A02329,U00430,C00076,CAM0041,2025-07-10 23:52:38,0,1
A02330,U00209,C00051,CAM0010,2026-03-30 13:05:52,1,0
A02331,U00285,C00220,CAM0016,2025-05-15 02:26:16,0,1
A02332,U00121,C00204,CAM0006,2025-04-30 09:03:31,0,1
A02333,U00737,C00003,CAM0018,2026-08-15 23:40:34,0,1
A02334,U00588,C00108,CAM0049,2025-09-29 20:36:55,0,0
A02335,U00205,C00049,CAM0050,2025-12-25 22:35:05,0,0
A02336,U00110,C00167,CAM0052,2025-12-17 12:21:53,1,0
A02337,U00629,C00214,CAM0029,2026-03-04 06:06:39,0,1
A02338,U00422,C00156,CAM0035,2025-03-19 07:35:14,1,0
A02339,U00673,C00108,CAM0019,2025-04-23 15:30:03,0,1
A02340,U00259,C00058,CAM0030,2025-09-03 02:30:59,0,1
A02341,U00827,C00208,CAM0031,,1,0
A02342,U00375,C00031,CAM0003,2026-06-28 13:17:45,0,1
A02343,U00348,C00167,CAM0033,2026-03-01 12:44:07,1,1
A02344,U00079,C00018,CAM0037,2025-11-03 00:19:41,1,0
A02345,U00682,C00126,CAM0055,2025-12-19 16:20:31,1,0
A02346,U00905,C00021,CAM0025,2025-04-25 16:27:30,1,1
A02347,U00044,C00111,CAM0048,2025-10-22 22:18:58,1,0
A02348,U99999,C00087,CAM0051,2025-08-10 22:13:14,0,0
A02349,U00811,C00238,CAM0010,2026-03-04 23:12:31,0,1
A02350,U00154,C00075,CAM0030,2025-09-16 07:17:24,0,1
A02351,U00967,C00106,CAM0052,2025-11-12 07:20:08,0,0
A02352,U00571,C00241,CAM0040,2025-08-27 04:12:37,1,0
A02353,U00710,C00074,CAM0052,2025-10-12 15:59:40,1,0
A02354,U00381,C00219,CAM0005,2025-03-29 04:42:55,1,2
A02355,U00326,C00200,CAM0038,2025-10-13 19:08:42,0,0
A02356,U00096,C00249,CAM0023,2025-12-08 22:37:08,0,0
A02357,U00654,C00108,CAM0020,2025-10-24 16:25:46,0,0
A02358,U00995,C00104,CAM0029,2025-05-24 03:23:59,0,0
A02359,U00519,C00084,CAM0021,2025-08-03 04:45:15,1,0
A02360,U00752,C00106,CAM0050,2026-08-10 23:38:01,1,0
A02361,U00598,C00058,CAM0031,2025-08-26 10:44:44,1,0
A02362,U00710,C00143,CAM0033,2026-01-04 01:27:16,1,0
A02363,U00526,C00194,CAM0043,2026-07-16 00:34:48,1,0
A02364,U00440,C00149,CAM0032,2025-04-04 19:06:08,1,1
A02365,U00720,C00218,CAM0026,2026-08-02 17:08:40,0,0
A02366,U00571,C00008,CAM0026,2026-08-11 20:58:42,0,0
A02367,U00345,C00187,CAM0057,2026-06-18 01:38:08,0,1
A02368,U00145,C00183,CAM0026,2026-09-02 13:01:11,1,1
A02369,U00825,C00126,CAM0053,2026-03-11 21:09:28,0,0
A02370,U00728,C00213,CAM0056,2025-12-05 06:45:38,1,1
A02371,U00428,C00027,CAM0030,2025-12-21 20:06:43,0,0
A02372,U00645,C00164,CAM0002,2025-05-10 06:37:15,0,0
A02373,U00633,C00061,CAM0039,2025-02-05 03:52:32,0,0
A02374,U00023,C00244,CAM0006,2026-09-11 12:13:14,1,0
A02375,U00033,C00020,CAM0053,2026-08-14 08:47:54,1,0
A02376,U00290,C00235,CAM0020,2025-08-28 11:03:04,0,0
A02377,U00633,C00009,CAM0015,2025-12-30 09:56:34,,0
A02378,U00311,C00118,CAM0011,2025-08-23 23:29:57,0,0
A02379,U00230,C00014,CAM0023,,1,0
A02380,U00327,C00166,CAM0035,2025-02-17 23:58:12,0,0
A02381,U00952,C00015,CAM0002,2025-11-06 11:55:22,1,0
A02382,U00699,C00129,CAM0019,2025-11-02 01:33:48,0,0
A02383,U00952,C00087,CAM0022,2025-10-25 03:39:20,1,0
A02384,U00149,C00101,CAM0001,2026-06-04 10:42:47,0,1
A02385,U00828,C00095,CAM0039,2025-12-25 18:30:48,0,0
A02386,U00843,C00169,CAM0052,2025-03-13 12:13:57,0,0
A02387,U00860,C00221,CAM0059,2025-08-06 15:31:23,1,0
A02388,U00595,C00197,CAM0042,2025-02-03 22:12:38,1,0
A02389,U00382,C00134,CAM0019,2026-02-06 14:21:41,0,0
A02390,U00519,C00217,CAM0056,2026-06-30 02:39:11,0,0
A02391,U00786,C00192,CAM0004,2026-08-10 08:28:03,0,1
A02392,U00168,C00084,CAM0052,2026-08-06 16:56:43,0,0
A02393,U00284,C00028,CAM0028,2026-02-04 12:42:44,1,0
A02394,U00786,C00104,CAM0023,2025-12-10 21:43:30,0,0
A02395,U00236,C00045,CAM0035,2025-09-21 22:12:43,0,0
A02396,U00384,C00036,CAM0037,2025-12-28 12:02:44,1,0
A02397,U00533,C00101,CAM0027,2026-01-05 02:41:41,1,0
A02398,U00660,C00155,CAM0056,2025-02-04 18:45:53,0,0
A02399,U00999,C00049,CAM0055,2026-07-02 17:10:58,1,0
A02400,U00566,C00201,CAM0045,2025-12-13 17:25:10,0,1
A02401,U00026,C00128,CAM0041,2026-03-29 13:40:37,1,1
A02402,U00162,C00233,CAM0004,2025-09-24 10:21:42,0,0
A02403,U00751,C00127,CAM0030,2025-10-01 11:47:55,0,1
A02404,U00236,C00212,CAM0040,2025-04-22 20:15:39,1,1
A02405,U00733,C00102,CAM0038,2026-09-07 18:09:52,1,0
A02406,U00128,C00028,CAM0011,2025-08-11 22:37:52,0,1
A02407,U00830,C00212,CAM0043,2025-01-05 12:56:37,1,clicked
A02408,U00409,C00107,CAM0034,2026-04-09 11:49:42,1,1
A02409,U00020,C00073,CAM0008,2025-03-23 21:48:29,1,0
A02410,U00335,C00109,CAM0017,2025-04-08 14:02:35,0,0
A02411,U00856,C00101,,2025-07-19 12:23:46,0,0
A02412,U00632,C00214,CAM0028,2025-07-08 11:04:37,1,1
A02413,U00699,C00192,CAM0006,2026-08-11 17:01:19,0,1
A02414,U00328,C00176,CAM0037,2026-02-09 17:44:22,1,0
A02415,U00457,C00138,CAM0051,2025-11-20 13:34:00,0,0
A02416,U00171,C00073,CAM0003,2025-09-06 19:41:28,1,0
A02417,U00891,C00099,CAM0036,2025-04-19 09:30:15,1,0
A02418,U00484,C00202,CAM0022,2025-03-09 21:11:29,1,0
A02419,U00404,C00181,CAM0005,2026-05-15 19:23:29,1,0
A02420,U00891,C00249,CAM0043,2025-06-14 20:54:42,1,0
A02421,U00602,C00175,CAM0023,2025-12-17 03:05:52,0,0
A02422,U00001,C00159,CAM0031,2025-08-16 05:24:59,1,0
A02423,U00136,C00072,CAM0034,2025-06-30 03:49:50,1,0
A02424,U00922,C00169,CAM0006,2025-03-04 21:52:30,1,0
A02425,U00018,C00250,CAM0026,2025-08-29 13:45:24,1,0
A02426,U00219,C00077,CAM0046,2026-04-07 18:58:37,1,1
A02427,U00603,C00039,CAM0018,2025-01-10 22:58:29,0,0
A02428,U00530,C00247,CAM0056,2026-06-21 16:25:16,1,1
A02429,U00932,C00221,CAM0052,2025-07-24 01:31:16,1,0
A02430,U00534,C00226,CAM0051,2025-01-11 00:17:40,1,0
A02431,U00954,C00213,,2026-02-27 11:32:22,0,0
A02432,U00527,C00124,CAM0019,2026-05-10 00:09:45,0,0
A02433,U00230,C00106,CAM0056,2025-05-09 07:53:18,0,0
A02434,U00611,C00160,CAM0022,2026-05-16 20:16:35,1,0
A02435,U00099,C00245,CAM0049,2025-08-03 08:33:37,0,1
A02436,U00535,C00186,CAM0057,2025-07-31 20:14:59,0,0
A02437,U00779,C00174,CAM0001,2025-10-31 06:09:44,1,0
A02438,U00479,C00179,CAM0060,2025-03-16 07:03:00,0,0
A02439,U00036,C00212,CAM0043,2025-03-25 19:49:31,0,0
A02440,U00872,C00112,CAM0044,2026-08-01 01:46:43,0,0
A02441,U99999,C00177,CAM0004,2026-07-26 06:23:40,1,0
A02442,U00757,C00101,CAM0018,2025-04-01 00:22:17,0,0
A02443,U00596,C00168,CAM0053,2026-06-10 06:21:39,1,0
A02444,U00758,C00191,CAM0040,2026-01-07 16:24:28,0,0
A02445,U00627,C00037,CAM0012,2025-03-15 05:48:52,0,0
A02446,U00423,C00018,CAM0043,2025-05-06 03:35:25,0,1
A02447,U00711,C00090,CAM0059,2025-05-10 01:19:48,1,0
A02448,U00497,C00172,CAM0004,2025-12-09 03:35:43,0,0
A02449,U00637,C00232,CAM0059,2026-04-05 23:21:58,1,0
A02450,U00466,C00033,CAM0043,2025-10-17 08:14:29,0,0
A02451,U00715,C00245,CAM0008,2025-04-14 02:16:57,0,1
A02452,U00643,C00202,CAM0024,2026-06-28 20:10:38,1,0
A02453,U00597,C00146,CAM0001,,0,0
A02454,U00632,C00078,CAM0014,2025-01-03 22:43:14,1,0
A02455,U00456,C00022,CAM0026,2025-06-15 20:25:38,1,0
A02456,U00124,C00082,CAM0007,2025-06-28 19:09:42,1,0
A02457,U00830,C00178,CAM0010,2026-07-15 15:31:11,1,0
A02458,U00208,C00109,CAM0060,2025-01-21 06:13:03,0,0
A02459,U00482,C00166,CAM0055,2026-02-14 10:33:52,0,1
A02460,U00006,C00154,CAM0060,2025-03-21 16:40:18,1,1
A02461,U00047,C00043,CAM0059,2026-06-16 05:40:35,1,0
A02462,U00135,C00177,CAM0026,2025-07-03 11:07:19,1,1
A02463,U00563,C00140,CAM0030,2026-04-04 22:05:01,1,0
A02464,U00163,C00147,CAM0038,2025-03-15 06:54:35,0,0
A02465,U00839,C00103,CAM0009,2026-09-09 15:54:36,0,1
A02466,U00615,C00227,CAM0028,,0,0
A02467,U00146,C00059,CAM0035,2025-12-22 12:55:45,0,0
A02468,U00007,C00141,CAM0013,2026-06-12 08:05:18,1,0
A02469,U00793,C00205,CAM0004,2025-03-07 23:00:44,1,0
A02470,U00318,C00115,CAM0026,2025-08-11 21:10:02,0,0
A02471,U00256,C00221,CAM0042,2026-03-12 09:13:36,0,1
A02472,U00050,C00097,CAM0002,2025-05-30 10:48:54,0,1
A02473,U00094,C00221,CAM0012,2025-07-16 21:40:30,1,0
A02474,U00230,C00242,CAM0029,2025-08-28 10:41:47,1,1
A02475,U00519,C00132,CAM0052,2026-03-19 13:45:24,1,0
A02476,U00493,C00221,CAM0015,2025-07-17 11:46:55,1,0
A02477,U00455,C00036,CAM0055,2025-08-07 17:36:58,1,0
A02478,U00340,C00160,CAM0039,2026-03-29 08:43:01,1,1
A02479,U00540,C00202,CAM0027,2025-04-13 00:18:12,0,0
A02480,U00859,C00170,CAM0022,2025-01-25 06:00:54,1,1
A02481,U00144,C00131,CAM0009,2025-06-29 06:45:23,1,0
A02482,U00536,C00061,CAM0022,2025-05-14 04:34:37,0,0
A02483,U00608,C00021,CAM0039,2026-04-15 09:17:22,1,0
A02484,U00934,C00249,CAM0042,2026-06-15 18:51:19,1,1
A02485,U00800,C00183,CAM0058,2025-01-24 22:00:58,0,1
A02486,U00261,C00249,CAM0059,2026-03-03 00:24:28,0,0
A02487,U00249,C00198,CAM0007,2026-09-05 21:53:48,0,0
A02488,U00692,C00206,CAM0038,2025-12-23 08:37:05,0,0
A02489,U00247,C00016,CAM0028,2026-05-05 07:13:44,1,0
A02490,U00883,C00050,CAM0013,2025-10-02 03:19:53,0,1
A02491,U00908,C00222,CAM0020,2026-03-30 07:16:06,1,0
A02492,U00851,C00100,CAM0035,2025-08-29 04:07:06,1,1
A02493,U00108,C00190,CAM0039,2025-08-10 08:05:05,1,0
A02494,U00312,C00239,CAM0015,2026-05-27 23:04:08,1,0
A02495,U00676,C00218,CAM0057,2025-11-21 02:35:26,0,1
A02496,U00173,C00069,CAM0050,2025-01-04 10:43:38,1,0
A02497,U00591,C00065,CAM0030,2025-12-16 17:37:59,0,0
A02498,U00860,C00017,CAM0015,2025-06-26 05:30:25,0,1
A02499,U00102,C00073,CAM0014,2025-08-14 00:56:03,1,1
A02500,U00927,C00078,CAM0035,2026-07-27 11:45:48,1,1
A02501,U00079,C00166,CAM0006,2025-09-22 09:05:28,0,0
A02502,U00734,C00123,CAM0015,2026-06-29 14:22:57,0,0
A02503,U00214,C00066,,2025-02-20 03:52:18,1,0
A02504,U00311,C00220,CAM0050,2025-10-28 05:31:35,0,0
A02505,U00646,C00124,CAM0003,2026-04-15 04:02:54,2,0
A02506,U00079,C00196,CAM0018,2025-04-19 07:48:14,1,0
A02507,U00373,C00165,CAM0047,2025-05-13 03:41:10,1,0
A02508,U00376,C00067,CAM0004,2026-08-27 11:05:49,1,1
A02509,U00817,C00008,CAM0006,2026-07-19 02:44:34,0,1
A02510,U00255,C00044,CAM0017,2026-04-12 06:27:42,0,0
A02511,U00719,C00244,CAM0056,2025-09-14 08:33:53,1,0
A02512,U00381,C00150,CAM0028,2026-08-12 04:38:18,1,0
A02513,U00850,C00075,CAM0038,2026-03-03 12:09:04,0,0
A02514,U00059,C00067,CAM0027,2025-03-03 20:16:53,1,0
A02515,U00490,C00020,CAM0014,2025-05-23 00:12:06,1,0
A02516,U00935,C00071,CAM0051,2026-01-17 19:42:57,0,0
A02517,U00558,C00082,CAM0025,2025-07-06 22:47:49,0,1
A02518,U00577,C00243,CAM0004,2025-11-13 17:25:26,1,0
A02519,U00200,C00025,,2025-03-30 20:38:34,0,1
A02520,U00968,C00066,CAM0027,2026-05-10 22:43:40,1,0
A02521,U00331,C00027,CAM0048,2025-10-22 23:44:17,0,0
A02522,U00745,C00194,CAM0055,2025-05-28 18:19:57,1,1
A02523,U00731,C00030,CAM0005,2026-03-23 15:47:47,0,1
A02524,U00210,C00053,CAM0039,2026-08-13 13:10:08,0,0
A02525,U00596,C00010,CAM0028,2026-05-24 00:56:53,1,0
A02526,U00156,C00144,CAM0015,2026-09-05 16:03:30,0,0
A02527,U00591,C00205,CAM0018,2025-10-27 20:21:45,0,0
A02528,U00935,C00136,CAM0006,2026-03-06 21:04:56,1,0
A02529,U00326,C00149,CAM0042,2026-05-31 04:45:36,1,0
A02530,U00915,C00112,CAM0044,2026-08-12 04:44:17,0,0
A02531,U00747,C00196,CAM0037,2025-02-02 18:52:20,0,0
A02532,U00176,C00216,CAM0002,2025-06-06 09:43:35,0,0
A02533,U99999,C00118,CAM0014,2026-07-20 15:09:39,1,0
A02534,U00672,C00098,CAM0022,2025-11-18 01:52:24,1,0
A02535,U00413,C00151,CAM0025,2025-10-02 03:11:17,1,0
A02536,U00033,C00152,CAM0060,2025-09-12 01:33:32,0,0
A02537,U00461,C00167,CAM0057,2025-09-04 18:28:41,0,0
A02538,U00295,C00108,CAM0021,2026-09-11 05:12:39,1,1
A02539,U00035,C00029,CAM0045,2025-11-21 09:47:57,0,0
A02540,U00911,C00140,CAM0020,2026-04-24 08:55:20,0,1
A02541,U00815,C00092,CAM0034,2025-08-20 05:56:32,0,0
A02542,U00298,C00029,CAM0025,2026-02-13 20:26:45,1,0
A02543,U00355,C00047,CAM0023,2025-12-09 13:56:25,0,0
A02544,U00620,C00145,CAM0048,2026-02-01 06:41:39,1,0
A02545,U00221,C00011,CAM0034,2025-06-10 17:56:18,0,0
A02546,U00276,C00209,CAM0046,2026-03-28 01:44:40,0,0
A02547,U00614,C00213,CAM0005,2025-09-04 22:00:13,1,0
A02548,U00168,C00021,CAM0036,2026-09-17 16:44:59,1,0
A02549,U00710,C00214,CAM0060,2025-05-05 01:39:06,0,0
A02550,U00483,C00071,CAM0057,2026-01-25 20:33:44,1,0
A02551,U00870,C00181,CAM0051,2025-09-30 21:38:02,0,0
A02552,U00812,C00170,CAM0055,2026-05-10 21:11:35,0,0
A02553,U00057,C00213,CAM0043,2025-12-28 01:49:53,1,0
A02554,U00151,C00189,CAM0042,,1,0
A02555,U00713,C00169,CAM0024,2026-03-28 15:34:41,1,0
A02556,U00554,C00208,CAM0004,2025-08-23 16:26:34,1,1
A02557,U00455,C00076,CAM0027,2025-08-18 01:44:39,0,0
A02558,U00366,C00028,CAM0025,2025-08-30 13:59:49,1,0
A02559,U00189,C00127,CAM0042,2025-01-22 17:03:42,0,1
A02560,U00758,C00041,CAM0052,2025-06-23 19:47:11,1,1
A02561,U00577,C00229,CAM0033,2025-02-08 07:01:28,1,
A02562,U00420,C00092,CAM0021,2025-04-25 06:18:50,1,0
A02563,U00229,C00009,CAM0016,2025-08-09 01:56:18,1,1
A02564,U00838,C00177,,2025-06-10 11:57:38,0,0
A02565,U00859,C00228,CAM0004,2026-05-28 01:13:12,0,0
A02566,U00640,C00095,CAM0014,2025-10-19 09:33:48,1,1
A02567,U00482,C00052,CAM0032,2025-05-26 12:07:06,0,1
A02568,U00517,C00198,CAM0055,2026-01-18 05:26:30,1,0
A02569,U00736,C00244,CAM0009,2026-08-21 00:13:40,1,0
A02570,U00113,C00080,CAM0009,2025-10-13 17:53:54,0,0
A02571,U00431,C00005,CAM0059,2025-05-12 17:59:40,-1,0
A02572,U00736,C00143,CAM0033,2026-01-22 17:27:59,1,0
A02573,U00995,C00212,CAM0060,2026-01-20 09:56:23,1,0
A02574,U00962,C00096,CAM0038,2025-07-30 01:59:49,1,1
A02575,U00833,C00062,CAM0018,2025-05-16 07:49:41,1,0
A02576,U00360,C99999,CAM0020,2026-08-30 19:40:43,1,0
A02577,U00962,C00013,CAM0028,2025-11-13 18:40:40,1,0
A02578,U00502,C00058,CAM0022,2026-07-10 01:47:30,1,0
A02579,U00365,C00040,CAM0034,2026-03-15 21:45:32,0,0
A02580,U00082,C00229,CAM0032,2026-07-04 18:02:47,1,1
A02581,U00970,C00227,CAM0026,2025-11-29 21:54:07,1,0
A02582,U00329,C00105,CAM0043,2026-05-05 12:19:57,0,0
A02583,U00650,C00192,CAM0029,2026-07-28 12:45:14,1,0
A02584,U00350,C00205,CAM0029,2026-05-01 04:40:08,1,1
A02585,U00664,C00236,CAM0025,2025-10-23 16:34:45,0,0
A02586,U00816,C00206,CAM0049,2025-01-15 22:36:08,0,-1
A02587,U00213,C00198,CAM0049,2025-03-15 17:48:54,0,1
A02588,U00142,C00196,CAM0027,2026-08-09 12:59:51,yes,0
A02589,U00138,C00249,CAM0021,2025-08-31 19:39:36,1,1
A02590,U00634,C00149,CAM0009,2025-10-18 04:21:22,0,0
A02591,U00271,C00244,CAM0041,2025-02-07 02:54:39,0,0
A02592,U00124,C00155,CAM0040,2025-02-17 00:28:43,1,0
A02593,U00216,C00227,,2025-11-28 18:54:45,1,1
A02594,U00759,C00148,CAM0019,2025-07-19 13:25:27,1,1
A02595,U00294,C00209,CAM0039,2025-05-07 03:46:45,0,0
A02596,U00040,C00055,CAM0007,2026-03-11 22:03:59,0,1
A02597,U00888,C00061,CAM0025,2026-03-26 13:20:07,0,0
A02598,U00623,C00190,CAM0007,2026-06-20 14:26:21,1,1
A02599,U00731,C00190,CAM0030,2025-03-06 09:31:13,0,1
A02600,U00404,C00216,CAM0037,2026-08-13 14:40:39,1,1
A02601,U00617,C00064,CAM0059,2026-03-05 01:42:51,0,0
A02602,U00570,C00051,CAM0038,2025-04-20 00:10:29,1,0
A02603,U00730,C00121,CAM0034,2026-03-28 14:27:05,1,0
A02604,U00484,C00194,CAM0033,2025-12-03 13:53:57,0,0
A02605,U00032,C00163,CAM0002,2025-08-30 10:15:12,1,0
A02606,U00176,C00151,CAM0055,2025-12-10 04:06:49,0,1
A02607,U00757,C00245,CAM0030,2025-03-14 04:41:34,1,0
A02608,U00253,C99999,CAM0060,2025-01-30 21:24:25,0,0
A02609,U00100,C00006,CAM0046,2025-12-11 23:51:01,0,0
A02610,U00357,C00221,CAM0011,2026-01-19 02:42:51,1,0
A02611,U00728,C00031,CAM0010,2025-12-11 02:30:18,0,0
A02612,U00380,C00229,CAM0043,2026-07-01 00:50:16,0,0
A02613,U00316,C00195,CAM0040,2026-06-11 08:14:43,1,1
A02614,U00559,C00167,CAM0055,2026-04-18 08:05:13,1,0
A02615,U00356,C00194,CAM0025,2026-01-05 15:01:40,1,0
A02616,U00519,C00112,CAM0036,2025-08-19 23:56:10,1,1
A02617,U00129,C00087,CAM0045,2026-07-22 19:03:38,1,1
A02618,U00170,C00193,CAM0050,2025-07-13 01:49:35,0,0
A02619,U00999,C00099,CAM0056,2026-05-21 03:22:08,0,1
A02620,U00524,C00146,CAM0007,2026-01-17 15:29:38,1,0
A02621,U00058,C00220,CAM0044,2026-05-16 21:41:49,0,0
A02622,U00212,C00125,CAM0035,2025-12-04 04:26:39,1,0
A02623,U00955,C00032,CAM0035,2026-04-23 23:51:29,1,1
A02624,U00277,C00121,CAM0005,2025-12-22 12:33:57,0,1
A02625,U00528,C00065,CAM0035,2026-01-13 22:11:46,1,0
A02626,U00571,C00042,CAM0018,2025-10-31 04:12:13,1,0
A02627,U00645,C00106,CAM0035,2025-09-30 21:15:47,1,0
A02628,U00890,C00241,CAM0015,2025-03-08 01:34:01,0,1
A02629,U00649,C00175,CAM0031,2025-06-15 19:14:30,0,0
A02630,U00855,C00215,CAM0009,2026-09-11 05:50:37,0,0
A02631,U00623,C00237,CAM0001,2025-08-05 11:23:21,0,-1
A02632,U00656,C00025,CAM0048,2025-04-19 23:20:00,0,0
A02633,U00712,C00031,CAM0044,2025-10-28 09:24:47,0,0
A02634,U00349,C00022,CAM0044,2025-05-06 07:13:48,1,0
A02635,U00199,C00195,CAM0001,2026-01-25 19:41:15,0,1
A02636,U00637,C00212,CAM0052,2025-03-20 05:29:56,0,0
A02637,U00622,C00171,CAM0033,2025-12-14 01:13:25,0,0
A02638,U00986,C00136,CAM0048,2025-06-13 14:25:52,1,0
A02639,U00978,C00243,CAM0004,2026-07-10 20:17:32,1,1
A02640,U00884,C00076,CAM0005,2025-11-03 22:48:43,1,0
A02641,U00130,C00061,CAM0038,2026-02-12 05:20:48,0,0
A02642,U00725,C00234,CAM0039,2026-05-02 09:29:40,1,1
A02643,U00544,C00137,CAM0031,2026-02-02 13:53:47,1,0
A02644,U00807,C00071,CAM0013,2026-01-18 11:50:36,0,0
A02645,U00711,C00164,CAM0045,2026-09-16 13:03:26,0,1
A02646,U00760,C00120,CAM0059,2025-09-19 08:17:00,0,0
A02647,U00750,C00186,CAM0024,2026-09-11 04:07:02,1,0
A02648,U00479,C00026,CAM0002,2026-05-31 17:47:17,1,0
A02649,U00208,C00211,CAM0022,2026-07-28 15:20:46,1,0
A02650,U00801,C00050,CAM0041,2026-06-01 13:46:44,0,0
A02651,U00145,C00075,CAM0032,2025-03-01 21:11:00,1,0
A02652,U00359,C00248,CAM0014,2025-02-04 18:04:12,1,1
A02653,U00790,C00034,CAM0053,2025-04-03 15:21:20,1,0
A02654,U00387,C00170,CAM0013,2025-08-15 20:56:24,1,1
A02655,U00838,C00236,CAM0053,2026-02-03 10:29:20,1,0
A02656,U00582,C00146,CAM0052,2026-07-02 00:04:14,1,0
A02657,U00121,C00056,CAM0024,2025-06-30 19:07:19,0,0
A02658,U00194,C00175,CAM0059,2025-07-22 00:46:46,1,0
A02659,U00944,C00231,CAM0047,2026-03-15 05:03:31,1,0
A02660,U00454,C00200,CAM0004,2025-02-25 09:55:10,0,0
A02661,U00999,C00126,CAM0008,2025-02-16 09:51:42,0,0
A02662,U00985,C00058,CAM0033,2025-07-07 19:59:34,0,0
A02663,U00086,C00021,CAM0011,2026-04-03 16:05:02,1,1
A02664,U00662,C00065,CAM0054,2025-07-18 01:56:09,1,0
A02665,U00498,C00211,CAM0041,2025-11-29 12:44:08,1,1
A02666,U00702,C00047,CAM0042,2025-08-24 22:08:28,yes,0
A02667,U00208,C00126,CAM0028,2025-11-09 11:39:18,0,1
A02668,U00524,C00139,CAM0048,2025-07-13 12:52:35,0,0
A02669,U00038,C00210,CAM0028,2025-11-24 01:43:48,1,0
A02670,U00146,C00163,CAM0014,2026-06-23 11:20:11,1,1
A02671,U00568,C00145,CAM0017,2025-06-24 02:29:51,0,0
A02672,U00780,C00184,CAM0028,2026-07-31 12:36:02,1,0
A02673,U00678,C00080,CAM0045,2026-02-27 03:47:37,0,1
A02674,U00251,C00162,CAM0039,2025-10-08 21:02:17,1,0
A02675,U00425,C00102,CAM0007,2025-08-04 15:43:34,1,clicked
A02676,U00028,C00132,CAM0048,2026-08-13 16:09:41,0,1
A02677,U00518,C00241,CAM0041,2025-04-26 03:10:13,0,0
A02678,U00665,C00244,CAM0023,2026-04-09 20:48:16,-1,0
A02679,U00481,C00039,CAM0007,2025-09-24 03:46:20,1,1
A02680,U00243,C00037,CAM0055,2026-09-19 17:05:46,1,0
A02681,U00383,C00222,CAM0033,2026-07-08 21:30:59,1,0
A02682,U00914,C00017,CAM0059,2025-04-21 12:36:17,1,0
A02683,U00147,C00214,CAM0014,2026-01-25 05:10:58,0,0
A02684,U00023,C00202,CAM0043,2026-09-15 06:53:40,1,0
A02685,U00611,C00138,CAM0030,2025-07-02 10:03:42,0,0
A02686,U00207,C00028,CAM0043,2026-08-31 01:04:22,0,0
A02687,U00983,C00107,CAM0050,2026-07-01 02:57:31,0,1
A02688,U00247,C00168,CAM0051,2025-07-17 09:52:29,0,1
A02689,U00349,C00148,CAM0058,2025-08-16 00:39:59,1,0
A02690,U00914,C00121,CAM0001,2025-03-04 05:19:33,2,0
A02691,U00484,C00131,CAM0054,2025-10-02 07:28:02,0,1
A02692,U00269,C00186,CAM0051,2025-09-20 07:38:39,1,0
A02693,U00863,C00111,CAM0018,2025-04-04 17:14:52,1,0
A02694,U00548,C00104,CAM0019,2026-05-29 08:00:14,0,0
A02695,U00573,C00228,CAM0050,2025-03-04 16:06:01,0,0
A02696,U00674,C00043,CAM0038,2025-01-22 04:45:06,0,0
A02697,U00746,C00173,CAM0048,2025-03-06 06:56:46,0,1
A02698,U00582,C00107,CAM0042,2025-07-09 08:22:48,1,1
A02699,U00622,C00001,CAM0009,2025-01-04 04:44:48,1,0
A02700,U00014,C00248,CAM0039,2026-08-31 23:05:50,0,0
A02701,U00752,C00136,CAM0052,2025-05-07 20:18:12,0,0
A02702,U00723,C00091,CAM0009,2026-03-12 04:57:34,1,0
A02703,U00186,C00191,CAM0057,2025-01-21 08:53:10,0,0
A02704,U00803,C00056,CAM0022,2025-04-14 04:48:01,0,0
A02705,U00532,C00136,CAM0009,2026-02-26 07:48:17,1,0
A02706,U00692,C00181,CAM0051,2026-05-20 03:17:16,1,1
A02707,U00490,C00158,CAM0025,2026-07-07 08:22:26,0,0
A02708,U00164,C00241,CAM0015,2026-09-16 20:51:50,1,1
A02709,U00002,C00015,CAM0004,2025-01-05 01:44:04,0,0
A02710,U00681,C00101,CAM0060,2026-02-05 20:07:34,0,0
A02711,U00993,C00037,CAM0046,2025-08-24 22:49:33,0,0
A02712,U00057,C00117,CAM0027,2025-10-06 22:11:52,0,0
A02713,U00759,C00052,CAM0021,2026-01-11 06:17:10,0,0
A02714,U00594,C00027,CAM0027,2025-09-06 11:11:03,0,0
A02715,U00614,C00134,CAM0057,2026-06-17 21:57:24,0,1
A02716,U00854,C00179,CAM0023,2025-03-18 06:53:58,1,0
A02717,U00459,C00238,CAM0003,2025-03-15 03:47:51,0,1
A02718,U00283,C00001,CAM0047,2025-03-30 19:42:39,0,1
A02719,U00656,C00198,CAM0030,,1,0
A02720,U00273,C00154,CAM0046,2026-07-28 09:41:18,1,0
A02721,U00926,C00126,CAM0027,2026-01-18 21:32:45,0,0
A02722,U00830,C00215,CAM0009,2025-08-21 12:28:16,1,0
A02723,U00170,C00031,CAM0047,2026-06-06 06:14:41,0,0
A02724,U00355,C00140,CAM0034,2026-08-27 13:47:22,0,1
A02725,U00415,C00025,CAM0044,2025-04-10 00:45:00,0,1
A02726,U00001,C00110,CAM0043,2025-10-19 00:19:56,0,-1
A02727,U00952,C00102,CAM0007,2025-04-24 23:35:58,0,0
A02728,U00810,C00036,CAM0014,2025-12-25 21:31:42,0,0
A02729,U00272,C00177,CAM0054,2026-02-10 20:42:16,0,0
A02730,U00169,C00195,CAM0040,2026-02-03 07:04:42,0,0
A02731,U00766,C00132,CAM0030,2025-07-24 19:25:46,1,0
A02732,U00777,C00069,CAM0008,2026-05-25 04:06:33,0,0
A02733,U00017,C00072,CAM0016,2026-02-17 23:49:28,1,0
A02734,U00731,C00242,CAM0034,2026-07-28 23:02:11,0,0
A02735,U00850,C00090,CAM0048,2026-07-17 09:04:33,0,0
A02736,U00361,C00139,CAM0042,2026-08-27 02:23:11,,1
A02737,U00762,C00003,CAM0011,2025-07-18 04:06:09,1,0
A02738,U00535,C00095,CAM0037,2025-05-16 20:37:31,0,0
A02739,U00290,C00108,CAM0052,2025-06-27 11:50:55,0,0
A02740,U00094,C00020,CAM0005,2026-04-25 06:49:54,1,1
A02741,U00034,C00018,CAM0056,2025-02-24 22:30:43,1,0
A02742,U00673,C00232,CAM0016,2026-03-18 15:17:51,1,0
A02743,U00833,C00164,CAM0006,2026-07-09 01:41:20,0,0
A02744,U00712,C00219,CAM0045,2026-05-11 09:13:00,0,1
A02745,U00648,C00112,CAM0010,2025-07-02 04:27:54,1,0
A02746,U00355,C00110,CAM0030,2025-03-27 09:37:57,0,0
A02747,U00668,C00223,CAM0041,2025-02-05 17:45:27,0,1
A02748,U00510,C00249,CAM0020,2026-09-07 13:18:47,0,0
A02749,U00157,C00248,CAM0007,2026-08-10 02:02:32,0,0
A02750,U00853,C00112,CAM0026,2025-07-02 15:39:39,0,1
A02751,U00463,C00232,CAM0015,2026-04-02 03:19:21,1,0
A02752,U00526,C00063,CAM0060,2025-04-30 12:35:41,1,0
A02753,U00708,C00248,CAM0027,2025-07-30 06:14:19,0,0
A02754,U00399,C00108,CAM0016,2025-01-22 16:13:36,1,1
A02755,U00518,C00165,CAM0015,2026-08-27 03:57:23,0,0
A02756,U00240,C00057,CAM0005,2026-01-08 21:10:46,1,1
A02757,U00886,C00060,CAM0028,2026-07-31 23:03:56,1,0
A02758,U00216,C00082,CAM0045,2026-09-12 03:06:17,1,1
A02759,U00564,C00023,CAM0031,2026-05-15 04:17:18,1,0
A02760,U00487,C00238,CAM0040,2025-09-06 04:37:39,1,0
A02761,U00391,C00097,CAM0033,2026-05-24 10:01:30,1,1
A02762,U00776,C00014,CAM0039,2025-10-30 12:12:05,1,0
A02763,U00496,C00095,CAM0025,2025-11-22 14:29:07,0,1
A02764,U00743,C00045,CAM0015,2025-06-01 14:00:35,1,0
A02765,U00789,C00222,CAM0003,2026-05-30 23:55:21,0,1
A02766,U00585,C00240,CAM0023,2026-02-21 05:27:51,0,0
A02767,U00621,C00229,CAM0024,2025-11-19 12:44:05,1,0
A02768,U00224,C00081,CAM0028,2026-06-29 19:58:17,0,0
A02769,U00696,C00141,CAM0002,2025-04-30 14:27:43,1,0
A02770,U00381,C00124,CAM0036,2025-03-09 03:01:10,1,0
A02771,U00913,C00104,CAM0013,2025-04-27 19:03:14,1,0
A02772,U00949,C00072,CAM0043,2025-11-15 09:55:10,yes,0
A02773,U00466,C00235,CAM0004,2026-05-22 12:37:02,0,0
A02774,U00478,C00094,CAM0058,2025-11-09 03:59:37,0,0
A02775,U00257,C00048,CAM0018,2025-07-22 19:25:27,1,0
A02776,U00758,C00195,CAM0020,2026-08-03 23:14:05,0,1
A02777,U00893,C00183,CAM0042,2026-01-23 01:57:34,1,1
A02778,U00283,C00136,CAM0051,2026-04-16 03:24:08,1,0
A02779,U00579,C00099,CAM0003,2026-09-04 21:55:38,1,0
A02780,U00823,C00194,CAM0048,2025-03-29 02:48:00,0,0
A02781,U00861,C00028,CAM0035,2025-04-05 17:24:56,1,0
A02782,U00033,C00250,CAM0028,2025-03-23 07:56:01,1,1
A02783,U00255,C00065,CAM0043,2025-08-07 02:00:32,0,1
A02784,U00723,C00010,CAM0048,2026-02-12 19:23:23,0,0
A02785,U00482,C00171,CAM0038,2026-09-10 07:05:01,0,0
A02786,U00169,C00158,CAM0057,2026-01-21 07:16:25,0,0
A02787,U00642,C00201,CAM0059,2026-07-09 04:44:26,0,1
A02788,U00964,C00147,CAM0012,2026-06-13 04:17:50,0,0
A02789,U00745,C00194,CAM0049,2026-06-10 03:02:36,0,0
A02790,U00808,C00193,CAM0023,2025-06-24 08:08:16,0,1
A02791,U00509,C00175,CAM0030,2026-01-03 23:05:08,0,0
A02792,U00382,C00170,CAM0052,2025-02-09 01:11:02,0,1
A02793,U00094,C00233,CAM0035,2025-02-28 13:56:09,1,0
A02794,U00316,C00230,CAM0045,2026-01-03 06:59:00,1,1
A02795,U00699,C00081,CAM0046,2026-04-04 03:40:43,0,0
A02796,U00892,C00232,CAM0055,2025-06-05 14:58:24,1,1
A02797,U00365,C00239,CAM0029,2025-07-15 08:45:04,1,0
A02798,U00079,C00015,CAM0007,2026-05-06 04:48:26,1,0
A02799,U00349,C00093,CAM0023,2025-07-15 06:04:54,1,1
A02800,U00140,C00055,CAM0012,2025-02-23 23:29:40,1,0
A02801,U00282,C00178,CAM0044,2025-01-11 03:51:00,0,1
A02802,U00264,C00049,CAM0046,2025-09-25 20:23:47,1,0
A02803,U00417,C00020,CAM0032,,0,1
A02804,U00789,C00046,CAM0032,2025-04-19 08:04:20,0,0
A02805,U00587,C00066,CAM0023,2025-09-22 04:31:05,yes,1
A02806,U00591,C00192,CAM0031,2025-05-14 15:34:14,1,0
A02807,U00271,C00037,CAM0018,2025-08-28 12:08:33,0,0
A02808,U00103,C00189,CAM0029,2025-10-10 05:27:16,1,0
A02809,U00222,C00013,CAM0036,,1,0
A02810,U00699,C00036,CAM0042,2025-11-16 23:15:17,1,0
A02811,U00393,C00090,CAM0060,,1,0
A02812,U00477,C00191,CAM0014,2026-01-02 21:13:32,0,0
A02813,U00292,C00035,CAM0044,2025-06-30 17:41:28,0,0
A02814,U00559,C00157,CAM0010,2025-09-17 02:52:11,1,0
A02815,U00567,C00065,CAM0028,2025-10-23 15:30:22,0,1
A02816,U00724,C00105,CAM0045,2026-01-24 12:33:12,0,1
A02817,U00281,C00229,CAM0042,2025-04-30 02:53:53,1,0
A02818,U00204,C00123,CAM0059,2025-07-10 16:30:19,1,
A02819,U00977,C00221,CAM0035,2025-02-19 11:29:41,1,0
A02820,U00899,C00129,CAM0050,2025-07-17 08:39:43,1,1
A02821,U00437,C00161,CAM0025,2026-05-03 09:23:46,0,1
A02822,U00231,C00140,CAM0030,2025-04-12 13:48:24,1,1
A02823,U00196,C00082,CAM0043,2026-04-03 11:31:47,0,0
A02824,U00115,C00215,CAM0027,2026-03-25 05:18:55,0,0
A02825,U00506,C00093,CAM0043,2026-05-12 00:13:50,0,1
A02826,U00931,C00022,CAM0018,2025-06-08 02:16:28,0,1
A02827,U00981,C00154,CAM0048,2026-04-20 17:53:20,1,0
A02828,U00481,C00220,CAM0028,2026-02-02 18:12:23,0,0
A02829,U00056,C00157,CAM0048,2026-06-16 08:41:55,0,0
A02830,U00643,C00202,CAM0008,2025-05-12 22:56:55,0,0
A02831,U00761,C00074,CAM0030,2025-01-16 22:33:45,0,0
A02832,U00645,C00142,CAM0053,2026-04-16 01:17:54,0,0
A02833,U00602,C00206,CAM0012,2025-11-07 19:38:25,1,0
A02834,U00567,C00194,CAM0037,2026-01-27 17:04:04,0,0
A02835,U00466,C00065,CAM0050,2025-08-10 19:51:10,1,0
A02836,U00626,C00165,CAM0033,2025-11-04 15:47:49,1,0
A02837,U00871,C00147,CAM0009,2026-07-29 20:25:31,0,0
A02838,U00144,C00029,CAM0037,2025-10-31 21:28:21,0,1
A02839,U00192,C00191,CAM0057,2025-01-24 22:24:33,0,0
A02840,U00014,C00036,CAM0039,2025-05-24 13:43:49,1,0
A02841,U00552,C00036,,2026-06-19 07:55:21,0,0
A02842,U00271,C00098,CAM0048,,1,0
A02843,U00986,C00125,CAM0024,2025-01-23 05:48:11,1,1
A02844,U00847,C00019,CAM0046,2025-04-15 02:38:00,0,0
A02845,U00505,C00028,CAM0018,2025-03-04 23:01:22,0,1
A02846,U00507,C00053,CAM0052,2026-04-21 18:18:22,1,0
A02847,U00349,C00012,CAM0026,2026-01-23 16:36:15,1,0
A02848,U00978,C00079,CAM0026,2026-08-18 01:03:38,0,0
A02849,U00466,C00200,CAM0030,2025-10-23 10:59:24,1,0
A02850,U00638,C00021,CAM0008,2025-01-23 23:09:01,0,1
A02851,U00891,C00187,CAM0013,2026-03-17 17:21:41,1,0
A02852,U00469,C99999,CAM0048,2025-11-15 04:45:54,1,0
A02853,U00099,C00049,CAM0003,2026-07-09 14:28:01,1,0
A02854,U00001,C00067,CAM0030,2025-07-16 15:26:19,1,0
A02855,U00845,C00224,CAM0053,2025-07-25 13:59:36,0,0
A02856,U00891,C00114,CAM0051,2025-07-05 02:13:49,0,0
A02857,U00946,C00126,CAM0008,2026-05-28 03:14:33,0,1
A02858,U00711,C00082,CAM0050,2026-09-11 10:47:25,0,0
A02859,U00986,C00111,CAM0007,2026-02-13 03:52:29,0,0
A02860,U00802,C00089,CAM0017,2026-04-16 06:39:40,1,0
A02861,U00287,C00120,,2025-03-29 10:25:24,0,1
A02862,U00872,C00167,CAM0039,2026-07-03 19:43:55,0,0
A02863,U00906,C00196,CAM0023,2026-04-17 22:41:59,1,0
A02864,U00122,C00014,CAM0030,2025-05-09 10:09:06,1,0
A02865,U00671,C00183,,2025-12-20 03:52:56,0,0
A02866,U00506,C00174,CAM0036,2026-04-14 06:47:06,0,0
A02867,U00985,C00029,CAM0020,2025-12-20 23:16:33,1,0
A02868,U00163,C00133,CAM0040,2026-05-30 03:48:53,0,0
A02869,U00179,C00143,CAM0001,2025-06-03 15:54:46,0,0
A02870,U00892,C00183,CAM0049,2026-02-02 20:40:03,1,1
A02871,U00970,C00031,CAM0029,2025-09-28 15:29:38,0,1
A02872,U00992,C00231,CAM0021,2026-03-19 04:38:48,0,1
A02873,U00656,C00236,CAM0033,2026-02-20 08:59:17,1,0
A02874,U00560,C00031,CAM0034,2026-03-09 05:20:33,1,1
A02875,U00466,C00230,CAM0051,2025-04-27 12:29:40,1,0
A02876,U00529,C00241,CAM0021,2025-01-20 06:03:05,0,0
A02877,U00434,C00064,CAM0060,2025-09-28 00:31:38,0,0
A02878,U00373,C00164,CAM0031,2026-04-05 06:56:33,0,1
A02879,U00211,C00061,CAM0042,2026-04-05 03:42:57,0,0
A02880,U00627,C00135,CAM0006,2025-02-27 13:19:01,1,0
A02881,U00275,C00182,CAM0014,2026-02-17 23:15:18,0,0
A02882,U00096,C00183,CAM0033,2025-02-09 07:33:13,0,1
A02883,U00344,C00012,CAM0014,2025-01-28 21:32:57,,1
A02884,U00415,C00167,CAM0022,2026-05-23 07:17:35,,1
A02885,U00348,C00026,CAM0036,2025-07-21 02:05:56,0,0
A02886,U00539,C00197,CAM0041,2025-03-08 00:46:19,1,0
A02887,U00015,C00104,CAM0026,2025-11-18 00:49:00,0,0
A02888,U00134,C00094,CAM0035,2025-03-27 03:10:11,1,0
A02889,U00780,C00239,CAM0009,2025-04-27 18:30:19,0,1
A02890,U00728,C00127,CAM0038,2026-05-02 15:07:45,1,0
A02891,U00992,C00015,CAM0024,2026-09-19 23:05:54,1,0
A02892,U00171,C00181,CAM0010,2025-04-13 00:30:43,1,1
A02893,U00989,C00119,CAM0059,2026-04-25 22:42:58,1,0
A02894,U00145,C00003,CAM0024,2026-06-17 03:55:22,1,0
A02895,U00805,C00126,CAM0031,2026-08-27 13:11:12,1,0
A02896,U00238,C99999,CAM0042,2026-04-06 00:25:39,0,1
A02897,U00980,C00059,CAM0010,2026-03-16 00:36:20,1,0
A02898,U00580,C00207,CAM0006,2026-07-08 05:24:34,1,0
A02899,U00797,C00047,CAM0043,2025-04-27 02:03:50,1,0
A02900,U00553,C00031,CAM0019,2026-09-17 04:19:20,1,0
A02901,U00980,C00238,CAM0021,2025-09-14 06:11:03,0,1
A02902,U00666,C00225,CAM0028,2025-11-27 06:29:00,1,0
A02903,U00048,C00208,CAM0052,2026-01-11 02:01:33,0,0
A02904,U00789,C00169,CAM0054,2025-12-25 11:28:58,0,0
A02905,U00482,C00161,CAM0008,2025-04-04 14:18:26,0,0
A02906,U00884,C00114,CAM0042,2026-06-10 00:38:14,0,0
A02907,U00327,C00234,CAM0028,2025-11-16 16:40:40,0,0
A02908,U00472,C00143,CAM0014,2025-05-25 01:02:09,0,1
A02909,U00541,C00074,CAM0019,2025-09-28 23:46:44,1,0
A02910,U00333,C00040,CAM0004,2026-08-23 17:38:19,0,0
A02911,U00204,C00044,CAM0001,2025-10-11 20:06:46,1,0
A02912,U00999,C00120,CAM0007,2026-06-27 13:01:14,1,0
A02913,U00178,C00192,CAM0003,2026-01-17 19:51:06,0,0
A02914,U00493,C00214,CAM0056,2026-01-01 20:19:26,1,0
A02915,U00637,C00023,CAM0004,2025-03-18 06:20:29,1,0
A02916,U00667,C00100,CAM0003,2026-02-15 17:05:06,0,0
A02917,U00977,C00212,CAM0008,2026-06-09 06:01:00,0,1
A02918,U00143,C00232,CAM0026,2025-10-02 01:32:06,1,0
A02919,U00807,C00194,CAM0054,2025-10-10 06:57:10,0,0
A02920,U00656,C00192,CAM0054,2025-05-19 19:58:01,1,1
A02921,U00506,C00061,CAM0014,2026-05-05 11:03:55,0,0
A02922,U00984,C00045,CAM0037,2025-05-28 09:31:18,0,0
A02923,U00961,C00139,CAM0052,2025-09-21 20:45:56,0,0
A02924,U00083,C00104,CAM0002,2026-02-05 17:57:46,1,0
A02925,U00790,C00221,CAM0008,2025-12-04 02:39:43,1,0
A02926,U00786,C00046,CAM0002,2025-04-21 03:01:31,1,0
A02927,U00523,C00177,CAM0015,2025-05-26 12:36:53,1,0
A02928,U00320,C00078,CAM0035,2026-09-02 20:54:01,1,0
A02929,U00994,C00027,CAM0032,2025-05-20 13:08:58,1,0
A02930,U00978,C00225,CAM0051,2025-03-04 23:07:15,1,0
A02931,U00419,C00125,CAM0042,2025-03-10 05:16:53,0,0
A02932,U00078,C00047,CAM0017,2026-01-24 14:08:43,1,0
A02933,U00117,C00114,CAM0005,2026-05-22 01:05:32,1,0
A02934,U00310,C00234,CAM0058,2026-08-12 23:18:41,0,1
A02935,U00068,C00137,CAM0038,2025-01-22 01:56:38,1,0
A02936,U00069,C00081,CAM0010,2025-07-05 03:21:55,1,0
A02937,U00702,C00166,CAM0042,2026-09-15 15:50:07,1,0
A02938,U00423,C00151,CAM0039,2025-10-14 11:35:05,0,0
A02939,U00910,C00050,CAM0012,2025-01-12 04:32:26,1,0
A02940,U00219,C00196,CAM0055,2026-01-17 14:21:49,1,0
A02941,U00528,C00013,CAM0017,2026-02-11 18:35:34,0,1
A02942,U00407,C00164,CAM0019,2025-04-25 12:08:46,0,0
A02943,U00418,C00149,CAM0014,2026-03-14 01:37:14,0,0
A02944,U00307,C00186,CAM0030,2025-05-19 23:53:58,0,0
A02945,U00574,C00217,CAM0003,2026-04-26 22:41:48,0,0
A02946,U00374,C00117,CAM0015,2026-01-22 00:10:36,0,0
A02947,U00047,C00085,CAM0026,2025-12-23 20:20:44,0,0
A02948,U00971,C00132,CAM0058,2025-01-26 04:14:34,1,1
A02949,U00340,C00033,CAM0023,2025-11-16 20:40:35,1,0
A02950,U00352,C00192,CAM0054,2025-10-17 06:24:14,0,0
A02951,U00199,C00081,CAM0016,2025-10-09 13:53:00,1,0
A02952,U00062,C00036,CAM0049,2025-11-26 08:29:03,1,0
A02953,U00326,C00063,CAM0048,2025-08-02 17:48:41,1,0
A02954,U00493,C00202,CAM0058,2026-07-22 06:29:12,1,0
A02955,U00302,C00231,CAM0017,2026-03-25 23:30:06,0,1
A02956,U00086,C00018,CAM0003,2026-05-28 14:29:36,0,1
A02957,U00580,C00016,CAM0034,2025-12-18 20:18:47,0,0
A02958,U00068,C00170,CAM0049,2026-02-08 08:02:34,1,0
A02959,U00439,C00118,CAM0013,2026-03-02 15:50:02,1,1
A02960,U00864,C00191,CAM0020,2026-06-02 07:13:28,0,0
A02961,U00121,C00171,CAM0009,2025-09-10 09:52:10,0,0
A02962,U00351,C00225,CAM0014,2025-05-26 03:23:36,0,0
A02963,U00730,C00194,CAM0039,2026-09-14 08:56:45,1,0
A02964,U00846,C00107,CAM0002,2026-09-10 07:20:23,1,0
A02965,U00710,C00183,CAM0009,2025-08-10 21:19:12,1,0
A02966,U00860,C00124,CAM0058,2025-03-07 21:38:44,1,0
A02967,U00973,C00208,CAM0021,2025-04-13 00:57:07,0,0
A02968,U00338,C00059,CAM0057,2025-07-06 12:09:35,1,0
A02969,U00108,C00172,CAM0003,2025-10-19 02:45:37,0,0
A02970,U00192,C00113,CAM0043,2025-09-08 20:30:30,0,0
A02971,U00822,C00145,CAM0045,2026-08-17 04:01:30,1,1
A02972,U00365,C00107,CAM0030,2025-08-28 21:47:14,1,0
A02973,U00413,C00247,CAM0014,2025-05-03 02:09:05,0,0
A02974,U00723,C00006,CAM0015,2025-04-23 04:43:34,1,1
A02975,U00464,C00123,CAM0033,2026-07-07 18:49:57,0,1
A02976,U00645,C00169,CAM0048,2026-07-28 15:22:36,2,0
A02977,U00129,C00209,CAM0026,2025-10-13 22:23:15,1,0
A02978,U00996,C00021,CAM0019,2025-03-02 17:35:21,1,0
A02979,U00843,C00076,CAM0048,2026-06-19 17:51:45,1,1
A02980,U00478,C00132,CAM0020,2025-04-28 14:31:03,1,0
A02981,U00595,C00119,CAM0039,2026-02-08 11:05:07,1,0
A02982,U00389,C00199,CAM0012,2025-01-27 16:30:26,0,1
A02983,U00915,C00216,CAM0007,2026-06-07 16:03:44,0,0
A02984,U00897,C00066,CAM0012,2025-07-11 21:50:54,0,0
A02985,U00571,C00059,CAM0047,2026-08-16 17:58:29,1,0
A02986,U00866,C00228,CAM0058,2026-08-20 18:30:54,1,0
A02987,U00764,C00168,CAM0056,2025-07-01 14:26:17,-1,1
A02988,U00813,C00051,CAM0060,2026-08-30 21:27:08,0,1
A02989,U00528,C00158,CAM0001,2025-05-21 22:29:16,0,1
A02990,U00863,C00126,CAM0016,2026-05-07 02:17:32,1,0
A02991,U00446,C00149,CAM0038,2025-11-29 00:49:14,0,1
A02992,U00565,C00116,CAM0048,2025-01-29 02:44:55,-1,0
A02993,U00909,C00118,CAM0047,2025-07-27 00:43:30,1,0
A02994,U99999,C00184,CAM0034,2025-07-08 22:57:11,0,0
A02995,U00939,C00024,CAM0040,2026-01-03 22:28:53,1,0
A02996,U00158,C00131,CAM0010,2025-07-09 12:48:21,0,1
A02997,U00965,C00069,CAM0016,2025-01-22 17:32:55,0,0
A02998,U00974,C00178,CAM0037,2025-02-15 21:55:50,0,0
A02999,U00526,C00019,CAM0002,2025-05-04 13:46:04,0,0
A03000,U00358,C00016,CAM0012,2025-09-06 20:47:18,0,0
A03001,U00170,C00175,CAM0045,2025-01-07 22:26:57,1,0
A03002,U00427,C00161,CAM0037,2025-12-06 20:27:00,1,0
A03003,U00633,C00064,CAM0045,2025-11-05 15:47:01,1,0
A03004,U99999,C00227,CAM0023,2025-09-08 17:33:33,0,0
A03005,U00858,C00136,CAM0044,2026-08-24 11:16:22,0,0
A03006,U00910,C00149,CAM0022,2025-08-18 11:09:35,1,1
A03007,U00242,C00077,CAM0035,2026-01-11 14:34:17,0,0
A03008,U00186,C00152,CAM0022,2026-09-16 17:25:56,0,1
A03009,U00676,C00007,CAM0060,2026-02-18 11:44:48,0,0
A03010,U00998,C00158,CAM0038,2026-01-25 04:55:15,1,0
A03011,U00181,C00229,CAM0055,2026-06-25 10:56:10,1,1
A03012,U00090,C00155,CAM0048,2026-07-01 09:10:47,0,0
A03013,U00269,C00223,CAM0053,2025-05-01 08:51:09,1,0
A03014,U00219,C00071,CAM0006,2026-07-30 15:37:15,1,0
A03015,U00913,C00069,CAM0014,2025-09-09 20:01:52,0,0
A03016,U00525,C00029,CAM0057,2026-08-30 13:35:21,1,0
A03017,U00238,C00154,CAM0044,2025-11-05 06:54:37,0,0
A03018,U00563,C00094,CAM0038,2025-05-12 13:15:46,1,0
A03019,U00286,C00120,CAM0015,2026-01-14 08:40:21,0,0
A03020,U00799,C00242,CAM0029,2025-12-11 21:17:52,0,0
A03021,U00448,C00060,CAM0036,2025-10-18 05:11:54,1,1
A03022,U00070,C00172,CAM0038,2025-02-01 13:26:57,0,1
A03023,U00241,C00162,CAM0020,2025-05-06 01:08:23,1,1
A03024,U00871,C00155,CAM0031,2025-12-07 21:33:17,0,1
A03025,U00184,C00088,CAM0042,2026-08-18 18:03:20,1,1
A03026,U00160,C00034,CAM0037,2026-01-24 03:50:56,0,0
A03027,U00526,C00156,CAM0053,2025-03-12 19:07:28,0,0
A03028,U00331,C00242,CAM0024,2025-06-26 10:47:32,1,0
A03029,U00288,C00198,CAM0010,2025-01-31 03:49:13,0,0
A03030,U00982,C00176,CAM0046,2026-04-10 19:51:54,1,0
A03031,U00160,C00138,CAM0001,2026-01-24 02:36:04,0,1
A03032,U00745,C00170,CAM0054,2025-12-22 20:39:33,0,0
A03033,U00349,C00136,CAM0021,2026-02-27 00:12:28,0,0
A03034,U00986,C00118,CAM0038,2026-06-28 00:33:32,0,0
A03035,U00408,C00037,CAM0022,2025-10-06 01:35:22,0,1
A03036,U00340,C00080,CAM0013,2025-07-23 18:27:57,1,1
A03037,U00958,C00015,CAM0040,2026-05-29 20:04:35,1,0
A03038,U00519,C00156,CAM0014,2026-05-06 22:32:23,0,0
A03039,U00782,C00241,CAM0055,2025-04-27 19:37:52,0,0
A03040,U00020,C00029,CAM0036,2026-09-05 06:41:43,0,0
A03041,U00240,C00218,CAM0060,2026-06-08 00:02:57,0,0
A03042,U00658,C00037,CAM0001,2025-11-19 20:03:44,0,
A03043,U00508,C00036,CAM0043,2025-07-31 12:29:45,0,0
A03044,U00276,C00009,CAM0017,2026-07-01 17:13:20,0,0
A03045,U00915,C00023,CAM0029,2026-08-31 01:40:19,1,0
A03046,U00062,C00118,CAM0019,2025-08-21 16:35:42,1,0
A03047,U00877,C00168,CAM0048,2025-04-19 17:09:33,1,1
A03048,U00672,C00067,CAM0016,2026-03-21 19:23:00,0,0
A03049,U00484,C00047,CAM0011,2026-03-12 17:38:24,0,1
A03050,U00334,C00031,CAM0038,2026-02-20 00:22:10,0,1
A03051,U00009,C00198,CAM0057,2025-07-17 21:51:28,1,0
A03052,U00622,C00051,CAM0034,2026-03-15 03:43:28,1,1
A03053,U00155,C00235,CAM0051,2026-09-13 13:58:25,1,0
A03054,U00623,C00218,CAM0051,2025-12-03 04:01:17,1,0
A03055,U00738,C00103,CAM0034,2025-12-13 07:16:31,1,0
A03056,U00272,C00244,CAM0051,2026-07-20 13:35:04,0,0
A03057,U00529,C00076,CAM0048,2026-09-07 15:46:00,1,1
A03058,U00172,C00152,CAM0029,2026-05-25 11:04:00,1,0
A03059,U00640,C00115,CAM0048,2026-04-20 04:15:02,0,1
A03060,U00738,C00030,CAM0031,2026-09-13 20:44:17,0,0
A03061,U00184,C00180,CAM0060,2025-12-07 10:04:53,1,0
A03062,U00926,C00195,CAM0001,2026-04-04 08:03:52,0,0
A03063,U00781,C00200,CAM0055,2026-05-04 18:22:51,1,1
A03064,U00232,C00187,CAM0001,2025-08-18 00:03:27,1,0
A03065,U00193,C00233,CAM0006,,0,0
A03066,U00263,C00170,CAM0014,2026-07-20 11:43:43,1,0
A03067,U00837,C00242,CAM0055,2026-01-12 03:37:35,1,1
A03068,U00868,C00126,,2025-10-19 09:35:35,1,0
A03069,U00955,C00207,CAM0020,2025-04-24 06:54:53,0,1
A03070,U00387,C00101,CAM0052,2025-08-10 09:54:13,1,0
A03071,U00450,C00010,CAM0032,2025-06-02 15:46:02,0,0
A03072,U00314,C00069,CAM0047,2025-05-07 12:16:58,0,0
A03073,U00163,C00173,CAM0001,2026-04-03 06:08:43,0,0
A03074,U00406,C00122,CAM0019,2025-08-26 23:08:18,0,1
A03075,U00716,C00023,CAM0040,2025-06-24 22:30:58,1,0
A03076,U00535,C00083,CAM0033,2026-08-10 06:21:38,0,0
A03077,U00014,C00111,CAM0034,2025-09-22 23:58:45,0,0
A03078,U00699,C00052,CAM0022,2026-08-26 04:05:32,0,0
A03079,U00411,C00048,CAM0045,2025-07-31 13:12:18,1,0
A03080,U00191,C00018,CAM0044,2026-01-09 19:41:44,1,0
A03081,U00132,C00085,CAM0057,2025-06-07 03:28:25,0,1
A03082,U00842,C00228,CAM0047,2026-03-28 00:32:56,1,1
A03083,U00607,C00026,CAM0055,2025-01-14 04:14:26,0,0
A03084,U00872,C00003,CAM0036,2026-04-13 14:14:44,1,0
A03085,U00520,C00204,CAM0047,2025-05-06 15:59:22,1,0
A03086,U00484,C00181,CAM0019,2026-04-28 19:26:10,0,0
A03087,U00379,C00094,CAM0037,2026-09-05 09:59:42,0,0
A03088,U00196,C00189,CAM0020,2025-11-20 15:24:02,0,0
A03089,U00555,C00186,CAM0059,2026-05-29 15:21:13,0,0
A03090,U00902,C00152,CAM0021,2025-04-18 15:24:03,0,1
A03091,U00111,C00061,CAM0032,2026-08-10 11:40:59,1,0
A03092,U00248,C00077,CAM0012,2025-07-19 22:47:35,1,2
A03093,U00152,C00225,CAM0023,,0,1
A03094,U00547,C00089,CAM0036,2025-11-25 16:23:26,1,0
A03095,U00198,C00030,CAM0008,2025-07-27 22:23:02,1,0
A03096,U00591,C00178,CAM0010,2026-07-03 06:31:08,0,1
A03097,U00490,C00016,CAM0034,2026-09-11 18:13:18,0,0
A03098,U00861,C00168,CAM0018,2025-01-05 15:45:27,1,0
A03099,U00331,C00025,CAM0025,2025-01-23 12:23:19,1,0
A03100,U00652,C00210,CAM0017,,1,0
A03101,U00054,C00190,CAM0013,2026-02-24 09:44:47,1,0
A03102,U00753,C00109,CAM0021,2026-06-30 10:44:27,1,0
A03103,U00146,C00138,CAM0008,2025-04-13 00:53:55,0,0
A03104,U00060,C00125,CAM0025,2025-11-11 21:29:37,1,0
A03105,U00720,C00235,CAM0037,2025-01-25 12:50:25,1,0
A03106,U00459,C00141,CAM0058,2025-05-18 08:40:54,1,0
A03107,U00199,C00103,CAM0053,2025-04-08 01:39:18,1,0
A03108,U00754,C00109,CAM0055,2026-08-01 07:42:08,0,0
A03109,U00971,C00045,CAM0024,2026-03-05 20:32:40,0,1
A03110,U00886,C00192,CAM0046,2025-10-24 23:15:29,0,0
A03111,U00058,C00099,CAM0049,2025-06-12 22:52:04,0,0
A03112,U00744,C00112,CAM0028,2025-02-21 11:13:07,0,1
A03113,U00294,C00237,CAM0040,2025-10-08 11:56:51,0,1
A03114,U00414,C00119,CAM0037,2026-02-11 05:36:03,1,1
A03115,U00311,C00073,CAM0014,2025-06-29 05:13:38,0,0
A03116,U00321,C00071,CAM0032,2026-06-08 22:47:04,1,1
A03117,U00019,C00142,CAM0002,2025-01-17 02:27:55,1,0
A03118,U00697,C00121,CAM0026,2025-05-12 08:02:50,0,0
A03119,U00126,C00079,CAM0059,2026-05-01 16:12:35,0,0
A03120,U00750,C00014,CAM0050,2025-04-25 11:35:46,1,0
A03121,U00506,C00201,CAM0035,2026-09-02 21:52:32,1,0
A03122,U00450,C00055,CAM0046,2026-08-27 04:43:37,0,0
A03123,U00005,C00245,CAM0052,2025-05-22 16:08:40,0,1
A03124,U00489,C00186,CAM0048,2026-06-13 10:29:11,0,0
A03125,U00687,C00141,CAM0051,2025-04-13 07:15:39,1,0
A03126,U00261,C00107,CAM0039,2025-10-29 03:11:49,1,1
A03127,U00481,C00021,CAM0020,2026-03-17 23:30:43,0,1
A03128,U00315,C00142,CAM0035,2026-09-10 15:13:26,1,1
A03129,U00724,C00194,CAM0050,2025-06-02 06:06:54,0,0
A03130,U00581,C00069,CAM0025,2025-10-13 15:13:42,1,1
A03131,U00950,C00170,CAM0003,2026-05-17 04:03:57,0,0
A03132,U00605,C00025,CAM0009,2025-08-28 09:58:43,1,0
A03133,U00168,C00094,CAM0039,2026-05-29 19:00:00,1,0
A03134,U00445,C00109,CAM0020,2025-01-08 10:34:26,0,1
A03135,U00274,C00141,CAM0038,2025-02-14 15:09:19,0,0
A03136,U00728,C00057,CAM0002,2026-06-15 06:05:57,0,1
A03137,U00707,C00226,CAM0033,2025-06-25 15:27:43,0,0
A03138,U00662,C00016,CAM0052,2025-11-28 01:54:40,1,0
A03139,U00315,C00110,,2026-08-17 06:36:55,1,0
A03140,U00985,C00050,CAM0049,2025-03-14 12:23:47,0,1
A03141,U00786,C00153,CAM0052,2025-03-07 18:30:38,0,0
A03142,U00126,C00072,CAM0060,2026-01-20 12:06:45,1,0
A03143,U00355,C00047,CAM0045,2026-02-02 20:20:40,1,0
A03144,U00734,C00138,CAM0028,2025-06-01 15:07:18,0,0
A03145,U00930,C00043,,2026-01-10 07:22:05,0,0
A03146,U00984,C00237,CAM0004,2025-12-10 09:36:45,1,1
A03147,U00749,C00142,CAM0001,2025-07-27 07:54:12,1,0
A03148,U00067,C00041,CAM0050,2025-10-21 04:58:56,1,0
A03149,U00571,C00222,,2025-12-07 20:23:44,1,0
A03150,U00377,C00190,CAM0060,2025-07-03 05:26:50,0,1
A03151,U00794,C00132,CAM0050,2025-10-26 21:00:53,1,1
A03152,U00612,C00016,CAM0008,2025-11-18 21:01:05,1,0
A03153,U00557,C00026,CAM0046,2025-07-27 14:03:03,1,1
A03154,U00863,C00036,CAM0009,2025-05-11 12:04:23,0,0
A03155,U00783,C00227,CAM0058,2025-12-19 08:02:00,0,0
A03156,U00755,C00230,CAM0037,2025-10-06 00:55:05,0,1
A03157,U00808,C00102,CAM0023,2025-05-26 16:28:47,0,0
A03158,U00402,C00210,CAM0029,2025-12-18 10:05:44,0,0
A03159,U00925,C00073,CAM0017,2026-01-05 17:46:32,1,0
A03160,U00981,C00109,CAM0034,2026-06-06 14:12:54,0,0
A03161,U00873,C00237,CAM0017,2025-05-03 05:00:06,1,1
A03162,U00890,C00236,CAM0008,2026-03-13 20:54:48,1,0
A03163,U99999,C00111,CAM0035,2026-06-06 03:26:29,1,1
A03164,U00042,C00005,CAM0005,2026-09-19 23:29:38,1,0
A03165,U00367,C00111,CAM0019,2026-05-01 21:43:07,0,0
A03166,U00379,C00104,CAM0029,2026-07-28 07:05:41,1,0
A03167,U00076,C00089,CAM0027,2025-08-10 00:50:59,0,0
A03168,U00551,C00127,CAM0014,2025-08-30 08:57:40,0,0
A03169,U00711,C00047,CAM0023,2025-05-27 23:09:01,1,0
A03170,U00686,C00136,CAM0008,2025-12-12 19:00:23,0,0
A03171,U00258,C00232,CAM0015,2025-02-10 01:45:41,0,0
A03172,U00052,C00250,CAM0026,2026-02-01 06:47:01,0,0
A03173,U00439,C00155,CAM0008,2025-04-11 15:27:45,1,1
A03174,U00813,C00026,CAM0043,2025-07-10 05:53:01,1,0
A03175,U00575,C00140,CAM0048,2026-01-16 04:47:59,0,0
A03176,U00642,C00012,CAM0049,2026-06-23 21:14:34,0,0
A03177,U00306,C00062,CAM0010,2025-07-19 15:43:55,0,0
A03178,U00038,C00177,CAM0050,2025-07-26 14:03:02,0,0
A03179,U00256,C00203,CAM0035,2025-02-06 21:10:57,0,0
A03180,U00238,C00122,CAM0037,2025-12-29 10:52:11,0,0
A03181,U00986,C00209,CAM0041,2026-09-11 05:55:30,0,1
A03182,U00261,C00047,CAM0009,2026-05-31 20:37:15,1,0
A03183,U00259,C00144,CAM0035,2025-09-24 19:06:59,0,0
A03184,U00110,C00001,CAM0057,2025-04-09 01:52:15,0,0
A03185,U00814,C00057,CAM0043,2025-06-07 16:32:56,1,0
A03186,U00462,C00130,CAM0005,2025-07-25 08:42:15,0,1
A03187,U00690,C00196,CAM0026,2025-07-12 04:16:16,0,1
A03188,U00322,C00146,CAM0013,2025-07-25 08:19:34,1,0
A03189,U00374,C00175,CAM0016,2025-09-10 23:44:06,1,1
A03190,U00553,C00199,CAM0029,2026-05-06 18:07:09,1,0
A03191,U00163,C00230,CAM0016,2026-02-10 04:28:01,1,1
A03192,U00880,C00077,CAM0012,2026-03-20 14:23:53,1,0
A03193,U00646,C00040,CAM0010,2025-08-06 23:43:03,1,0
A03194,U00886,C00226,CAM0047,2025-12-11 10:47:25,1,0
A03195,U00940,C00192,CAM0056,2026-08-01 17:50:21,1,-1
A03196,U00478,C00093,CAM0015,2025-11-17 14:12:41,0,0
A03197,U00770,C00002,CAM0010,2026-01-12 18:48:56,0,0
A03198,U00565,C00189,CAM0005,2025-02-16 21:36:31,1,0
A03199,U00154,C00076,CAM0032,2025-10-14 17:23:45,1,1
A03200,U00867,C00217,CAM0041,2026-09-02 01:39:39,0,1
A03201,U00896,C00170,CAM0031,2025-01-29 04:59:53,0,0
A03202,U00270,C00124,CAM0059,2025-07-21 10:26:12,1,0
A03203,U00864,C00009,CAM0058,2025-03-04 06:39:12,1,0
A03204,U00211,C00206,CAM0018,2026-05-26 05:34:44,1,0
A03205,U00126,C00137,CAM0018,2025-09-16 20:31:38,1,0
A03206,U00290,C00049,CAM0006,2025-12-15 02:57:08,0,1
A03207,U00508,C00203,CAM0036,2025-06-03 02:37:39,1,1
A03208,U00871,C00239,CAM0028,2025-01-14 03:06:05,1,1
A03209,U00533,C00230,CAM0048,2026-08-03 15:46:05,1,0
A03210,U00799,C00133,CAM0025,2025-07-07 21:36:40,0,0
A03211,U00330,C00200,CAM0054,2025-06-22 00:38:29,0,0
A03212,U00360,C00069,CAM0015,2025-02-19 05:55:42,1,1
A03213,U00708,C00236,CAM0001,2025-07-29 06:32:30,0,0
A03214,U00880,C00145,CAM0010,2025-05-10 02:33:33,0,0
A03215,U00049,C00221,CAM0059,2026-05-27 01:55:40,1,1
A03216,U00731,C00108,CAM0002,2026-08-28 16:12:11,1,0
A03217,U00046,C00244,CAM0025,2025-07-24 23:15:07,1,0
A03218,U00478,C99999,CAM0036,2026-08-09 16:38:17,1,1
A03219,U00207,C00133,CAM0001,2025-01-04 10:56:38,0,0
A03220,U00107,C00050,CAM0055,2026-08-22 08:51:02,1,0
A03221,U00544,C00177,CAM0030,2026-01-27 15:05:45,0,1
A03222,U00464,C00100,CAM0029,2025-12-09 02:10:10,1,0
A03223,U00113,C00053,CAM0044,2026-06-15 11:06:36,0,0
A03224,U00603,C00126,CAM0033,2025-10-08 20:53:22,1,0
A03225,U00592,C00110,CAM0017,2026-02-12 21:20:38,0,1
A03226,U00128,C00224,CAM0046,2025-03-30 11:23:33,0,0
A03227,U00331,C00070,CAM0015,2025-08-11 16:10:55,0,0
A03228,U00275,C00226,CAM0043,2026-06-07 19:45:05,0,1
A03229,U00846,C00169,CAM0012,2025-09-09 22:52:22,1,0
A03230,U00807,C00209,CAM0033,2025-02-25 15:57:06,1,1
A03231,U00612,C00125,CAM0031,2026-06-09 17:16:51,0,1
A03232,U00786,C00058,CAM0028,2025-01-22 11:45:44,1,0
A03233,U00791,C00020,CAM0001,2026-06-09 01:55:54,0,0
A03234,U00217,C00092,CAM0036,2025-07-02 20:02:46,1,0
A03235,U00332,C00129,CAM0004,2025-02-10 15:33:18,0,1
A03236,U00199,C00022,CAM0034,2025-02-01 23:46:01,0,1
A03237,U00249,C00051,CAM0047,2025-03-02 02:07:03,1,1
A03238,U00817,C00248,CAM0023,2026-04-27 04:56:49,0,1
A03239,U00224,C00205,CAM0058,2025-09-04 12:42:45,0,0
A03240,U00034,C00231,CAM0014,2026-02-08 09:07:43,0,0
A03241,U00409,C00025,CAM0045,2026-04-09 20:21:44,1,1
A03242,U00205,C00002,CAM0008,2026-04-13 21:50:14,0,0
A03243,U00676,C00072,CAM0056,2025-04-06 07:12:34,0,-1
A03244,U00286,C00137,CAM0012,2025-04-29 01:55:01,0,0
A03245,U00473,C00022,CAM0023,2026-05-24 05:19:48,1,0
A03246,U00327,C00024,CAM0022,2026-05-07 13:38:08,0,0
A03247,U00291,C00143,CAM0049,2026-03-27 09:06:06,1,1
A03248,U00745,C00024,CAM0006,2026-04-29 11:20:24,1,0
A03249,U00130,C00031,CAM0015,2026-02-10 16:56:45,1,1
A03250,U99999,C00233,CAM0005,2026-05-08 15:19:03,0,0
A03251,U00579,C00079,CAM0047,2026-04-30 15:01:30,1,0
A03252,U00149,C00190,CAM0032,2026-06-10 04:23:50,0,0
A03253,U00595,C00173,CAM0058,2025-01-07 02:47:10,1,0
A03254,U00294,C00005,CAM0034,2025-05-16 22:59:35,1,0
A03255,U00392,C00027,CAM0040,2026-02-15 21:10:19,0,1
A03256,U00842,C00080,CAM0020,2025-07-01 16:39:23,0,1
A03257,U00207,C00007,CAM0039,2025-02-08 21:47:00,0,0
A03258,U00410,C00045,CAM0040,2026-04-11 15:08:27,0,0
A03259,U00624,C00013,CAM0017,2025-03-19 14:59:59,0,0
A03260,U00925,C00219,CAM0059,2025-02-10 23:43:15,1,0
A03261,U00223,C00029,CAM0018,2025-12-29 06:01:59,1,1
A03262,U00208,C00006,CAM0004,2026-07-14 21:21:10,0,1
A03263,U00298,C00240,CAM0025,2025-02-27 22:07:47,0,0
A03264,U00576,C00178,CAM0023,2025-06-14 11:23:28,0,1
A03265,U00894,C00209,CAM0030,2025-07-14 22:46:40,1,0
A03266,U00080,C00206,CAM0048,2026-03-23 20:37:00,1,0
A03267,U00790,C00040,CAM0053,2026-05-17 15:17:41,0,1
A03268,U00132,C00027,CAM0039,2025-01-07 20:37:37,0,1
A03269,U00077,C00184,CAM0025,2025-09-18 03:39:25,1,0
A03270,U00521,C00076,CAM0017,2025-04-04 10:27:22,0,1
A03271,U00231,C00042,CAM0042,2026-08-26 15:25:17,1,0
A03272,U00237,C00123,CAM0041,2026-08-20 06:55:03,1,0
A03273,U00276,C00084,CAM0037,2025-10-30 14:57:01,0,1
A03274,U00210,C00229,CAM0024,2026-05-03 05:31:44,0,0
A03275,U00813,C00033,CAM0045,2026-05-31 21:24:42,0,1
A03276,U00720,C00118,CAM0017,2026-02-13 23:50:55,0,1
A03277,U00436,C00102,CAM0027,2026-08-19 10:06:46,0,1
A03278,U00327,C00225,CAM0020,2025-10-03 16:50:11,0,0
A03279,U00274,C00073,CAM0037,,0,1
A03280,U00442,C00077,CAM0011,2025-08-20 01:01:05,0,0
A03281,U00492,C00062,CAM0036,2025-07-19 13:35:15,1,1
A03282,U00077,C00002,CAM0056,2025-02-13 22:29:40,1,0
A03283,U00857,C00138,CAM0054,2025-04-21 06:19:09,1,0
A03284,U00783,C00108,CAM0039,2025-01-31 01:43:16,1,0
A03285,U00982,C00055,CAM0006,2026-07-31 14:48:52,1,0
A03286,U00929,C00248,CAM0033,2025-09-26 00:57:33,0,0
A03287,U00842,C00206,CAM0001,2026-02-08 13:45:45,0,2
A03288,U00940,C00198,CAM0045,,1,0
A03289,U00397,C00238,CAM0002,2026-08-12 22:40:35,0,0
A03290,U00419,C00133,CAM0024,,1,0
A03291,U00743,C00023,CAM0023,2026-08-10 04:31:58,0,0
A03292,U00251,C00159,CAM0014,2026-08-07 07:06:35,0,1
A03293,U00949,C00149,CAM0027,2025-12-31 20:35:36,1,0
A03294,U00306,C00077,CAM0027,2025-07-29 14:19:50,0,0
A03295,U00506,C00128,CAM0012,2025-02-06 10:11:05,1,0
A03296,U00938,C00196,CAM0012,2026-02-28 09:30:51,0,1
A03297,U00756,C00058,CAM0037,2026-02-18 15:28:25,0,0
A03298,U00231,C00123,CAM0030,2025-08-29 05:55:47,1,1
A03299,U00640,C00054,CAM0002,2025-08-12 23:04:58,1,0
A03300,U00038,C00183,CAM0024,2026-02-21 07:21:41,0,1
A03301,U00564,C00220,CAM0020,2026-04-12 10:57:59,1,0
A03302,U00063,C00243,CAM0024,2025-08-21 11:34:09,0,0
A03303,U00073,C99999,CAM0033,2025-12-05 01:36:43,0,0
A03304,U00360,C00005,,2026-01-01 15:04:46,1,0
A03305,U00595,C00147,CAM0053,2025-10-15 03:31:12,0,0
A03306,U00546,C00021,CAM0019,2026-04-22 00:52:01,0,0
A03307,U00994,C00012,CAM0054,2026-08-22 09:59:44,0,1
A03308,U00788,C00091,CAM0010,2026-02-16 13:02:37,1,0
A03309,U00898,C00083,CAM0040,2025-12-15 07:15:16,0,0
A03310,U00762,C00172,CAM0059,2026-06-26 09:51:51,1,1
A03311,U00500,C00248,CAM0036,2025-03-27 09:24:40,0,0
A03312,U00251,C00011,CAM0024,2025-12-07 18:24:15,1,0
A03313,U00103,C00006,CAM0001,2025-06-06 14:36:00,0,1
A03314,U00962,C00150,CAM0039,2025-10-30 19:40:17,0,0
A03315,U00947,C00187,CAM0052,2026-07-18 19:45:57,0,0
A03316,U00202,C00137,CAM0058,2025-04-04 03:20:42,1,0
A03317,U00087,C00067,CAM0009,2026-05-06 08:30:55,1,0
A03318,U00151,C00155,CAM0018,2025-05-04 20:15:12,0,0
A03319,U00997,C00003,CAM0028,2025-08-16 14:30:56,1,0
A03320,U00240,C00140,CAM0020,2025-10-07 17:07:56,0,0
A03321,U00461,C00186,CAM0039,2026-08-15 09:02:23,1,0
A03322,U00618,C00119,CAM0013,2025-09-16 23:43:52,1,0
A03323,U00550,C00140,CAM0055,2025-05-20 23:43:46,1,0
A03324,U00241,C00210,CAM0009,2025-06-06 23:37:37,0,0
A03325,U00126,C00041,CAM0007,2026-06-24 21:30:07,1,0
A03326,U00828,C00207,CAM0059,2026-05-09 13:16:06,1,1
A03327,U00044,C00135,CAM0029,2025-08-30 22:39:32,1,1
A03328,U00270,C00016,CAM0055,2026-04-27 11:52:50,0,1
A03329,U00112,C00069,CAM0014,2025-09-04 01:37:08,1,0
A03330,U00861,C00017,CAM0002,2026-02-22 09:19:58,0,0
A03331,U00187,C00164,CAM0056,2025-02-25 00:52:36,0,0
A03332,U00903,C00086,CAM0001,2026-02-08 01:29:07,0,0
A03333,U00698,C00166,CAM0056,2026-02-01 13:54:02,1,0
A03334,U00651,C00026,CAM0020,2025-03-02 22:15:44,1,
A03335,U00368,C00086,CAM0052,2026-08-21 23:38:22,1,1
A03336,U00516,C00135,CAM0018,2025-03-09 13:15:04,1,0
A03337,U00834,C00204,CAM0050,2026-07-21 22:41:00,1,0
A03338,U00491,C00062,CAM0023,2025-09-25 13:36:34,1,0
A03339,U00511,C00099,CAM0031,2026-08-20 19:41:43,0,1
A03340,U00831,C00206,CAM0052,2025-06-25 02:23:56,1,0
A03341,U00512,C00118,CAM0037,2026-03-07 02:24:35,1,0
A03342,U00205,C00022,CAM0050,2026-08-11 20:47:48,0,1
A03343,U00904,C00089,CAM0029,2025-10-14 10:17:38,0,0
A03344,U00970,C00167,CAM0046,2025-08-16 19:23:12,1,0
A03345,U00478,C00213,CAM0004,2026-01-22 21:13:13,1,1
A03346,U00895,C00026,CAM0014,2025-02-28 22:33:10,1,0
A03347,U00955,C00149,CAM0027,2026-03-18 03:01:37,0,1
A03348,U00087,C00146,CAM0043,2025-04-10 05:26:47,0,1
A03349,U00650,C00155,CAM0057,2026-07-30 13:44:04,0,0
A03350,U00453,C00171,CAM0024,2025-02-05 03:20:24,1,1
A03351,U00342,C00120,CAM0047,2025-02-16 09:40:21,1,0
A03352,U00701,C00207,CAM0054,2025-04-06 10:53:09,1,0
A03353,U00508,C00079,CAM0058,2025-09-10 00:26:17,0,0
A03354,U00690,C00212,CAM0042,2026-05-28 23:39:29,0,0
A03355,U00615,C00092,CAM0049,2026-04-21 20:34:19,0,0
A03356,U00883,C00141,CAM0024,2026-01-11 00:12:48,0,1
A03357,U00328,C00209,CAM0006,2025-11-08 20:14:28,1,0
A03358,U00809,C00221,CAM0029,2026-02-17 18:00:22,1,0
A03359,U00745,C00066,CAM0060,2025-06-02 12:47:59,1,1
A03360,U00161,C00221,CAM0006,2026-08-01 09:16:46,0,1
A03361,U00914,C00067,CAM0036,2026-08-20 16:39:38,1,0
A03362,U00903,C00248,CAM0011,2025-02-04 08:32:27,1,0
A03363,U00240,C00239,CAM0052,2026-03-21 12:40:53,1,0
A03364,U00924,C00156,CAM0001,2025-08-07 10:45:56,1,1
A03365,U00126,C00131,CAM0028,2026-06-27 18:36:53,1,0
A03366,U00005,C00134,CAM0023,2026-08-02 10:22:15,1,0
A03367,U00388,C00046,CAM0015,2026-04-24 14:21:36,0,0
A03368,U00089,C00242,CAM0023,2025-03-10 18:11:51,0,0
A03369,U00687,C00011,CAM0006,2025-12-26 11:41:39,1,1
A03370,U00105,C00053,CAM0041,2026-06-29 13:58:54,1,clicked
A03371,U00080,C00033,CAM0021,2026-07-31 10:23:18,1,0
A03372,U00533,C00151,CAM0060,2025-09-23 05:18:13,0,0
A03373,U00696,C00183,CAM0026,2025-07-29 22:55:58,1,1
A03374,U00207,C00226,CAM0039,2026-01-05 16:23:46,1,0
A03375,U00105,C00116,CAM0037,2025-06-11 17:25:13,1,0
A03376,U00372,C00037,CAM0044,2025-12-24 07:12:06,1,1
A03377,U00011,C00242,CAM0018,2026-08-14 13:29:53,1,0
A03378,U00463,C00024,CAM0041,2025-12-22 04:02:16,0,1
A03379,U99999,C00118,CAM0041,2026-06-11 02:07:55,0,0
A03380,U00822,C00117,CAM0049,2026-02-20 13:11:00,1,0
A03381,U00584,C00173,CAM0015,2025-01-02 15:14:54,1,0
A03382,U00838,C00208,CAM0035,2026-09-11 08:57:46,0,0
A03383,U00018,C00153,CAM0057,2025-05-28 07:03:59,0,1
A03384,U00213,C00210,CAM0024,2025-08-31 20:57:45,0,0
A03385,U00802,C00217,CAM0022,2026-01-26 12:54:31,1,1
A03386,U00016,C00231,CAM0048,2025-04-17 20:23:18,0,0
A03387,U00145,C00228,CAM0041,2025-07-25 21:25:25,1,1
A03388,U00869,C00205,CAM0050,2026-09-01 14:20:52,1,0
A03389,U00753,C00109,CAM0050,2025-03-28 04:07:04,1,1
A03390,U00635,C00168,CAM0043,2025-07-27 23:51:52,1,0
A03391,U00519,C00054,CAM0049,2026-07-18 22:59:41,0,1
A03392,U00282,C00023,CAM0014,2026-03-30 10:26:00,0,0
A03393,U00704,C00091,CAM0017,2026-06-25 02:28:05,0,0
A03394,U01000,C00131,CAM0038,2026-01-02 06:37:33,1,0
A03395,U00758,C00066,CAM0031,2025-11-08 05:10:59,0,1
A03396,U00100,C00019,CAM0058,2026-08-13 23:48:08,1,0
A03397,U00833,C00188,CAM0016,2026-04-22 14:37:51,1,0
A03398,U00935,C00142,CAM0013,2026-02-06 17:47:38,0,0
A03399,U00446,C00110,CAM0047,2025-04-30 23:09:50,0,0
A03400,U00075,C00249,CAM0059,2025-10-23 21:27:57,1,1
A03401,U00929,C00122,CAM0013,2026-01-30 11:15:51,1,0
A03402,U00335,C00112,CAM0005,2025-01-07 09:02:28,1,0
A03403,U00128,C00118,CAM0044,2025-09-14 06:30:53,1,0
A03404,U00438,C00154,CAM0010,2025-06-10 09:15:14,0,0
A03405,U00749,C00196,CAM0016,2025-02-20 19:58:24,0,0
A03406,U99999,C00108,CAM0047,2026-01-11 07:36:57,1,1
A03407,U00971,C00128,CAM0047,2026-08-28 14:37:50,0,1
A03408,U00590,C00222,CAM0035,2026-03-07 01:26:09,0,0
A03409,U00682,C00226,CAM0033,2025-08-25 13:39:58,0,0
A03410,U00575,C00096,CAM0008,2025-10-14 06:48:28,1,0
A03411,U00216,C00218,CAM0009,2025-05-10 13:07:42,0,0
A03412,U00292,C00146,CAM0024,2025-08-01 18:11:45,0,0
A03413,U00598,C00146,CAM0002,2025-05-26 16:14:19,0,0
A03414,U00219,C00108,CAM0007,2025-08-31 02:51:18,1,0
A03415,U00862,C00134,CAM0043,2025-01-07 19:24:53,1,0
A03416,U00927,C00083,CAM0033,2026-04-06 07:12:20,1,0
A03417,U00460,C99999,CAM0034,2026-09-01 01:47:51,0,0
A03418,U00064,C00216,CAM0019,,1,1
A03419,U00361,C00015,CAM0019,2025-12-04 09:30:48,0,0
A03420,U00720,C00136,CAM0012,2025-06-28 07:38:31,0,1
A03421,U00426,C00138,CAM0003,2026-03-02 21:15:06,1,1
A03422,U00207,C00178,CAM0006,,0,1
A03423,U00101,C00211,CAM0029,2025-12-10 06:19:14,1,1
A03424,U00295,C00111,CAM0025,2025-05-12 03:54:10,0,0
A03425,U00345,C00106,CAM0045,2025-10-22 13:34:33,0,0
A03426,U00280,C00225,CAM0025,2026-04-21 12:25:32,1,0
A03427,U00820,C00090,CAM0004,2025-02-08 20:17:39,1,1
A03428,U00638,C00106,CAM0056,2025-04-28 14:39:18,1,0
A03429,U00374,C00115,CAM0034,2026-04-24 17:01:16,1,1
A03430,U00124,C00164,CAM0025,2026-05-17 07:37:48,0,1
A03431,U00575,C00157,CAM0056,2026-05-30 02:18:24,0,0
A03432,U00558,C00018,CAM0001,2026-01-29 03:33:56,1,0
A03433,U00500,C00162,CAM0026,2026-05-27 02:04:37,0,0
A03434,U00986,C00090,CAM0026,2025-09-07 12:12:09,1,0
A03435,U00161,C00044,CAM0059,2025-11-26 14:59:05,0,0
A03436,U00485,C00224,CAM0007,2025-08-01 21:25:36,0,0
A03437,U00675,C00060,CAM0026,2025-07-08 05:11:16,0,1
A03438,U00456,C00111,CAM0012,2025-10-29 02:37:26,0,0
A03439,U00944,C00134,CAM0015,2025-10-07 06:23:12,1,0
A03440,U00983,C00032,CAM0050,2025-12-23 11:12:31,0,1
A03441,U00064,C00018,CAM0017,2025-10-11 22:31:26,0,1
A03442,U00889,C00228,CAM0024,2026-03-10 09:38:54,0,0
A03443,U00405,C00213,CAM0037,2025-09-05 23:29:20,1,0
A03444,U00377,C00082,CAM0059,2025-05-20 02:24:40,1,1
A03445,U00447,C00102,CAM0017,2026-06-25 19:03:51,0,0
A03446,U00894,C00241,CAM0023,2025-12-22 11:02:03,0,0
A03447,U00633,C00014,CAM0054,2025-12-23 02:05:17,1,0
A03448,U00652,C00020,,2025-07-26 09:00:59,0,0
A03449,U00776,C00135,CAM0045,2025-01-24 17:42:34,1,0
A03450,U00805,C00004,CAM0038,2025-09-14 11:31:13,1,0
A03451,U00689,C00205,CAM0056,2026-05-02 23:31:19,1,0
A03452,U00729,C00085,CAM0015,2025-04-27 17:32:12,0,0
A03453,U00992,C00127,CAM0054,2026-05-29 22:06:57,1,0
A03454,U00349,C00023,CAM0042,2025-11-09 20:10:53,1,0
A03455,U00773,C00205,CAM0032,2025-10-10 02:47:18,1,0
A03456,U00969,C00219,CAM0006,2026-05-28 18:16:18,0,1
A03457,U00756,C00071,CAM0013,2026-06-24 20:35:36,1,0
A03458,U00992,C00028,CAM0041,2026-04-16 21:01:34,1,1
A03459,U00270,C00014,CAM0013,2026-04-15 19:13:53,0,0
A03460,U00479,C00178,CAM0009,,1,0
A03461,U00291,C00185,CAM0047,2025-04-24 21:16:45,0,0
A03462,U00337,C00074,CAM0029,2026-02-09 22:14:00,0,1
A03463,U00990,C00136,CAM0038,2026-07-25 14:18:28,1,0
A03464,U00359,C00038,CAM0003,2026-02-22 10:17:17,1,0
A03465,U00038,C00115,CAM0025,2025-12-03 17:38:06,1,0
A03466,U00957,C00019,CAM0029,2025-01-24 05:54:09,0,0
A03467,U00097,C00203,CAM0035,2026-09-04 22:29:51,1,1
A03468,U00721,C00197,CAM0052,2025-09-26 10:58:33,1,1
A03469,U00167,C00017,CAM0033,2026-05-25 11:44:31,2,
A03470,U00846,C00164,CAM0027,2025-07-05 07:33:55,1,0
A03471,U00176,C00002,CAM0037,2026-07-13 17:00:10,1,0
A03472,U00920,C00141,CAM0028,2026-03-07 04:26:23,1,0
A03473,U00956,C00066,CAM0053,2025-08-01 16:30:12,0,1
A03474,U00359,C00215,CAM0049,2025-12-17 04:54:57,0,1
A03475,U00120,C00231,CAM0036,2025-10-19 06:00:17,0,1
A03476,U00523,C00129,CAM0041,2025-11-21 19:28:00,0,0
A03477,U00316,C00055,CAM0041,2025-12-18 06:48:56,0,0
A03478,U00544,C00025,CAM0019,2025-02-20 08:51:52,0,0
A03479,U00974,C00100,CAM0049,2025-09-07 09:22:24,0,0
A03480,U00457,C00092,CAM0043,2026-07-14 15:11:35,1,0
A03481,U00455,C00141,CAM0044,2025-05-13 14:49:41,0,0
A03482,U00308,C00184,CAM0055,2026-02-16 19:51:30,0,0
A03483,U00544,C00123,CAM0014,2025-07-31 18:14:06,0,0
A03484,U00862,C00224,CAM0057,2025-12-20 22:00:49,0,1
A03485,U00631,C00182,CAM0034,2025-09-23 02:00:02,1,0
A03486,U00750,C00053,CAM0055,2026-04-03 16:13:10,1,1
A03487,U00205,C00074,CAM0013,2025-02-19 07:45:10,1,0
A03488,U00011,C00211,CAM0036,2026-05-15 23:25:44,0,0
A03489,U00886,C00225,CAM0033,2025-02-08 16:39:41,0,0
A03490,U00340,C00023,CAM0050,2025-11-22 14:22:49,0,0
A03491,U00884,C00101,CAM0030,2026-07-22 21:47:36,0,1
A03492,U00635,C00242,CAM0025,2026-09-04 06:19:07,1,0
A03493,U00073,C00210,CAM0001,2025-02-08 14:48:21,0,0
A03494,U00519,C00060,CAM0046,2025-07-25 15:22:53,1,0
A03495,U00064,C00170,CAM0032,2026-05-04 10:39:27,0,0
A03496,U00972,C00006,CAM0033,,1,0
A03497,U00972,C00189,,2026-04-22 05:12:44,0,0
A03498,U00924,C00054,CAM0032,2026-01-19 03:34:22,1,0
A03499,U00625,C00223,CAM0026,2025-10-06 17:27:17,0,0
A03500,U00318,C00085,CAM0019,2025-02-17 07:51:04,1,0
A03501,U00715,C00214,CAM0055,2026-04-21 07:41:24,1,1
A03502,U00447,C00139,CAM0039,2026-01-01 00:57:40,0,0
A03503,U00152,C00187,CAM0015,2026-06-30 08:11:57,1,0
A03504,U00593,C00084,CAM0056,2025-01-12 10:25:01,0,0
A03505,U00102,C00198,CAM0024,2026-06-27 01:07:58,1,0
A03506,U00694,C00091,CAM0018,2025-03-06 11:25:21,0,0
A03507,U00944,C00011,CAM0057,2026-04-11 17:41:02,0,1
A03508,U00779,C00083,CAM0038,2025-09-12 08:51:49,1,0
A03509,U00240,C00097,CAM0027,2025-05-14 13:57:43,1,0
A03510,U00971,C00052,CAM0029,2026-06-28 11:09:16,1,0
A03511,U00325,C00244,CAM0030,2026-06-24 23:36:19,0,1
A03512,U00714,C00012,CAM0013,2026-02-15 19:27:27,1,0
A03513,U00891,C00101,CAM0009,2026-08-02 00:56:10,0,1
A03514,U00517,C00134,CAM0060,2025-05-11 00:10:38,0,0
A03515,U00821,C00239,CAM0018,2025-08-28 15:56:25,1,0
A03516,U00480,C00247,CAM0025,2026-04-12 01:56:09,0,0
A03517,U00338,C00190,CAM0031,2025-05-22 13:19:12,1,0
A03518,U00290,C00230,CAM0019,2026-08-27 21:49:14,0,0
A03519,U00361,C00173,CAM0010,2026-08-30 10:55:24,0,0
A03520,U00235,C00150,CAM0048,2026-09-09 13:23:25,0,0
A03521,U00160,C00088,CAM0042,2025-07-02 16:24:13,1,0
A03522,U00256,C00079,CAM0060,2026-03-06 11:09:37,1,1
A03523,U00955,C99999,CAM0043,2025-03-18 10:50:33,0,0
A03524,U00310,C00149,CAM0031,2026-01-11 04:12:21,1,
A03525,U00444,C00132,CAM0023,2025-11-16 02:35:00,1,0
A03526,U00843,C00189,CAM0053,2025-01-12 02:35:45,1,0
A03527,U99999,C00072,CAM0016,2025-01-08 13:45:01,1,0
A03528,U00250,C00168,CAM0053,2025-08-23 11:36:21,0,0
A03529,U00429,C00068,CAM0049,2025-10-07 11:48:25,0,0
A03530,U00041,C00059,CAM0040,2025-08-12 21:53:32,0,0
A03531,U00929,C00249,CAM0016,2026-09-01 12:28:11,0,0
A03532,U00667,C00229,CAM0051,2026-02-20 19:16:42,1,0
A03533,U00249,C00203,CAM0032,2026-02-21 06:16:17,0,1
A03534,U00655,C00044,CAM0021,2026-09-04 19:56:23,1,0
A03535,U00546,C00229,CAM0053,2026-06-03 11:02:55,0,0
A03536,U00890,C00048,CAM0006,2025-08-18 18:09:53,1,1
A03537,U00713,C00173,CAM0049,2026-04-30 00:23:59,1,1
A03538,U00876,C00101,CAM0032,2025-11-06 23:02:27,0,0
A03539,U00789,C00232,CAM0050,2025-08-09 01:52:18,1,0
A03540,U00872,C00020,CAM0007,2026-08-15 04:44:50,1,0
A03541,U00184,C00195,CAM0004,2025-09-04 16:02:44,1,0
A03542,U00967,C00058,CAM0058,2026-01-06 13:44:26,0,0
A03543,U00504,C00205,CAM0036,2026-02-09 19:46:26,1,0
A03544,U00305,C00020,CAM0048,2025-09-30 14:12:46,0,0
A03545,U00412,C00143,,2026-08-13 16:24:40,0,1
A03546,U00964,C00187,CAM0004,2026-01-05 07:29:31,1,0
A03547,U00828,C00048,CAM0037,2026-02-01 00:50:50,1,1
A03548,U00788,C00094,CAM0022,2025-08-10 16:23:27,0,0
A03549,U00707,C00139,CAM0016,2026-03-17 05:16:08,0,0
A03550,U00500,C00192,CAM0012,2026-05-11 09:09:30,0,0
A03551,U00479,C00041,CAM0032,2025-10-12 20:18:04,1,0
A03552,U00384,C00130,CAM0037,2025-06-23 00:44:24,1,0
A03553,U00352,C00147,CAM0025,2025-05-23 00:37:21,0,1
A03554,U00301,C00027,CAM0058,2026-06-19 09:37:03,0,0
A03555,U00851,C00232,CAM0012,2025-03-26 09:30:41,0,0
A03556,U00876,C00238,CAM0008,2025-03-26 14:20:04,1,1
A03557,U00207,C00114,CAM0017,2026-06-02 12:44:00,1,1
A03558,U00895,C00246,CAM0012,2026-05-04 13:10:23,0,0
A03559,U00180,C00025,CAM0022,2025-07-28 18:03:19,1,0
A03560,U00249,C00137,CAM0040,2026-04-17 23:49:21,0,0
A03561,U00700,C00114,CAM0022,2026-02-23 23:38:47,1,0
A03562,U00477,C00072,CAM0001,2025-04-08 10:23:55,1,0
A03563,U00389,C00163,CAM0009,2026-08-01 09:08:35,0,0
A03564,U00169,C00113,CAM0022,2025-03-20 06:23:41,1,0
A03565,U00747,C00242,CAM0042,2025-10-06 20:36:59,0,0
A03566,U00055,C00067,CAM0023,2026-06-09 18:24:13,0,0
A03567,U00166,C00077,CAM0026,2026-03-21 08:03:19,1,0
A03568,U00492,C00025,CAM0003,2026-03-27 06:44:37,1,0
A03569,U00819,C00024,CAM0011,2025-07-19 09:06:05,1,1
A03570,U00809,C00138,CAM0035,2026-06-17 16:19:42,0,0
A03571,U00126,C00028,CAM0050,2025-04-20 02:51:41,0,1
A03572,U00843,C00208,CAM0018,2025-04-23 18:22:52,1,0
A03573,U00118,C00226,,2026-08-25 04:47:26,0,1
A03574,U00704,C00035,CAM0014,2025-07-17 04:57:43,1,1
A03575,U00017,C00060,CAM0034,2025-01-05 16:49:30,0,0
A03576,U00241,C00218,CAM0007,2026-01-20 07:25:00,0,1
A03577,U00093,C00136,CAM0004,2025-06-29 10:35:04,1,0
A03578,U00825,C00020,CAM0015,2026-07-07 02:35:06,1,1
A03579,U00622,C00040,CAM0007,2026-08-21 23:41:34,0,0
A03580,U00723,C00038,CAM0048,2026-02-06 08:02:23,1,0
A03581,U00493,C00218,CAM0006,2026-02-02 17:05:34,1,1
A03582,U00035,C00098,CAM0060,2026-07-11 01:49:02,1,0
A03583,U00282,C00137,CAM0056,2026-05-10 23:04:01,0,0
A03584,U00929,C00241,CAM0046,2025-06-30 18:45:12,0,0
A03585,U00718,C00027,CAM0002,2026-06-28 13:06:55,1,0
A03586,U00794,C00213,CAM0044,2025-10-09 16:20:00,1,0
A03587,U00895,C00195,CAM0005,2025-01-19 20:27:24,1,0
A03588,U00905,C00022,CAM0011,2026-02-03 09:25:37,0,1
A03589,U00774,C00152,CAM0020,2025-01-29 02:58:18,1,1
A03590,U00247,C00191,CAM0027,2025-09-16 11:07:50,0,0
A03591,U00636,C00002,CAM0014,2025-03-18 03:45:49,0,1
A03592,U00010,C00228,CAM0052,2026-04-14 23:35:54,0,0
A03593,U00414,C00100,CAM0059,2025-10-27 19:30:53,1,0
A03594,U00916,C00186,CAM0042,2025-02-12 23:35:58,1,1
A03595,U00902,C00037,CAM0017,2025-09-12 09:09:19,1,0
A03596,U00202,C00133,CAM0057,2026-09-17 03:15:08,0,0
A03597,U00631,C00010,CAM0018,2025-04-30 03:06:39,1,1
A03598,U00324,C00141,CAM0024,2025-03-15 08:52:05,0,1
A03599,U00980,C00221,CAM0040,2026-01-12 09:17:39,0,1
A03600,U00332,C00215,CAM0017,2026-09-16 09:03:57,1,0
A03601,U00290,C00059,CAM0001,2025-04-24 06:34:27,0,0
A03602,U00358,C00156,CAM0054,2026-04-06 09:42:44,0,1
A03603,U00280,C00198,CAM0052,2025-11-08 20:23:38,1,0
A03604,U00684,C00027,CAM0027,2026-09-12 15:57:33,1,0
A03605,U00363,C00085,CAM0049,2025-12-13 16:41:15,1,0
A03606,U00338,C00130,CAM0031,2026-03-06 13:10:04,0,1
A03607,U00398,C00055,CAM0056,2026-04-16 17:02:35,0,0
A03608,U00619,C00100,CAM0018,2025-01-27 03:10:54,0,0
A03609,U00522,C00072,CAM0037,2025-10-15 00:32:57,0,1
A03610,U00277,C00216,CAM0050,2026-09-17 05:27:06,1,1
A03611,U00238,C00024,CAM0035,2026-02-12 10:48:20,1,0
A03612,U00642,C00136,CAM0059,2026-01-03 07:39:31,0,0
A03613,U00911,C00089,CAM0008,2026-04-03 02:54:27,1,0
A03614,U00809,C00146,CAM0024,2026-01-29 00:34:40,1,0
A03615,U00341,C00223,CAM0044,2025-01-13 22:19:30,yes,0
A03616,U00517,C00025,CAM0020,2026-05-30 11:06:14,1,0
A03617,U00160,C00048,CAM0024,2025-03-31 03:20:05,1,1
A03618,U00349,C00056,CAM0033,2025-02-02 04:44:43,0,0
A03619,U00553,C00177,CAM0033,2025-07-29 09:09:43,0,0
A03620,U00541,C00152,CAM0059,2025-03-16 06:16:58,0,0
A03621,U00103,C00186,CAM0050,2025-03-26 19:48:19,0,1
A03622,U00624,C00172,CAM0051,2026-06-02 12:02:12,0,0
A03623,U00695,C00101,CAM0060,2025-05-04 13:51:28,1,0
A03624,U00917,C00208,CAM0003,2026-07-10 15:10:49,1,0
A03625,U00768,C00198,CAM0038,2025-06-07 09:27:46,0,1
A03626,U00211,C00250,CAM0055,2025-05-16 13:25:04,1,0
A03627,U00570,C00211,CAM0047,2025-01-09 00:14:46,0,1
A03628,U00957,C00047,CAM0050,2025-06-06 20:46:01,1,1
A03629,U00792,C00175,CAM0045,2025-09-14 07:10:53,1,1
A03630,U00377,C00076,CAM0044,2026-02-16 23:25:32,1,0
A03631,U00061,C00034,CAM0045,2026-05-25 18:07:52,1,0
A03632,U00912,C00200,CAM0049,2025-10-23 01:26:18,1,0
A03633,U00013,C00004,CAM0042,2025-07-16 06:54:56,0,1
A03634,U00572,C00218,CAM0023,2026-03-05 09:27:25,1,0
A03635,U00963,C00107,CAM0023,2026-05-22 02:45:50,0,0
A03636,U00444,C00238,CAM0056,2026-05-30 04:25:15,0,0
A03637,U00105,C00145,CAM0030,2025-07-10 13:56:59,0,0
A03638,U00895,C00169,CAM0046,2026-05-30 17:29:06,1,0
A03639,U00639,C00124,CAM0032,2025-12-10 08:29:39,0,0
A03640,U00839,C00048,CAM0023,2026-07-09 23:48:36,0,0
A03641,U00179,C00150,CAM0004,2025-07-04 18:16:06,0,1
A03642,U00882,C00156,CAM0058,2025-10-11 09:20:17,1,0
A03643,U00715,C00095,CAM0039,2026-01-19 05:27:25,1,0
A03644,U00320,C00083,CAM0007,2026-02-16 03:20:18,1,0
A03645,U00405,C00094,CAM0007,2025-10-18 01:34:43,1,0
A03646,U00932,C00062,CAM0019,2025-09-19 12:04:06,0,0
A03647,U00158,C00231,CAM0046,2025-03-24 08:39:46,0,0
A03648,U00898,C00143,CAM0010,2025-02-12 18:30:28,0,0
A03649,U00432,C00056,CAM0013,2026-01-24 19:43:39,0,0
A03650,U00526,C00015,CAM0012,2026-03-06 01:02:53,1,0
A03651,U00332,C00060,CAM0042,2026-04-12 17:06:13,1,-1
A03652,U00109,C00114,CAM0016,2026-08-16 03:19:22,1,0
A03653,U00473,C00140,CAM0020,2025-10-08 12:35:17,1,0
A03654,U00564,C00099,CAM0042,2025-05-18 10:58:01,1,1
A03655,U00991,C00070,CAM0013,2025-06-13 19:08:43,0,-1
A03656,U00425,C00072,CAM0029,2026-02-20 22:28:07,1,0
A03657,U00059,C00086,CAM0013,2026-07-15 06:36:20,1,0
A03658,U00851,C00190,CAM0032,2025-08-09 13:41:53,0,0
A03659,U00592,C00139,CAM0038,2026-07-28 04:23:57,0,0
A03660,U00479,C00089,CAM0004,2025-08-21 09:58:42,0,0
A03661,U00100,C00094,CAM0048,2026-03-17 22:36:10,1,-1
A03662,U00273,C00104,CAM0009,2026-02-19 19:17:09,0,0
A03663,U00618,C00064,CAM0014,2026-08-19 10:46:14,1,0
A03664,U00047,C00030,CAM0043,2025-03-26 03:03:24,1,0
A03665,U00964,C00106,CAM0018,2025-03-06 18:59:55,1,1
A03666,U00523,C00203,CAM0006,2026-05-31 03:27:27,0,0
A03667,U00745,C00186,CAM0032,2026-06-08 13:26:29,1,0
A03668,U00826,C00019,CAM0008,2026-03-18 03:35:20,1,0
A03669,U00737,C00246,CAM0060,2025-04-04 01:08:34,0,0
A03670,U00714,C00105,CAM0003,2026-01-30 13:39:58,1,0
A03671,U00369,C00208,CAM0016,2025-09-26 11:15:09,0,1
A03672,U00567,C00245,CAM0028,2025-06-16 09:51:30,1,0
A03673,U00780,C00117,CAM0030,2026-07-05 18:03:51,0,1
A03674,U00464,C00149,CAM0023,2025-02-04 04:14:34,0,0
A03675,U00955,C00089,CAM0060,2026-02-03 08:31:45,0,0
A03676,U00224,C00050,CAM0011,2025-09-05 14:32:15,1,1
A03677,U00356,C00156,CAM0031,2026-06-01 00:00:01,1,1
A03678,U00836,C00101,CAM0039,2025-12-11 15:31:11,0,0
A03679,U00188,C00046,CAM0052,2025-02-01 00:38:38,0,0
A03680,U00288,C00201,CAM0022,2026-05-30 23:47:03,0,0
A03681,U00734,C00057,CAM0046,2026-01-17 11:44:35,0,0
A03682,U00974,C00233,CAM0018,2025-01-24 13:17:38,0,0
A03683,U00664,C00250,CAM0008,2026-01-30 14:45:32,1,1
A03684,U00518,C00084,CAM0038,2025-04-29 06:26:38,1,1
A03685,U00506,C00198,CAM0044,2025-03-31 07:03:37,1,0
A03686,U00906,C00111,CAM0038,2025-11-03 10:31:46,0,0
A03687,U00373,C00168,CAM0042,2026-03-23 04:28:38,1,0
A03688,U00004,C00248,CAM0005,2026-05-09 09:07:38,0,0
A03689,U00690,C00039,CAM0024,2026-05-04 14:45:04,yes,1
A03690,U00285,C00005,CAM0021,2025-02-26 15:44:50,1,0
A03691,U00531,C00145,CAM0009,2025-02-23 21:13:41,0,1
A03692,U00376,C00149,CAM0023,2025-04-26 06:06:52,0,0
A03693,U00935,C00101,CAM0010,2025-02-09 22:49:55,1,0
A03694,U00990,C00162,CAM0049,2026-04-15 07:40:46,0,1
A03695,U00858,C00122,CAM0027,2025-11-23 06:53:25,1,0
A03696,U00054,C00114,CAM0009,2025-01-24 22:44:00,0,0
A03697,U00722,C00195,CAM0010,2025-09-23 22:54:24,1,1
A03698,U00918,C99999,CAM0010,2026-07-09 00:17:48,0,0
A03699,U00670,C00158,CAM0032,2025-03-21 20:20:59,0,0
A03700,U00346,C00121,CAM0034,2025-10-01 22:01:53,1,0
A03701,U00654,C00079,CAM0034,2025-11-03 03:31:23,0,0
A03702,U00780,C00158,CAM0035,2025-12-19 19:40:08,1,0
A03703,U00623,C00203,CAM0019,2025-04-13 01:28:38,0,1
A03704,U00709,C00149,CAM0059,2025-05-15 14:23:51,0,1
A03705,U00484,C00239,CAM0025,2025-12-18 06:10:44,1,1
A03706,U00086,C00236,CAM0031,2025-09-13 11:40:18,0,0
A03707,U00863,C00174,CAM0002,2025-10-24 19:37:46,0,1
A03708,U00510,C00138,CAM0042,2026-04-19 12:57:03,1,0
A03709,U99999,C00095,CAM0057,2025-03-09 18:54:00,1,0
A03710,U00225,C00016,CAM0013,2025-10-31 07:57:35,1,0
A03711,U00834,C00063,CAM0053,2026-04-09 09:55:08,0,0
A03712,U00341,C00143,CAM0050,2025-07-16 03:05:38,0,0
A03713,U00117,C00060,CAM0059,2025-02-18 19:58:47,0,0
A03714,U00567,C00123,CAM0057,2025-08-10 15:26:30,0,0
A03715,U00992,C00127,CAM0018,2026-08-18 23:59:11,0,0
A03716,U00149,C00078,CAM0046,2025-04-02 00:04:20,1,0
A03717,U00604,C00135,CAM0056,2025-07-30 03:40:09,0,0
A03718,U00026,C00079,CAM0060,2026-06-09 11:44:52,0,1
A03719,U00313,C00069,CAM0034,2026-01-24 13:27:35,0,0
A03720,U00627,C00046,CAM0059,2025-12-24 11:14:14,1,0
A03721,U00461,C00249,CAM0046,2026-05-05 05:05:04,1,0
A03722,U00912,C00142,CAM0049,2026-07-07 19:31:16,0,0
A03723,U00030,C00163,CAM0040,2026-05-03 09:35:19,1,0
A03724,U00278,C00187,CAM0044,,1,0
A03725,U00187,C00247,CAM0053,2026-03-29 21:38:26,0,0
A03726,U00193,C00248,CAM0001,2026-08-29 03:01:37,0,0
A03727,U00670,C00008,CAM0027,2025-05-26 20:29:46,1,0
A03728,U00452,C00083,CAM0037,2025-09-23 14:13:54,0,1
A03729,U00348,C00206,CAM0060,2025-10-21 20:47:33,0,0
A03730,U00023,C00214,CAM0049,2025-05-27 16:59:47,1,0
A03731,U00666,C00068,CAM0002,2025-11-11 08:31:58,0,0
A03732,U00345,C00055,CAM0012,2025-10-04 20:59:20,1,0
A03733,U00550,C00204,CAM0026,2026-04-30 08:10:34,1,0
A03734,U00166,C00019,CAM0001,2025-11-21 12:33:50,0,0
A03735,U00477,C00116,CAM0016,2026-04-02 17:17:24,1,0
A03736,U00644,C00067,CAM0006,2025-05-25 03:19:30,1,0
A03737,U00533,C00162,CAM0016,2025-08-16 04:48:46,1,1
A03738,U00870,C00055,CAM0001,2025-12-14 18:52:31,0,0
A03739,U00060,C00245,CAM0011,2025-09-12 13:34:00,0,1
A03740,U00352,C00116,CAM0043,2025-06-20 00:03:41,1,0
A03741,U00691,C00051,CAM0020,2025-02-26 05:01:48,1,0
A03742,U00761,C00229,CAM0046,2025-01-08 01:11:34,1,0
A03743,U00261,C00186,CAM0058,2025-10-23 04:38:20,1,1
A03744,U00560,C00070,CAM0025,2025-11-01 19:30:35,1,0
A03745,U00798,C00113,CAM0007,2025-06-08 22:02:04,0,0
A03746,U00719,C00073,CAM0004,2025-03-26 01:12:29,0,0
A03747,U00407,C00089,CAM0016,2025-12-13 02:03:35,0,0
A03748,U00916,C00145,CAM0055,2025-12-15 22:06:26,1,0
A03749,U00255,C00242,CAM0029,2025-10-09 08:37:47,0,0
A03750,U00250,C00090,CAM0024,2026-09-16 14:27:57,1,0
A03751,U00043,C00132,CAM0025,2025-12-27 04:10:37,1,0
A03752,U00121,C00156,CAM0016,2025-06-02 00:14:37,1,0
A03753,U00221,C00173,CAM0028,2025-10-15 14:17:18,0,0
A03754,U00226,C00041,CAM0032,2025-11-24 07:06:27,0,0
A03755,U00448,C00175,CAM0034,2025-09-30 16:03:50,0,0
A03756,U00667,C00035,CAM0060,2025-06-16 00:51:53,1,0
A03757,U00283,C00191,CAM0033,2025-09-21 05:52:06,1,2
A03758,U00196,C00027,CAM0054,2026-07-29 07:20:37,0,0
A03759,U00991,C00057,CAM0060,2026-07-05 15:21:47,1,1
A03760,U00076,C00222,CAM0053,2025-02-28 17:06:43,0,0
A03761,U00708,C00131,CAM0056,2026-07-08 08:52:16,1,0
A03762,U00506,C00236,CAM0030,2026-05-27 20:38:47,1,0
A03763,U00975,C00043,CAM0041,2026-04-07 10:18:15,1,0
A03764,U00685,C00199,CAM0052,2026-04-24 05:31:10,0,-1
A03765,U00079,C00030,CAM0005,2026-02-21 17:27:12,0,0
A03766,U00866,C00008,CAM0024,2025-05-13 21:06:36,1,0
A03767,U00740,C00218,CAM0003,2026-02-20 09:47:59,0,0
A03768,U00012,C00113,CAM0037,2025-02-24 10:56:00,0,1
A03769,U00914,C00127,CAM0038,2026-03-06 13:43:14,0,1
A03770,U00305,C00087,CAM0027,2025-07-09 01:10:17,1,1
A03771,U00647,C00164,CAM0055,2025-07-05 03:47:47,1,0
A03772,U00757,C00247,CAM0036,2025-07-06 01:50:05,0,0
A03773,U00587,C00054,CAM0049,2025-01-30 05:38:05,1,0
A03774,U00236,C00143,CAM0025,,0,1
A03775,U00053,C00040,CAM0010,2025-04-24 20:02:09,1,0
A03776,U00683,C00040,CAM0045,2026-09-15 22:06:11,0,1
A03777,U00567,C00230,CAM0043,2025-05-22 20:37:50,1,1
A03778,U00961,C00019,CAM0054,2025-02-14 14:08:30,1,0
A03779,U00860,C00169,CAM0006,2026-07-01 23:48:17,0,0
A03780,U00363,C00181,CAM0021,2025-03-12 09:00:45,0,0
A03781,U00210,C00184,,2026-02-28 22:30:48,0,0
A03782,U00520,C00064,CAM0015,2026-04-28 22:58:40,0,0
A03783,U00955,C00074,CAM0028,2025-04-22 22:25:11,0,1
A03784,U00891,C00065,CAM0010,2025-07-16 11:31:10,0,0
A03785,U00776,C00179,CAM0007,2026-01-11 12:17:47,1,0
A03786,U00371,C00158,CAM0007,2025-08-07 16:29:49,1,1
A03787,U00245,C00141,CAM0013,2026-08-19 08:32:01,0,0
A03788,U00410,C00122,CAM0058,2025-02-01 03:31:36,1,1
A03789,U00167,C00188,CAM0047,2026-02-07 00:15:06,0,0
A03790,U00814,C00105,CAM0002,2025-09-23 06:52:18,0,0
A03791,U00988,C00163,CAM0020,2025-01-08 14:26:23,1,1
A03792,U00849,C00196,CAM0029,2026-08-25 00:25:06,0,0
A03793,U00038,C00037,CAM0029,2025-09-22 12:01:30,1,1
A03794,U00945,C00139,CAM0031,2026-06-09 20:35:03,1,0
A03795,U00988,C00031,CAM0028,2025-08-07 08:02:08,0,0
A03796,U00980,C00237,CAM0020,2026-09-11 18:22:29,2,1
A03797,U00893,C00098,CAM0022,2025-05-30 08:56:21,1,1
A03798,U00933,C00249,CAM0057,2025-11-07 17:43:08,0,0
A03799,U00458,C00043,CAM0046,2026-02-26 03:53:09,1,0
A03800,U00477,C00194,CAM0050,2025-10-04 00:05:06,1,0
A03801,U00110,C00204,CAM0036,2025-05-19 04:32:32,0,0
A03802,U00077,C00203,CAM0015,2025-07-13 20:29:34,1,0
A03803,U00460,C00146,CAM0011,2026-01-14 23:54:46,1,1
A03804,U00754,C00225,CAM0009,2025-05-04 13:18:14,0,0
A03805,U00336,C00070,CAM0020,2025-10-19 12:47:20,0,1
A03806,U00894,C00169,CAM0013,2026-08-11 10:21:31,0,1
A03807,U00422,C00145,CAM0007,2026-04-12 16:50:49,1,1
A03808,U00891,C00146,CAM0026,2025-06-03 00:20:33,0,0
A03809,U00187,C00207,CAM0019,,1,0
A03810,U00836,C00070,CAM0038,2025-12-02 23:13:47,1,0
A03811,U00548,C00170,CAM0053,2026-09-05 04:49:56,1,1
A03812,U00110,C00229,CAM0047,2025-11-09 04:13:33,1,0
A03813,U00766,C00100,CAM0037,2026-06-01 02:43:37,1,0
A03814,U00654,C00110,CAM0020,2026-05-20 15:09:24,0,0
A03815,U00609,C00203,CAM0033,2026-01-27 03:11:48,0,0
A03816,U00335,C00082,CAM0004,2026-06-01 03:21:15,1,0
A03817,U00061,C00209,CAM0013,2025-06-17 04:26:33,1,1
A03818,U00699,C00042,CAM0028,2026-08-22 18:04:57,1,0
A03819,U00546,C00091,CAM0045,2026-03-19 06:06:33,1,0
A03820,U00093,C00077,CAM0049,2026-08-09 22:37:18,1,1
A03821,U00142,C00164,CAM0044,2025-05-04 09:39:39,0,1
A03822,U00036,C00189,CAM0021,2026-04-28 04:02:26,1,0
A03823,U00333,C00036,CAM0025,2025-12-14 18:34:01,0,1
A03824,U99999,C99999,CAM0030,2026-03-05 14:49:19,0,1
A03825,U00400,C00117,CAM0047,2026-06-14 02:03:24,0,0
A03826,U00312,C00141,CAM0006,2025-05-02 02:21:33,1,1
A03827,U00952,C00212,CAM0038,2025-10-17 17:12:35,1,0
A03828,U00333,C00172,CAM0056,2025-01-14 21:30:48,0,0
A03829,U00406,C00238,CAM0022,2025-02-19 00:47:21,1,1
A03830,U00919,C00036,CAM0052,2025-01-20 12:04:55,0,0
A03831,U00663,C99999,CAM0008,2026-08-06 11:02:15,0,0
A03832,U00220,C00097,CAM0010,2025-12-02 21:00:21,0,1
A03833,U00255,C00143,CAM0021,2026-07-23 00:36:41,1,0
A03834,U00372,C00166,CAM0014,2025-10-21 07:49:45,0,0
A03835,U00424,C00175,CAM0026,2025-10-15 05:57:55,1,0
A03836,U00602,C00215,CAM0060,2025-02-12 02:38:12,0,0
A03837,U00491,C00013,CAM0051,2026-01-03 15:46:17,0,0
A03838,U00962,C00028,CAM0031,,1,0
A03839,U00679,C00192,CAM0054,2026-06-24 07:58:07,1,0
A03840,U00406,C00120,CAM0023,2025-04-19 05:13:18,1,1
A03841,U00709,C00179,CAM0024,2025-01-17 00:37:07,,0
A03842,U00179,C99999,CAM0029,2026-05-26 19:40:47,0,0
A03843,U00557,C00189,CAM0035,2026-01-05 19:15:28,0,0
A03844,U00140,C00167,CAM0052,2025-05-16 01:04:49,1,0
A03845,U00257,C00039,CAM0042,2026-02-05 22:11:39,0,0
A03846,U00380,C00102,CAM0030,2025-08-24 05:57:29,0,0
A03847,U00663,C00145,CAM0020,2026-05-31 19:01:28,0,0
A03848,U00336,C00010,CAM0018,2025-07-30 18:40:18,0,0
A03849,U00483,C00227,CAM0013,,0,0
A03850,U00574,C00101,CAM0047,2025-09-09 11:22:44,1,1
A03851,U00592,C00126,CAM0051,2025-02-10 23:41:05,1,0
A03852,U00777,C00081,CAM0031,2025-07-16 16:50:35,0,0
A03853,U00997,C00053,CAM0010,2025-03-01 00:15:27,1,1
A03854,U00430,C00232,CAM0041,2026-02-22 03:49:50,0,0
A03855,U00769,C00124,CAM0014,2025-02-09 18:11:07,1,0
A03856,U00754,C00216,CAM0040,2025-07-06 02:08:34,1,0
A03857,U00496,C00054,CAM0019,2026-03-11 13:33:11,1,1
A03858,U00495,C00085,CAM0035,2025-08-27 20:09:40,0,0
A03859,U00728,C00172,CAM0038,2026-01-06 23:18:30,1,0
A03860,U00452,C00089,CAM0029,2026-09-11 05:50:49,0,1
A03861,U00905,C00015,CAM0046,2026-01-28 20:16:52,1,0
A03862,U00196,C00189,CAM0005,2025-10-23 13:23:24,1,0
A03863,U00058,C00075,CAM0058,2025-06-28 01:06:56,1,0
A03864,U00553,C00075,CAM0026,2025-12-05 11:46:37,0,0
A03865,U00456,C00207,CAM0030,2025-03-11 05:25:11,1,0
A03866,U00243,C00015,CAM0012,2026-08-31 04:54:13,1,0
A03867,U00927,C00241,CAM0037,2026-01-26 01:25:14,0,0
A03868,U00706,C00223,CAM0012,2025-02-04 07:37:44,0,1
A03869,U00151,C00231,CAM0047,2026-07-14 21:27:47,1,1
A03870,U00345,C00043,CAM0012,2025-11-14 02:41:49,0,0
A03871,U00325,C00076,CAM0034,2025-06-23 06:17:29,0,0
A03872,U00907,C00201,CAM0012,2026-07-10 17:08:28,0,0
A03873,U00039,C00224,CAM0008,2025-03-16 10:37:15,1,1
A03874,U00549,C00198,CAM0024,2025-03-16 23:38:48,1,0
A03875,U00849,C00016,CAM0048,2026-03-02 02:22:21,1,0
A03876,U00639,C00167,CAM0005,2025-04-19 18:04:01,1,1
A03877,U99999,C00144,CAM0058,2025-02-11 05:44:05,0,0
A03878,U00348,C00233,CAM0026,2025-07-03 17:16:39,0,0
A03879,U00217,C00119,CAM0030,2025-01-15 05:45:05,0,0
A03880,U00222,C00132,CAM0038,2025-05-03 21:24:39,0,0
A03881,U00832,C00076,CAM0026,2025-06-07 14:59:26,1,0
A03882,U00131,C00024,CAM0051,2025-03-11 17:13:38,0,0
A03883,U00507,C00218,CAM0057,2026-04-13 05:53:06,0,0
A03884,U00471,C99999,CAM0003,2025-09-30 18:57:07,1,1
A03885,U00925,C00187,CAM0010,2026-04-28 17:21:08,1,0
A03886,U00197,C00057,CAM0014,2026-09-14 21:44:22,1,1
A03887,U00374,C00116,CAM0013,2025-04-29 08:42:21,1,1
A03888,U00030,C00032,CAM0010,2026-07-23 17:05:31,1,0
A03889,U00190,C00244,CAM0049,2026-04-04 11:37:00,1,0
A03890,U00232,C00129,CAM0040,2025-07-23 18:03:00,1,0
A03891,U00981,C00110,CAM0038,2026-08-03 02:51:42,1,0
A03892,U00486,C00212,CAM0046,2025-05-22 02:55:00,1,0
A03893,U00560,C00125,CAM0016,2025-06-09 08:08:37,0,0
A03894,U00732,C00097,CAM0039,2026-01-06 10:20:25,1,0
A03895,U00459,C00144,CAM0015,2026-06-22 19:54:02,1,0
A03896,U00936,C00090,CAM0036,2026-04-17 18:40:39,0,0
A03897,U00863,C00084,CAM0020,2025-11-06 05:46:34,1,0
A03898,U00935,C00038,CAM0009,2026-02-08 14:19:36,1,0
A03899,U00930,C00058,CAM0046,2025-07-12 08:28:46,1,1
A03900,U00064,C00018,CAM0004,2025-05-08 01:56:06,1,1
A03901,U00691,C00167,CAM0056,2026-04-06 22:59:12,0,1
A03902,U00709,C00109,CAM0048,2026-03-20 20:14:55,1,0
A03903,U00291,C00112,CAM0034,2026-03-23 00:04:07,1,0
A03904,U01000,C00034,CAM0030,2025-12-26 06:57:41,1,0
A03905,U00961,C00005,CAM0056,2025-09-12 23:09:51,1,0
A03906,U00915,C00011,CAM0052,2026-02-27 21:13:37,0,0
A03907,U00948,C00141,CAM0018,2025-01-03 04:51:40,0,1
A03908,U00820,C00033,CAM0036,2026-04-10 10:45:48,1,0
A03909,U00290,C00080,CAM0057,2025-07-21 22:45:11,1,0
A03910,U00545,C00186,CAM0039,2026-01-10 00:08:03,0,0
A03911,U00986,C00190,CAM0026,2026-02-10 13:16:12,0,0
A03912,U00678,C00024,CAM0007,2026-07-09 09:14:38,1,0
A03913,U00225,C00210,CAM0014,2026-04-13 14:08:15,0,0
A03914,U00449,C00176,CAM0035,2026-07-31 14:01:43,1,0
A03915,U00847,C00005,CAM0053,2026-04-12 07:56:13,1,0
A03916,U00327,C00231,CAM0026,2025-06-15 05:31:14,0,0
A03917,U00051,C00233,CAM0003,2025-01-29 13:49:02,0,0
A03918,U00026,C00198,CAM0058,2025-12-18 11:00:23,1,0
A03919,U00179,C00111,CAM0042,2026-08-05 15:57:08,0,0
A03920,U00838,C00159,CAM0006,2025-02-11 07:17:04,0,0
A03921,U00143,C00135,CAM0003,2025-12-13 13:11:38,0,0
A03922,U00828,C00168,CAM0047,2025-08-07 11:59:18,1,0
A03923,U00392,C00244,CAM0050,2025-05-06 10:20:02,0,1
A03924,U00803,C00159,CAM0025,2025-08-09 23:37:39,0,1
A03925,U00395,C00063,CAM0059,2026-02-28 07:29:16,1,0
A03926,U00645,C00023,CAM0033,2025-11-07 21:52:19,0,0
A03927,U00344,C00184,CAM0024,2025-09-02 00:46:50,1,1
A03928,U00013,C00107,CAM0058,2025-01-28 04:31:20,1,0
A03929,U00375,C00080,CAM0001,2025-12-10 08:02:05,0,0
A03930,U00606,C00237,CAM0034,2026-04-26 11:19:13,1,0
A03931,U00112,C00021,CAM0032,2026-07-08 00:05:07,1,0
A03932,U00084,C00231,CAM0022,2026-01-25 17:57:33,1,0
A03933,U00086,C00071,CAM0021,2026-06-07 07:12:56,0,0
A03934,U00760,C00064,CAM0007,2025-10-15 18:35:09,0,0
A03935,U00374,C00044,CAM0044,2026-07-08 12:38:11,1,0
A03936,U00778,C00047,CAM0010,2025-01-27 19:27:49,0,0
A03937,U00700,C00128,CAM0059,2026-07-26 12:28:57,1,0
A03938,U00609,C00021,CAM0051,2026-04-12 12:59:59,0,0
A03939,U00756,C00239,CAM0050,2025-03-17 04:23:57,0,0
A03940,U00525,C00069,CAM0049,2025-02-12 00:16:48,0,1
A03941,U00144,C00220,CAM0015,2025-07-22 03:48:41,1,1
A03942,U00742,C00128,CAM0032,2026-05-06 03:03:01,1,0
A03943,U00783,C00102,CAM0036,2026-08-12 12:22:14,0,0
A03944,U00909,C00104,CAM0053,2026-02-02 06:59:36,0,0
A03945,U00270,C00039,CAM0016,2026-02-26 13:01:18,0,0
A03946,U00606,C00107,CAM0039,2026-01-30 22:27:40,0,2
A03947,U00592,C00223,CAM0045,2025-02-25 04:33:15,0,1
A03948,U00845,C00001,CAM0042,2025-01-14 11:05:59,0,0
A03949,U00620,C00030,CAM0060,2026-03-23 04:48:25,1,1
A03950,U00009,C00200,CAM0029,2025-08-20 16:03:02,1,0
A03951,U00974,C00162,CAM0043,2025-07-21 12:01:23,-1,0
A03952,U00089,C00210,CAM0058,2025-12-29 08:38:32,0,0
A03953,U00291,C00093,CAM0024,2025-01-08 12:00:16,1,1
A03954,U00657,C00182,CAM0020,2026-05-14 03:34:20,0,0
A03955,U00137,C00072,CAM0018,2025-11-24 09:53:11,1,0
A03956,U00536,C00192,CAM0058,2025-09-24 02:30:41,1,0
A03957,U00722,C00088,CAM0011,2026-06-11 20:29:56,0,0
A03958,U00999,C00035,CAM0045,2025-02-10 05:09:14,0,0
A03959,U00157,C00170,CAM0041,2025-09-28 05:29:15,1,0
A03960,U00181,C00164,CAM0039,2026-03-20 02:28:30,0,0
A03961,U00739,C00233,CAM0031,2026-03-07 21:04:43,0,1
A03962,U00507,C00035,CAM0010,2025-08-02 19:55:08,1,0
A03963,U00941,C00250,CAM0018,2026-08-14 09:43:27,1,0
A03964,U00193,C00047,CAM0030,2026-02-08 02:58:47,1,0
A03965,U00816,C00160,CAM0015,2025-01-20 12:24:17,1,0
A03966,U00448,C00157,CAM0043,2026-04-02 21:45:27,1,0
A03967,U00543,C00184,CAM0021,2025-04-27 21:18:31,1,1
A03968,U00984,C00043,CAM0018,2026-09-02 03:47:20,-1,0
A03969,U00579,C00243,CAM0033,2025-12-31 18:07:58,1,0
A03970,U00021,C00195,CAM0054,2025-02-03 13:28:58,,1
A03971,U00263,C00112,CAM0040,2025-01-20 04:25:35,0,1
A03972,U00302,C00071,CAM0043,,0,1
A03973,U00010,C00021,CAM0050,2026-05-19 10:34:25,1,0
A03974,U00346,C00223,CAM0058,2025-10-11 21:43:09,0,0
A03975,U00779,C00090,CAM0050,2025-03-27 17:55:51,1,1
A03976,U00967,C00085,CAM0031,2026-02-05 02:21:10,1,0
A03977,U00665,C00040,CAM0016,2025-10-17 07:56:31,1,1
A03978,U00392,C00041,CAM0026,2026-04-21 19:22:32,0,0
A03979,U00086,C00225,CAM0040,2025-12-01 23:51:37,0,0
A03980,U00239,C00100,CAM0050,2026-08-22 09:20:40,0,0
A03981,U00193,C00113,CAM0034,2025-12-04 08:11:09,0,0
A03982,U00898,C00116,CAM0004,2025-04-04 04:41:55,0,0
A03983,U00691,C00194,CAM0050,2026-08-19 09:10:06,1,1
A03984,U00540,C00013,CAM0057,2025-07-10 06:28:13,0,0
A03985,U00237,C00026,CAM0028,2025-08-26 12:21:32,1,1
A03986,U00262,C00231,CAM0050,2026-03-22 22:47:09,0,1
A03987,U00038,C00083,CAM0036,2026-09-07 08:50:15,0,0
A03988,U00904,C00238,CAM0004,2026-01-11 02:44:08,0,0
A03989,U00897,C00224,CAM0027,2025-02-01 20:08:44,0,0
A03990,U00635,C00158,CAM0023,2026-02-04 06:34:08,1,0
A03991,U00274,C00076,CAM0005,2026-08-21 16:17:23,0,0
A03992,U00782,C00063,CAM0037,2026-01-10 18:35:58,0,0
A03993,U00935,C00226,CAM0057,2026-09-07 03:16:07,0,0
A03994,U00827,C00016,CAM0024,2025-03-17 09:53:52,1,0
A03995,U00799,C00080,CAM0048,2025-11-30 11:21:20,0,0
A03996,U00456,C00236,CAM0046,2025-10-25 14:58:39,1,clicked
A03997,U00829,C00243,CAM0057,2026-07-24 06:47:56,0,1
A03998,U00861,C00053,CAM0007,2025-08-09 05:25:01,0,0
A03999,U99999,C00230,CAM0035,2025-04-21 21:23:33,0,0
A04000,U00735,C00071,CAM0056,2025-05-26 13:01:44,1,0
A04001,U00993,C00249,CAM0024,2025-07-06 16:04:00,1,0
A04002,U00043,C00200,CAM0053,2025-05-18 02:47:30,1,0
A04003,U00616,C00124,CAM0021,2025-05-23 14:56:49,1,0
A04004,U00707,C00102,CAM0027,2025-10-14 10:39:49,1,0
A04005,U00127,C00226,,2025-06-23 04:17:58,0,1
A04006,U00945,C00062,CAM0029,2026-01-08 11:50:58,1,0
A04007,U00788,C00171,CAM0041,2025-03-05 20:00:47,1,0
A04008,U00975,C00042,CAM0033,2025-10-06 04:07:19,0,0
A04009,U00038,C00080,CAM0051,2025-06-05 21:50:13,0,0
A04010,U00653,C00002,CAM0025,2025-05-15 22:35:27,0,0
A04011,U00966,C00082,CAM0002,2025-07-29 06:52:45,1,0
A04012,U00966,C00121,CAM0032,2025-06-02 06:39:38,1,0
A04013,U00475,C00180,CAM0055,2025-06-05 22:09:07,1,1
A04014,U00689,C00081,CAM0010,2026-07-18 00:31:59,1,1
A04015,U00760,C00168,CAM0043,2025-08-31 13:06:29,0,0
A04016,U00742,C00189,CAM0006,2026-04-29 01:08:03,0,1
A04017,U00453,C00238,CAM0016,2025-12-29 12:25:37,1,1
A04018,U00015,C00110,CAM0011,2025-10-14 14:31:09,0,1
A04019,U00504,C00041,,2025-09-05 11:22:04,1,0
A04020,U00271,C00225,CAM0008,2026-09-14 12:28:45,1,0
A04021,U00629,C00097,CAM0059,2025-11-04 14:58:52,0,1
A04022,U00046,C00201,CAM0020,2026-02-01 13:08:22,1,0
A04023,U00653,C00020,CAM0036,2025-10-12 18:08:27,0,0
A04024,U00799,C00149,CAM0028,2026-03-01 07:00:43,1,0
A04025,U00977,C00101,CAM0035,2026-07-27 05:02:46,1,0
A04026,U00392,C00023,CAM0034,2026-04-16 14:03:42,0,0
A04027,U00293,C00159,CAM0047,2025-06-03 12:37:42,0,1
A04028,U00896,C00121,CAM0024,2025-09-09 11:19:05,0,0
A04029,U00914,C00197,CAM0043,2025-03-25 02:35:07,0,0
A04030,U00543,C00199,CAM0035,2026-02-04 05:31:31,0,0
A04031,U00388,C00050,CAM0030,2026-04-25 15:43:16,1,0
A04032,U00766,C00193,CAM0026,2026-08-10 04:35:18,1,0
A04033,U00955,C00025,CAM0038,2025-11-15 19:29:37,0,0
A04034,U00209,C00025,CAM0017,2025-04-11 19:21:23,0,0
A04035,U00679,C00216,CAM0058,2025-05-18 22:30:26,1,0
A04036,U00278,C00227,CAM0001,2025-08-01 15:36:05,1,0
A04037,U00648,C00076,CAM0001,2025-12-22 15:48:29,0,0
A04038,U00866,C00019,CAM0055,2026-07-25 22:16:25,0,0
A04039,U00328,C00151,CAM0025,2026-08-31 23:51:16,1,1
A04040,U00882,C00147,CAM0050,2026-07-03 01:39:10,1,1
A04041,U00101,C00032,CAM0014,2026-04-20 04:17:23,0,0
A04042,U00246,C00012,CAM0005,2026-03-29 03:19:59,0,1
A04043,U00939,C00243,CAM0014,2025-06-16 07:36:05,1,1
A04044,U00962,C00193,CAM0024,2026-01-05 20:59:30,1,1
A04045,U00801,C00175,CAM0032,2026-07-13 01:35:04,1,0
A04046,U00173,C00113,CAM0054,2026-08-29 15:00:28,1,0
A04047,U00116,C00240,CAM0050,2025-07-19 09:04:26,0,0
A04048,U00747,C00209,CAM0053,2025-03-25 22:21:19,0,0
A04049,U00822,C00148,CAM0027,2026-04-15 03:46:37,0,0
A04050,U00850,C00070,CAM0006,2026-02-02 14:52:09,0,0
A04051,U00423,C00105,CAM0056,2025-04-22 22:29:18,0,1
A04052,U00396,C00213,CAM0028,2025-03-09 15:39:04,0,0
A04053,U00776,C00011,CAM0006,2025-03-13 09:33:00,1,0
A04054,U00375,C00030,CAM0044,2026-09-06 11:35:25,0,0
A04055,U00458,C00118,CAM0015,2025-02-24 17:23:34,0,0
A04056,U00081,C00187,CAM0002,2025-11-12 08:11:44,0,0
A04057,U00237,C00002,CAM0048,2026-02-17 13:22:54,1,1
A04058,U00230,C00124,CAM0003,2025-10-30 02:03:33,0,0
A04059,U00859,C00072,CAM0021,2025-10-13 09:15:50,1,0
A04060,U00594,C00094,CAM0059,2025-02-19 20:01:00,0,0
A04061,U00167,C00166,CAM0009,2025-11-24 08:24:39,1,0
A04062,U00044,C00155,CAM0058,2026-02-25 03:31:17,0,0
A04063,U00490,C00163,CAM0054,2026-07-14 01:36:35,0,0
A04064,U00428,C00146,CAM0060,2026-08-05 12:50:21,1,0
A04065,U00288,C00084,CAM0029,2026-03-01 17:48:08,1,1
A04066,U00122,C00067,CAM0041,2025-06-13 03:30:29,1,0
A04067,U00180,C00004,CAM0003,2025-08-05 08:55:02,1,0
A04068,U00324,C00131,CAM0012,2026-07-31 20:23:25,1,0
A04069,U00834,C00101,CAM0022,2025-12-04 02:25:01,1,1
A04070,U00635,C00124,CAM0053,2026-05-04 06:17:31,1,0
A04071,U00795,C00059,CAM0002,2025-04-27 12:56:58,1,0
A04072,U00080,C00118,CAM0047,2025-08-28 06:56:49,1,1
A04073,U00111,C00161,CAM0034,2025-09-15 23:29:42,0,0
A04074,U00024,C00096,CAM0017,2025-01-30 02:37:56,1,0
A04075,U00795,C00080,CAM0023,2026-05-13 04:24:24,1,1
A04076,U00955,C00240,CAM0049,2026-02-23 02:55:01,0,0
A04077,U00314,C00018,CAM0015,2026-08-23 21:36:58,0,0
A04078,U00291,C00175,CAM0028,2025-01-28 07:40:13,1,1
A04079,U00576,C00217,CAM0005,2026-03-12 12:48:38,1,0
A04080,U00978,C00155,CAM0045,2025-06-25 14:48:10,1,1
A04081,U00752,C00141,CAM0056,2025-07-21 00:27:43,1,1
A04082,U00888,C00090,CAM0001,2025-09-22 07:04:36,1,1
A04083,U00385,C00127,CAM0017,2026-09-15 08:39:31,1,0
A04084,U00219,C00021,CAM0016,2026-09-14 06:38:47,1,1
A04085,U00533,C00033,CAM0013,2025-11-28 17:46:31,0,1
A04086,U00767,C00166,CAM0036,2025-07-31 04:02:12,0,0
A04087,U00841,C00122,CAM0043,2025-08-18 23:57:15,0,0
A04088,U00646,C00024,CAM0031,2026-07-02 16:10:22,0,1
A04089,U00371,C00124,CAM0042,2025-06-30 20:15:07,0,0
A04090,U00568,C00050,CAM0028,2025-03-27 09:32:29,0,0
A04091,U00316,C00047,CAM0002,2026-06-12 11:56:23,0,0
A04092,U00560,C00124,CAM0043,2025-07-08 20:49:42,1,0
A04093,U00961,C00052,CAM0027,2025-05-20 15:33:01,1,0
A04094,U00400,C00040,CAM0038,2025-09-26 09:48:48,0,0
A04095,U00748,C00214,CAM0048,2025-08-17 15:00:00,0,0
A04096,U00149,C00110,CAM0030,2025-07-20 10:09:01,1,0
A04097,U00870,C00177,CAM0004,2026-02-08 12:06:23,0,1
A04098,U00694,C00208,CAM0002,2026-01-12 03:03:28,1,0
A04099,U00457,C00195,CAM0042,2025-06-19 09:11:53,0,0
A04100,U00448,C00007,CAM0057,2025-03-03 13:09:30,0,0
A04101,U00944,C00248,CAM0047,2025-01-12 02:39:51,yes,1
A04102,U00056,C00051,CAM0027,2025-01-07 04:45:06,0,1
A04103,U00530,C00029,CAM0023,2026-09-10 12:36:05,1,0
A04104,U00715,C00135,CAM0018,2026-03-30 11:20:05,1,0
A04105,U00735,C00091,CAM0051,2026-05-07 08:08:51,0,0
A04106,U00820,C00012,CAM0043,2026-07-07 07:46:39,0,0
A04107,U00630,C00155,CAM0042,2025-06-25 05:47:30,1,0
A04108,U00373,C00096,CAM0012,2025-06-29 00:29:56,0,0
A04109,U00247,C00222,CAM0022,2026-02-06 12:37:57,1,0
A04110,U00412,C00130,CAM0053,2025-09-27 04:04:49,0,0
A04111,U00860,C00138,CAM0021,2026-05-06 08:16:02,0,0
A04112,U00276,C00207,CAM0057,2026-03-07 21:55:09,1,0
A04113,U00109,C00013,CAM0006,2025-11-12 04:45:32,0,0
A04114,U00638,C00015,CAM0001,2025-02-07 05:47:54,1,0
A04115,U00107,C00158,CAM0038,2026-05-24 07:38:51,0,1
A04116,U00712,C00191,CAM0003,2026-01-16 20:20:08,0,0
A04117,U00116,C00047,CAM0024,2025-11-22 14:20:50,1,clicked
A04118,U00980,C00068,CAM0057,2025-04-29 03:27:06,0,1
A04119,U00130,C00029,CAM0017,2026-08-21 03:02:24,0,0
A04120,U00275,C00148,CAM0038,2026-05-31 12:02:45,0,0
A04121,U00704,C00033,CAM0007,2026-01-20 19:02:09,0,0
A04122,U00329,C00033,CAM0010,2025-06-03 05:05:32,0,0
A04123,U00551,C00167,CAM0053,2026-08-16 16:34:11,1,0
A04124,U00819,C00247,CAM0024,2026-05-08 07:52:45,0,1
A04125,U00491,C00097,CAM0023,2026-07-17 02:40:11,1,0
A04126,U00972,C00093,CAM0016,2026-08-11 02:59:02,0,0
A04127,U00169,C00082,CAM0056,2025-07-27 19:06:15,1,0
A04128,U00585,C00083,CAM0031,2025-10-30 01:14:23,0,0
A04129,U00843,C00149,CAM0012,2026-04-07 15:25:15,1,0
A04130,U00535,C00236,CAM0030,2025-09-12 16:44:41,0,0
A04131,U00530,C00032,CAM0029,2025-01-31 23:18:28,0,1
A04132,U00136,C00069,CAM0021,2026-02-26 19:18:44,1,0
A04133,U00154,C00076,CAM0053,2026-06-04 23:16:21,0,0
A04134,U00443,C00224,CAM0029,2025-04-12 15:33:31,0,0
A04135,U00741,C00142,CAM0034,2026-02-07 07:42:26,1,1
A04136,U00091,C00171,CAM0002,2026-02-09 11:17:40,1,0
A04137,U00904,C00047,CAM0027,2026-09-14 06:40:54,1,0
A04138,U00614,C00073,CAM0001,2026-09-01 05:23:39,1,1
A04139,U00640,C00215,CAM0017,2025-04-16 10:33:30,1,0
A04140,U00871,C00095,CAM0022,2025-10-23 03:49:48,0,1
A04141,U00989,C00087,CAM0024,2026-04-02 18:28:13,0,0
A04142,U00568,C00066,CAM0008,2026-03-26 22:30:24,1,0
A04143,U00117,C00235,CAM0039,2026-02-01 19:07:50,1,0
A04144,U00348,C00096,CAM0041,2026-07-22 18:16:22,0,0
A04145,U00783,C00111,CAM0037,2026-05-24 22:54:16,1,0
A04146,U00847,C00171,CAM0016,2026-02-10 15:53:22,1,1
A04147,U00224,C00099,CAM0022,2026-03-19 05:31:45,0,1
A04148,U00754,C00111,CAM0028,2025-02-19 10:36:45,0,0
A04149,U00105,C00185,CAM0031,2025-10-27 22:14:12,0,0
A04150,U00760,C00230,CAM0041,2026-06-23 19:36:00,1,0
A04151,U00754,C00179,CAM0001,2025-07-31 13:56:28,1,0
A04152,U00930,C00229,CAM0056,2026-03-09 04:33:27,1,0
A04153,U00929,C00134,CAM0041,2025-08-10 15:39:32,0,0
A04154,U00013,C00112,CAM0030,2026-07-21 18:52:11,1,0
A04155,U00887,C00162,CAM0043,2025-09-30 12:13:13,1,0
A04156,U00367,C00109,CAM0003,2025-05-08 14:59:40,0,0
A04157,U00537,C00114,CAM0014,2025-04-29 19:08:55,1,1
A04158,U00335,C00227,CAM0036,2026-05-01 11:46:47,0,0
A04159,U00359,C00199,CAM0053,2026-05-03 17:56:47,0,0
A04160,U00357,C00173,CAM0015,2025-07-29 01:01:32,1,0
A04161,U00030,C00243,CAM0050,2025-06-07 01:11:31,0,0
A04162,U00728,C00007,CAM0055,2025-06-10 11:50:17,0,1
A04163,U00011,C00180,CAM0015,2025-02-03 17:05:12,1,0
A04164,U00765,C00164,CAM0012,2025-07-01 00:41:12,1,0
A04165,U00778,C00121,CAM0060,2026-05-14 06:40:37,1,0
A04166,U00514,C00151,CAM0022,2026-05-07 05:08:59,1,0
A04167,U99999,C00157,CAM0049,2026-01-17 02:47:42,0,1
A04168,U00349,C00075,CAM0060,2026-01-15 11:38:30,1,0
A04169,U00424,C00192,CAM0004,2025-03-05 13:34:03,0,0
A04170,U00573,C00069,CAM0057,2025-05-27 17:21:48,0,0
A04171,U00433,C00197,CAM0053,2026-05-02 11:06:31,0,0
A04172,U00531,C00128,CAM0023,2025-03-22 23:18:47,1,1
A04173,U00021,C00244,CAM0004,2025-04-19 19:24:16,1,0
A04174,U00020,C00004,CAM0040,2026-08-10 17:36:34,1,0
A04175,U00041,C00062,CAM0042,2026-07-13 23:15:45,1,0
A04176,U00635,C00148,CAM0047,2025-02-22 22:55:35,1,0
A04177,U00004,C00030,CAM0059,2025-12-17 11:31:20,1,0
A04178,U00978,C00158,CAM0023,2025-01-16 11:52:20,0,0
A04179,U00280,C00066,CAM0040,2026-06-22 18:53:42,0,0
A04180,U00930,C00218,CAM0015,2026-07-15 10:43:50,0,0
A04181,U00806,C00134,CAM0048,2026-07-02 10:04:23,0,0
A04182,U00333,C00095,CAM0008,2025-05-20 18:00:56,1,0
A04183,U00008,C00007,CAM0036,2026-04-09 19:10:08,0,1
A04184,U00360,C00083,CAM0040,2026-09-09 00:49:51,1,0
A04185,U00403,C00175,CAM0026,2025-11-26 18:57:30,1,0
A04186,U00031,C00109,CAM0029,2025-05-31 18:41:41,1,0
A04187,U00042,C00039,CAM0031,2026-03-01 05:27:50,1,0
A04188,U00884,C00100,CAM0011,2026-08-16 15:55:31,0,0
A04189,U00523,C00019,CAM0029,2025-12-22 21:23:40,1,0
A04190,U99999,C00213,CAM0034,2025-08-14 22:19:38,0,0
A04191,U00430,C00097,CAM0007,2026-01-11 15:44:36,0,0
A04192,U00718,C00193,CAM0032,2025-08-15 09:31:02,0,0
A04193,U00826,C00019,CAM0038,2026-04-13 16:06:54,0,0
A04194,U00202,C00026,CAM0023,2025-01-01 19:51:40,1,0
A04195,U00971,C00247,CAM0031,2025-03-25 18:22:21,0,0
A04196,U00654,C00011,CAM0049,2025-05-02 08:03:26,0,0
A04197,U00622,C00046,CAM0024,2025-02-01 13:28:52,1,0
A04198,U00563,C00248,CAM0015,2025-01-14 20:37:41,0,1
A04199,U00178,C00141,CAM0038,2026-03-12 01:03:48,0,0
A04200,U00164,C00140,CAM0059,,0,0
A04201,U00838,C00119,CAM0033,,1,0
A04202,U00990,C00020,CAM0044,2025-06-18 07:54:23,0,0
A04203,U00804,C00027,CAM0059,2026-04-03 20:24:07,0,0
A04204,U00654,C00014,CAM0044,2025-05-18 16:59:32,0,0
A04205,U00602,C00178,CAM0007,2025-11-20 07:04:18,0,0
A04206,U00870,C00180,CAM0017,2025-09-19 03:00:32,0,0
A04207,U00188,C00164,CAM0008,2025-01-15 18:03:57,1,0
A04208,U00555,C00179,CAM0057,2026-04-12 11:12:47,0,0
A04209,U00626,C00137,CAM0015,,0,0
A04210,U00056,C00192,CAM0044,2025-10-05 04:13:01,0,1
A04211,U00021,C00052,CAM0017,2025-07-18 14:11:45,0,0
A04212,U00314,C00197,CAM0004,2026-07-04 22:34:09,1,0
A04213,U00523,C00181,CAM0001,2026-01-21 18:57:04,1,0
A04214,U00922,C00070,CAM0048,2026-08-28 09:35:29,0,0
A04215,U00782,C00162,CAM0050,2026-08-12 20:13:41,1,0
A04216,U00571,C00097,CAM0054,2025-08-25 10:08:32,1,0
A04217,U00148,C00103,CAM0019,2025-11-01 02:23:29,1,0
A04218,U00487,C00043,CAM0049,2026-07-03 12:51:54,0,0
A04219,U00832,C00172,CAM0016,2025-07-31 17:24:03,0,0
A04220,U00672,C00112,CAM0010,2026-03-13 15:54:14,1,0
A04221,U00551,C00057,CAM0024,2026-01-15 17:30:10,1,0
A04222,U00714,C00017,CAM0020,2026-03-06 20:02:11,0,0
A04223,U00052,C00248,CAM0011,2026-09-06 01:15:39,1,0
A04224,U00240,C00241,CAM0041,2025-06-28 18:42:59,0,0
A04225,U00634,C00216,CAM0027,2025-03-06 06:56:01,0,0
A04226,U00010,C00034,CAM0003,2025-12-13 03:10:32,0,1
A04227,U00869,C00076,CAM0029,2025-06-10 22:40:35,1,0
A04228,U00024,C00189,CAM0035,2026-08-03 12:14:04,0,1
A04229,U00271,C00079,CAM0005,2026-07-24 00:14:26,0,1
A04230,U00043,C00197,CAM0030,2025-05-02 18:56:30,0,0
A04231,U00961,C00184,CAM0035,2026-04-09 02:51:45,1,1
A04232,U00416,C00112,CAM0011,2026-04-27 15:55:16,0,1
A04233,U00524,C00133,CAM0013,2025-09-26 15:25:34,1,0
A04234,U00283,C00163,CAM0006,2025-12-31 16:45:36,1,0
A04235,U00064,C00063,CAM0028,2025-01-13 04:11:59,0,0
A04236,U00618,C00056,CAM0002,2025-09-28 15:02:40,0,0
A04237,U00477,C00017,CAM0039,2026-02-16 15:01:51,0,0
A04238,U00953,C00150,CAM0050,2026-02-05 02:53:27,1,0
A04239,U00817,C00244,CAM0027,2025-09-04 10:22:02,0,0
A04240,U00649,C00213,CAM0034,2026-03-11 15:15:01,0,1
A04241,U00363,C00035,CAM0013,2025-08-06 10:52:39,0,0
A04242,U00314,C00011,CAM0025,2025-06-20 07:45:27,0,0
A04243,U00752,C00173,CAM0010,2026-03-14 21:11:10,1,1
A04244,U00607,C00234,CAM0006,2025-01-12 02:12:59,0,0
A04245,U00164,C00074,CAM0047,2026-06-02 19:06:56,0,0
A04246,U00291,C00076,CAM0030,2026-04-28 03:40:43,1,0
A04247,U00715,C00139,CAM0021,2026-06-24 22:27:18,0,0
A04248,U00168,C00006,CAM0034,2025-06-10 00:55:46,0,0
A04249,U00969,C00018,CAM0027,2025-06-01 15:15:38,1,1
A04250,U00016,C00226,CAM0008,2025-11-06 17:33:07,1,0
A04251,U00124,C00135,CAM0016,2026-06-07 06:38:18,1,0
A04252,U00628,C00175,CAM0044,2025-06-14 08:54:53,1,0
A04253,U00097,C00122,CAM0043,2025-11-12 22:03:43,0,1
A04254,U00223,C00003,CAM0008,2025-08-25 16:59:26,0,0
A04255,U00098,C00233,CAM0003,2026-04-27 22:59:12,1,0
A04256,U00683,C00085,CAM0027,2026-01-03 07:14:07,1,1
A04257,U00266,C00216,CAM0044,2026-04-16 07:29:27,0,1
A04258,U00634,C00100,CAM0008,2026-02-22 06:12:42,1,0
A04259,U00278,C00048,CAM0042,2025-03-19 01:18:50,0,1
A04260,U00734,C00054,CAM0014,2025-08-01 10:51:29,0,0
A04261,U00442,C00103,CAM0016,2025-06-17 19:45:18,0,0
A04262,U00614,C00054,CAM0015,2026-08-22 13:23:14,1,0
A04263,U00412,C00020,CAM0032,2026-03-24 12:08:09,1,0
A04264,U00656,C00137,CAM0038,2026-04-14 21:26:43,0,0
A04265,U00556,C00232,CAM0032,2025-08-28 08:54:42,1,0
A04266,U00206,C00031,CAM0055,2025-04-18 18:22:55,1,0
A04267,U00510,C00221,CAM0047,,0,1
A04268,U00299,C00232,CAM0049,2026-08-30 11:31:36,1,0
A04269,U00291,C00111,CAM0045,2026-08-26 04:32:34,1,0
A04270,U00983,C00209,CAM0004,2025-03-31 10:15:14,1,2
A04271,U00205,C00064,CAM0032,2025-02-08 22:47:16,1,1
A04272,U00948,C00228,CAM0055,2025-05-09 19:15:03,1,0
A04273,U00113,C00222,CAM0025,2025-07-03 10:40:50,0,0
A04274,U00480,C00119,CAM0050,2025-11-24 02:58:57,0,0
A04275,U00474,C00074,CAM0056,2026-09-15 15:57:56,0,0
A04276,U00336,C00165,CAM0007,2025-06-24 11:00:32,1,0
A04277,U00806,C00154,CAM0016,2026-05-03 09:13:27,0,0
A04278,U00992,C00213,CAM0025,2026-09-15 04:39:12,1,0
A04279,U00907,C00036,CAM0037,,1,1
A04280,U00664,C00042,CAM0020,2026-05-08 14:47:36,0,0
A04281,U00672,C00126,CAM0056,2025-01-25 10:54:35,0,0
A04282,U00627,C00044,CAM0029,2026-03-22 03:35:20,0,0
A04283,U00804,C00226,CAM0011,2026-08-01 00:51:04,1,1
A04284,U00814,C00080,CAM0057,2026-06-04 13:32:58,0,0
A04285,U00400,C00102,CAM0037,2025-01-26 09:13:17,1,1
A04286,U00246,C00214,CAM0041,2025-12-03 21:55:47,1,0
A04287,U00063,C00066,CAM0018,2026-07-21 12:27:33,1,1
A04288,U00956,C00167,CAM0040,2026-01-22 23:24:46,1,0
A04289,U00904,C00222,CAM0021,2025-12-09 14:47:59,1,0
A04290,U00418,C00125,CAM0051,2026-05-28 13:41:21,0,0
A04291,U00771,C00189,CAM0060,2025-03-12 08:53:29,0,0
A04292,U00023,C00037,CAM0020,2025-06-02 06:48:07,0,0
A04293,U00963,C99999,CAM0001,2026-04-21 21:59:42,0,0
A04294,U00715,C00228,CAM0014,2025-06-15 23:22:52,1,0
A04295,U00410,C00087,CAM0059,2026-04-21 20:47:03,1,1
A04296,U00013,C00046,CAM0036,2025-04-06 17:57:31,1,0
A04297,U00681,C00060,CAM0025,2025-09-15 13:44:26,1,1
A04298,U00474,C00179,CAM0040,2026-03-22 07:05:31,1,0
A04299,U00286,C00182,CAM0043,2026-08-31 20:57:41,1,0
A04300,U00461,C00069,CAM0051,2026-03-25 06:38:42,1,0
A04301,U00168,C00133,CAM0035,2026-08-24 06:26:55,0,0
A04302,U00770,C00242,CAM0004,2026-02-28 11:18:54,0,0
A04303,U00985,C00245,CAM0041,2026-07-15 21:21:30,1,1
A04304,U00531,C00011,CAM0043,2026-03-17 12:48:07,0,0
A04305,U00879,C00120,CAM0057,2025-05-29 20:07:05,1,0
A04306,U00552,C00117,CAM0038,2026-01-01 15:38:11,1,0
A04307,U00960,C00159,CAM0033,2026-04-25 04:38:45,1,0
A04308,U00347,C00106,CAM0038,2025-05-27 20:02:19,1,0
A04309,U00424,C00139,CAM0043,2025-10-21 10:31:10,0,0
A04310,U00649,C00010,CAM0024,2025-09-03 07:29:14,0,1
A04311,U00185,C00129,CAM0024,2026-02-13 20:30:54,0,0
A04312,U00684,C00019,CAM0059,2025-06-16 14:14:24,1,0
A04313,U00252,C00179,CAM0060,2025-11-06 09:08:55,0,1
A04314,U00683,C00052,CAM0042,2026-01-14 00:42:09,1,0
A04315,U00351,C00237,CAM0004,2025-10-30 05:57:44,0,0
A04316,U00664,C00136,CAM0004,2026-08-27 21:35:11,1,0
A04317,U00611,C00012,CAM0004,2026-08-10 14:55:53,0,0
A04318,U00505,C00051,CAM0013,2026-02-25 07:31:59,0,0
A04319,U00289,C00013,CAM0019,2026-01-18 19:06:53,1,0
A04320,U00433,C00244,CAM0008,2025-04-30 16:03:33,0,1
A04321,U00381,C00042,CAM0035,2026-04-30 23:20:41,0,0
A04322,U00234,C00219,CAM0051,2026-06-03 16:08:19,1,1
A04323,U00327,C00191,CAM0029,2025-07-18 04:55:03,1,0
A04324,U00852,C00139,CAM0011,2025-10-01 13:14:39,1,0
A04325,U00176,C00058,CAM0032,2026-09-07 15:38:33,1,0
A04326,U00032,C00067,CAM0060,2025-07-02 05:20:36,0,0
A04327,U00995,C00085,CAM0014,,0,0
A04328,U00105,C00148,CAM0018,2025-10-31 09:14:09,1,1
A04329,U00705,C00029,CAM0016,2026-04-24 18:01:35,1,0
A04330,U00250,C00174,CAM0057,2026-06-11 14:05:15,1,0
A04331,U00217,C00051,CAM0028,2025-11-02 10:17:32,1,0
A04332,U00625,C00183,CAM0016,2025-05-13 23:53:57,0,1
A04333,U00443,C00117,CAM0057,2026-05-18 19:30:55,0,0
A04334,U00436,C00044,CAM0021,2026-06-12 13:44:50,1,0
A04335,U00458,C00138,CAM0035,2025-07-20 00:59:37,0,0
A04336,U00469,C00085,CAM0036,2025-10-02 12:10:19,0,0
A04337,U00522,C00168,CAM0028,2025-02-19 16:05:17,0,0
A04338,U00688,C00120,CAM0010,2025-11-19 16:54:52,1,0
A04339,U00516,C00232,CAM0044,2026-07-25 03:58:43,1,1
A04340,U00726,C00021,CAM0021,2026-03-29 17:17:43,1,0
A04341,U00308,C99999,CAM0037,2025-04-04 05:29:42,0,0
A04342,U00085,C00001,CAM0028,2025-10-11 16:22:56,1,1
A04343,U00945,C00162,CAM0059,2025-12-08 05:46:08,0,0
A04344,U00172,C00099,CAM0022,2025-10-04 17:22:16,0,0
A04345,U00844,C00028,CAM0054,2025-04-14 12:56:46,yes,0
A04346,U00912,C00202,CAM0048,2025-10-04 05:11:38,0,0
A04347,U00947,C00194,CAM0056,2025-01-07 22:23:50,0,0
A04348,U00932,C00022,CAM0028,2026-09-06 02:18:23,1,0
A04349,U00148,C00210,CAM0014,2025-08-19 00:40:06,0,0
A04350,U00584,C00071,CAM0025,2025-09-21 19:36:57,1,0
A04351,U00923,C00160,CAM0040,2026-07-08 17:06:42,0,1
A04352,U00839,C00075,CAM0044,2026-01-30 16:15:26,1,1
A04353,U00952,C00048,CAM0018,2026-08-02 11:08:11,0,0
A04354,U00302,C00226,CAM0013,2025-09-15 13:28:12,1,0
A04355,U00246,C00065,CAM0005,2025-02-24 06:00:41,1,1
A04356,U00187,C00091,CAM0056,2026-03-22 06:29:50,1,2
A04357,U00105,C00039,CAM0051,2026-01-25 05:46:36,0,0
A04358,U00815,C00157,CAM0013,2025-01-07 02:46:46,1,0
A04359,U00218,C00071,CAM0004,2026-05-20 17:06:22,0,0
A04360,U00422,C00117,CAM0019,2026-02-13 11:08:35,0,0
A04361,U00109,C00023,CAM0020,2025-09-05 08:38:46,1,0
A04362,U00832,C99999,CAM0015,2026-04-06 03:46:21,1,0
A04363,U00366,C00165,CAM0030,2025-07-29 12:55:37,1,0
A04364,U00426,C00212,CAM0030,2026-01-26 02:14:32,0,0
A04365,U00096,C00048,CAM0017,2025-12-04 08:30:48,1,0
A04366,U00757,C00001,CAM0032,2026-07-15 07:32:52,0,0
A04367,U00601,C00193,CAM0037,2025-10-09 18:59:31,1,0
A04368,U00071,C00081,CAM0029,2025-05-14 09:09:51,0,0
A04369,U00265,C00143,CAM0036,2026-03-27 23:49:20,1,0
A04370,U00374,C00243,CAM0055,2025-10-12 09:31:48,1,0
A04371,U00993,C00031,CAM0013,2026-03-07 08:19:23,0,1
A04372,U00344,C00099,CAM0058,2026-04-05 19:55:01,0,0
A04373,U00792,C00204,CAM0046,2025-11-01 18:30:36,0,0
A04374,U00977,C00040,CAM0035,2026-05-11 12:45:02,0,0
A04375,U00137,C00196,CAM0033,2025-12-16 21:39:58,yes,1
A04376,U00795,C00085,CAM0025,2025-12-02 22:57:02,1,0
A04377,U00664,C00026,CAM0024,2026-05-06 02:07:36,1,0
A04378,U00478,C00026,CAM0055,2025-08-02 00:39:39,1,1
A04379,U00983,C00143,CAM0021,2025-03-04 19:09:54,,1
A04380,U00408,C00183,CAM0024,2025-04-04 03:00:07,1,clicked
A04381,U00027,C00220,CAM0050,2025-06-14 22:16:34,1,0
A04382,U00520,C00057,CAM0049,2025-11-03 04:59:57,1,0
A04383,U00445,C00122,CAM0057,2026-02-14 12:52:42,1,0
A04384,U00602,C00193,CAM0027,2025-07-23 04:17:50,0,0
A04385,U00831,C00061,CAM0024,2026-05-28 04:32:04,0,1
A04386,U00704,C00002,CAM0002,2026-05-17 07:08:03,1,0
A04387,U00089,C00154,CAM0010,2026-04-17 13:17:47,0,0
A04388,U00979,C00250,CAM0019,2025-09-04 09:40:06,0,1
A04389,U00391,C00047,CAM0019,2026-02-17 20:17:46,1,0
A04390,U00270,C00148,CAM0050,2026-06-14 11:14:01,0,0
A04391,U00601,C00174,CAM0059,2025-09-23 07:32:17,0,1
A04392,U00494,C00070,CAM0016,2025-08-10 16:31:27,0,0
A04393,U00082,C00157,CAM0032,2026-09-17 08:56:43,0,0
A04394,U00019,C00107,CAM0059,2025-06-21 03:17:07,1,0
A04395,U00174,C00058,CAM0020,2026-02-02 21:23:43,1,0
A04396,U00272,C00240,CAM0006,2025-10-12 01:41:08,0,0
A04397,U00215,C00143,CAM0048,2025-11-24 03:37:53,1,0
A04398,U00098,C00165,CAM0029,2025-03-30 11:32:54,1,0
A04399,U00528,C00091,CAM0048,2026-04-26 05:31:12,0,1
A04400,U00069,C00063,CAM0036,2025-07-14 05:37:25,1,1
A04401,U00534,C00072,CAM0024,2026-03-07 19:42:10,1,0
A04402,U00441,C00209,CAM0056,2025-05-05 03:50:23,1,0
A04403,U00797,C00057,CAM0051,2026-08-28 18:06:43,0,0
A04404,U00711,C00011,CAM0042,2026-07-09 13:49:10,1,0
A04405,U00579,C00191,CAM0035,2025-02-22 12:39:35,,0
A04406,U00865,C00215,CAM0010,2025-06-15 19:29:25,1,1
A04407,U00225,C00242,CAM0038,2025-12-25 19:43:40,1,0
A04408,U00028,C00135,CAM0027,2026-07-15 16:10:08,,1
A04409,U00537,C00009,CAM0019,2026-03-22 04:50:37,0,0
A04410,U00214,C00042,CAM0048,2026-07-24 05:32:27,1,0
A04411,U00106,C00046,CAM0051,2026-06-04 04:57:33,1,0
A04412,U00798,C00171,CAM0049,2025-12-30 16:46:53,1,1
A04413,U00612,C00136,CAM0014,2026-06-05 13:05:27,1,1
A04414,U00681,C00031,CAM0060,2025-07-05 21:39:39,0,0
A04415,U00877,C00171,CAM0004,2026-02-09 05:12:58,1,0
A04416,U00157,C00071,CAM0003,2025-04-04 03:42:13,0,0
A04417,U00494,C00050,CAM0006,2025-10-13 18:29:37,1,0
A04418,U00090,C00216,CAM0009,2025-10-05 14:27:52,1,0
A04419,U00416,C00083,CAM0058,2025-12-26 12:50:59,0,0
A04420,U00689,C00239,CAM0060,2025-07-21 19:15:39,2,0
A04421,U00154,C00015,CAM0038,2026-02-14 19:51:28,0,0
A04422,U00529,C00030,CAM0036,2025-10-17 04:04:34,1,0
A04423,U00667,C00094,CAM0044,2025-01-09 20:34:16,0,0
A04424,U00095,C00242,CAM0028,2026-01-26 01:02:17,1,0
A04425,U00326,C00036,CAM0050,2026-03-21 07:04:50,0,0
A04426,U00262,C00032,CAM0002,2025-12-18 23:49:23,0,1
A04427,U99999,C00039,CAM0004,2026-02-15 09:26:36,0,0
A04428,U00365,C00115,CAM0017,2025-10-30 11:28:23,1,2
A04429,U00655,C00065,CAM0034,2025-01-31 16:15:09,1,0
A04430,U00890,C00168,CAM0052,2025-07-24 09:59:12,1,1
A04431,U00526,C00011,CAM0011,2025-07-05 01:39:37,1,0
A04432,U00501,C00006,CAM0012,2025-11-16 07:13:36,1,0
A04433,U00780,C00169,CAM0028,2025-02-02 03:50:16,0,0
A04434,U00850,C00061,CAM0034,2025-04-01 11:53:50,1,0
A04435,U00635,C00004,CAM0056,2026-04-14 13:09:23,1,0
A04436,U00472,C00162,CAM0034,2025-04-23 06:00:49,1,0
A04437,U00304,C00147,CAM0019,2025-08-08 06:18:40,0,0
A04438,U00121,C00102,CAM0049,2026-07-03 17:51:03,1,1
A04439,U00257,C00161,CAM0055,2026-04-05 21:03:29,1,1
A04440,U00974,C00172,CAM0003,2026-04-11 17:14:56,1,0
A04441,U00590,C00098,CAM0021,2025-07-21 14:53:43,,0
A04442,U00057,C00217,,2026-05-21 10:26:43,0,1
A04443,U00249,C00095,CAM0003,2025-03-13 13:55:01,1,0
A04444,U00284,C00136,CAM0019,2025-04-19 12:31:00,0,0
A04445,U00576,C00150,CAM0032,2026-02-12 22:51:07,0,0
A04446,U00629,C00001,CAM0038,2025-01-22 08:03:06,1,0
A04447,U00462,C00009,CAM0009,2026-04-12 21:00:06,0,0
A04448,U00746,C00187,CAM0033,2025-01-30 10:28:50,0,0
A04449,U00837,C00063,CAM0055,2025-04-14 14:50:17,1,0
A04450,U00624,C00030,CAM0006,2026-03-17 21:13:17,0,0
A04451,U00524,C00142,CAM0013,2025-12-26 20:28:45,1,0
A04452,U00830,C00225,CAM0023,2025-11-26 19:55:02,1,0
A04453,U00640,C00226,CAM0019,2026-04-15 19:54:59,1,0
A04454,U00417,C00141,CAM0012,2025-03-03 22:50:42,0,1
A04455,U00624,C00014,CAM0035,2026-02-25 19:57:50,1,0
A04456,U00204,C00140,CAM0032,2025-09-05 20:46:41,0,0
A04457,U00861,C00147,CAM0025,2025-10-20 23:14:57,0,0
A04458,U00696,C00081,CAM0020,2025-10-28 19:48:08,1,0
A04459,U00822,C00057,CAM0050,2026-02-24 12:17:11,0,1
A04460,U00510,C00153,CAM0009,2026-07-27 12:30:01,1,1
A04461,U00295,C00010,CAM0049,2025-09-12 11:07:05,1,0
A04462,U00938,C00118,CAM0025,2026-09-13 22:06:02,0,0
A04463,U00573,C00139,CAM0024,2025-10-13 12:33:07,0,0
A04464,U00042,C00033,CAM0057,2026-08-31 05:51:43,1,1
A04465,U00067,C00075,CAM0005,2025-04-24 17:08:20,0,0
A04466,U00974,C00144,CAM0001,2025-07-17 22:09:19,1,0
A04467,U00757,C00030,CAM0008,2025-01-03 06:59:57,1,0
A04468,U00597,C00101,CAM0052,2026-01-14 04:57:31,0,1
A04469,U00548,C00067,CAM0005,2026-09-08 03:47:04,1,1
A04470,U00474,C00201,CAM0044,2026-08-22 05:03:18,1,0
A04471,U00179,C00186,CAM0007,2025-10-28 19:17:21,0,0
A04472,U00600,C00035,CAM0027,2025-10-02 18:31:58,1,0
A04473,U00780,C00225,CAM0057,2025-07-16 02:46:02,1,0
A04474,U00697,C00049,CAM0033,2025-02-11 13:24:01,1,1
A04475,U00846,C00073,CAM0017,2025-05-21 11:04:03,0,0
A04476,U00612,C00086,CAM0053,2025-02-04 19:40:53,1,1
A04477,U00620,C00067,CAM0053,2026-07-05 20:21:48,1,1
A04478,U00289,C00079,CAM0042,2025-03-18 08:55:50,1,0
A04479,U00715,C00214,CAM0032,2026-04-25 17:57:34,1,0
A04480,U00201,C00037,CAM0028,2025-10-28 00:43:15,0,0
A04481,U00799,C00045,CAM0051,2026-03-08 21:17:14,1,0
A04482,U00440,C00155,CAM0045,2025-08-13 20:21:42,1,
A04483,U00170,C00167,CAM0041,2025-07-20 02:02:10,1,1
A04484,U00243,C00085,CAM0032,2026-02-06 14:25:41,1,1
A04485,U00066,C00027,CAM0049,2025-06-04 08:12:52,1,0
A04486,U00893,C00023,CAM0046,2025-05-27 18:38:14,0,0
A04487,U00619,C00172,CAM0040,2026-08-29 21:01:01,0,0
A04488,U00025,C00053,CAM0048,2026-08-07 00:20:29,1,0
A04489,U00027,C00244,CAM0039,2025-10-11 08:25:45,1,0
A04490,U00356,C00208,CAM0002,2025-10-01 01:06:22,1,0
A04491,U00650,C00037,CAM0008,2025-07-22 18:11:32,1,0
A04492,U00852,C00035,CAM0060,2025-02-18 19:35:37,0,1
A04493,U00679,C00205,CAM0028,2025-08-05 17:57:41,1,1
A04494,U00440,C00060,CAM0029,2025-11-04 09:02:26,0,1
A04495,U00400,C00198,CAM0050,2025-01-13 21:15:54,1,0
A04496,U00137,C00016,CAM0045,2025-04-14 09:26:13,0,0
A04497,U00667,C00222,CAM0023,2026-09-02 22:17:43,1,0
A04498,U00641,C00060,CAM0036,2025-08-02 16:43:56,0,1
A04499,U00728,C00074,CAM0037,2025-12-15 07:37:45,1,1
A04500,U00650,C99999,CAM0002,2025-03-30 20:25:09,0,1
A04501,U99999,C00134,CAM0008,2025-06-28 01:52:14,0,0
A04502,U00983,C00242,CAM0058,2026-09-07 04:23:39,0,0
A04503,U00335,C00100,CAM0044,2025-03-08 01:55:36,1,0
A04504,U00747,C00232,CAM0057,2026-04-13 16:47:43,0,
A04505,U00955,C00103,CAM0008,2025-04-05 03:03:48,1,1
A04506,U00498,C00201,CAM0017,2025-12-15 01:10:07,1,0
A04507,U00073,C00057,CAM0041,2025-06-16 12:24:30,1,0
A04508,U00106,C00124,CAM0051,2025-02-05 14:53:31,0,1
A04509,U00138,C00145,CAM0047,2026-07-29 14:15:31,0,0
A04510,U00750,C00090,CAM0037,2026-01-03 08:12:13,0,0
A04511,U00796,C00176,CAM0033,2026-08-09 14:01:40,1,1
A04512,U00067,C00121,CAM0042,2026-01-23 09:14:54,1,0
A04513,U00189,C00208,CAM0060,2025-07-28 03:48:02,0,0
A04514,U00145,C00010,CAM0054,2025-11-07 12:35:31,0,0
A04515,U00348,C00234,CAM0039,2026-02-06 08:40:48,0,0
A04516,U00465,C00188,CAM0051,2025-12-29 08:29:10,1,0
A04517,U00979,C00186,CAM0010,2025-05-30 13:31:21,1,1
A04518,U00366,C00232,CAM0057,2025-09-27 15:31:56,0,0
A04519,U00951,C00200,CAM0008,2026-03-16 02:07:46,0,1
A04520,U00659,C00085,CAM0050,2026-06-23 17:04:30,1,0
A04521,U00836,C00001,CAM0027,2026-01-12 09:29:47,1,0
A04522,U00531,C00242,CAM0049,2026-02-17 07:28:49,0,0
A04523,U00390,C00038,CAM0021,2026-06-23 08:39:11,0,0
A04524,U00116,C00150,CAM0050,2025-02-25 16:43:58,0,0
A04525,U00784,C00103,CAM0033,2026-03-10 11:53:44,0,0
A04526,U00791,C00129,CAM0008,2025-05-17 13:24:33,1,0
A04527,U99999,C00044,CAM0024,2025-02-08 17:59:10,1,0
A04528,U00308,C00076,CAM0009,2025-11-26 16:30:04,0,0
A04529,U00280,C00127,CAM0006,2026-07-13 19:36:40,1,0
A04530,U00521,C00012,CAM0017,2026-03-30 01:15:50,1,1
A04531,U00602,C00094,CAM0013,2025-08-19 19:25:54,2,0
A04532,U00056,C00097,CAM0026,2025-11-25 03:49:46,1,0
A04533,U00284,C00087,CAM0050,2025-04-28 07:04:50,0,1
A04534,U00737,C00187,CAM0037,2025-04-15 14:00:13,0,0
A04535,U00784,C00043,CAM0003,2025-10-16 16:22:51,0,0
A04536,U00362,C00216,CAM0051,2026-02-21 03:00:22,0,0
A04537,U00572,C00198,CAM0040,2025-07-23 15:32:27,1,0
A04538,U00920,C00008,CAM0051,2025-09-17 23:10:40,0,1
A04539,U00846,C00137,CAM0040,2025-08-29 17:41:44,0,1
A04540,U00433,C00130,CAM0008,2026-04-15 16:30:49,1,0
A04541,U00711,C00134,CAM0052,2026-08-19 16:15:02,1,0
A04542,U00680,C00111,CAM0028,2025-08-31 19:15:31,0,-1
A04543,U00165,C00239,CAM0016,2026-02-10 18:46:28,1,1
A04544,U00732,C00026,CAM0056,2025-05-07 13:51:19,0,0
A04545,U00165,C00171,CAM0032,2025-01-05 08:40:44,0,0
A04546,U00585,C00036,CAM0042,2026-05-11 17:22:59,0,0
A04547,U00456,C00061,CAM0032,2026-05-26 04:36:13,0,0
A04548,U00926,C00048,CAM0024,2026-08-16 20:30:42,0,0
A04549,U00851,C00213,CAM0039,2025-05-15 11:44:04,0,1
A04550,U00676,C00244,CAM0007,2026-03-23 09:51:17,1,1
A04551,U00860,C00222,CAM0042,2026-07-16 15:00:50,0,0
A04552,U00123,C00004,CAM0021,2026-09-04 12:40:45,0,1
A04553,U00121,C00197,CAM0034,2025-01-27 23:06:58,0,0
A04554,U00896,C00081,CAM0056,2025-07-12 10:22:54,0,1
A04555,U00910,C00174,CAM0057,2026-01-19 03:12:59,1,0
A04556,U00079,C00040,CAM0034,2025-08-03 03:52:42,1,0
A04557,U00252,C00057,CAM0006,2025-10-11 14:08:09,0,0
A04558,U00415,C99999,CAM0017,2026-06-18 08:38:13,1,0
A04559,U00861,C00087,CAM0048,2025-01-09 17:54:25,1,0
A04560,U00192,C99999,CAM0005,2026-01-06 14:02:30,1,0
A04561,U00029,C00013,CAM0023,2026-01-02 07:34:04,1,0
A04562,U00824,C00086,CAM0032,2025-10-13 14:33:35,0,1
A04563,U00958,C00073,CAM0039,2026-06-13 10:24:28,0,1
A04564,U00839,C00104,CAM0057,2026-08-07 09:06:15,0,0
A04565,U00873,C00111,CAM0042,2025-06-27 20:18:38,0,0
A04566,U00944,C00124,CAM0052,2026-06-13 04:30:56,0,0
A04567,U00573,C00219,CAM0011,2026-08-13 19:58:57,1,0
A04568,U00253,C00186,CAM0053,2025-09-18 16:53:58,0,0
A04569,U00119,C00235,CAM0034,2025-03-25 23:24:23,0,1
A04570,U00778,C00215,CAM0019,2025-04-16 16:35:43,1,0
A04571,U00179,C00021,CAM0053,2025-07-25 02:50:09,1,0
A04572,U00593,C00059,CAM0047,2025-09-12 04:17:34,1,0
A04573,U00119,C00002,CAM0040,2026-01-21 00:48:51,1,1
A04574,U00747,C00240,CAM0050,2026-01-14 14:26:32,1,1
A04575,U00588,C00102,CAM0052,2025-01-17 05:03:39,1,0
A04576,U00626,C00151,CAM0040,2026-07-31 19:01:51,0,0
A04577,U00275,C00180,CAM0011,2025-12-18 11:02:36,1,0
A04578,U00617,C00055,CAM0006,2025-12-27 18:02:37,1,0
A04579,U00502,C00115,CAM0009,2026-09-05 10:23:35,0,0
A04580,U00685,C00160,CAM0047,2026-09-15 02:46:07,1,1
A04581,U00595,C00076,CAM0007,2025-11-27 06:13:30,0,0
A04582,U00256,C00029,CAM0023,,0,0
A04583,U00867,C00120,CAM0013,2025-03-23 20:43:03,1,0
A04584,U00032,C00092,CAM0039,2025-11-04 22:53:51,0,1
A04585,U00020,C00228,CAM0024,2025-01-21 15:39:34,1,0
A04586,U00253,C00086,CAM0006,2026-08-17 00:33:39,0,1
A04587,U00043,C00075,CAM0043,2026-08-15 19:23:07,0,0
A04588,U00574,C00028,CAM0037,2026-08-09 19:58:52,0,0
A04589,U00672,C00037,CAM0035,2026-08-09 19:10:08,0,0
A04590,U00844,C00235,CAM0036,2026-05-07 23:08:50,0,0
A04591,U00415,C00081,CAM0023,2025-10-27 03:04:08,1,0
A04592,U00281,C00082,CAM0050,2026-02-16 09:02:14,0,1
A04593,U00164,C00223,CAM0016,2026-03-15 03:18:03,1,0
A04594,U00780,C00038,CAM0019,2025-05-10 11:52:43,0,0
A04595,U00448,C00026,CAM0026,2025-12-07 05:35:26,0,0
A04596,U99999,C00197,CAM0027,2025-02-03 22:37:31,1,0
A04597,U00534,C00197,CAM0054,2026-03-31 09:12:41,1,0
A04598,U00325,C00043,CAM0019,2026-04-22 22:53:10,0,0
A04599,U00882,C00075,CAM0047,2026-08-25 16:09:12,0,0
A04600,U00165,C00053,CAM0029,2025-03-12 23:35:58,1,0
A04601,U00377,C00245,CAM0055,2025-12-27 09:40:22,1,0
A04602,U00623,C00179,CAM0020,2026-07-22 14:57:31,1,0
A04603,U00619,C00206,CAM0009,2026-03-01 19:17:32,0,0
A04604,U00713,C00161,CAM0048,2025-03-22 07:46:11,1,0
A04605,U00484,C00208,CAM0016,2025-10-24 08:24:23,1,0
A04606,U00091,C00147,CAM0016,2025-06-02 07:13:25,1,1
A04607,U00348,C00037,CAM0043,,0,0
A04608,U00873,C00070,CAM0026,2025-03-10 02:55:12,0,0
A04609,U00368,C00162,CAM0020,2025-07-02 01:19:18,0,0
A04610,U00897,C00223,CAM0009,2025-05-02 19:03:53,1,0
A04611,U00434,C00195,CAM0045,2026-09-07 00:51:33,0,0
A04612,U00105,C00016,CAM0008,2025-08-16 02:27:41,1,0
A04613,U00496,C00143,CAM0016,2025-11-29 10:25:07,1,0
A04614,U00473,C00067,CAM0033,2026-08-16 18:37:45,0,1
A04615,U00137,C00056,CAM0010,2026-09-12 22:40:03,1,0
A04616,U00572,C00190,CAM0033,2026-04-23 12:44:33,0,1
A04617,U00203,C00091,CAM0050,2026-04-11 20:11:01,0,0
A04618,U00827,C00068,CAM0029,2025-01-05 11:15:09,1,0
A04619,U00100,C00164,CAM0010,2025-07-19 15:11:13,0,0
A04620,U00654,C00019,CAM0019,2025-02-13 04:54:45,0,0
A04621,U00814,C00151,CAM0046,2026-09-05 08:17:14,0,0
A04622,U00271,C00024,CAM0055,2025-12-07 03:26:29,0,0
A04623,U00726,C00021,CAM0039,2025-03-12 20:52:15,1,0
A04624,U00056,C00043,CAM0057,2025-04-29 12:14:36,1,0
A04625,U00425,C00065,CAM0012,2025-01-09 09:36:11,1,1
A04626,U00200,C00054,CAM0043,2025-05-13 15:28:23,0,0
A04627,U00736,C00048,CAM0028,2026-02-03 09:50:42,0,1
A04628,U00894,C00015,CAM0002,2025-12-24 22:45:38,0,0
A04629,U00580,C00086,CAM0013,2026-02-21 18:01:11,0,0
A04630,U00120,C00242,CAM0016,2025-11-26 20:35:11,2,0
A04631,U00848,C00199,CAM0049,2026-06-14 22:44:57,1,0
A04632,U00883,C00236,CAM0048,2025-11-09 17:21:29,1,1
A04633,U00844,C00091,CAM0025,,1,0
A04634,U00199,C00157,CAM0027,2025-02-26 00:19:06,0,0
A04635,U00492,C00247,CAM0026,2026-08-16 02:38:09,1,1
A04636,U00232,C99999,CAM0003,2026-05-04 07:19:40,0,1
A04637,U00104,C00205,CAM0044,2026-02-12 19:05:11,1,0
A04638,U00411,C00025,CAM0018,2026-07-23 10:40:11,1,0
A04639,U00446,C00197,CAM0055,2025-01-26 05:56:12,0,0
A04640,U00994,C00244,CAM0060,2025-02-23 06:36:58,1,1
A04641,U00853,C00082,CAM0001,,0,0
A04642,U00769,C00244,CAM0059,2025-12-17 16:41:06,1,clicked
A04643,U00416,C00205,CAM0048,2025-03-12 12:53:35,1,1
A04644,U00854,C00140,CAM0018,2026-04-22 15:37:14,0,0
A04645,U00114,C00166,CAM0019,2025-12-11 03:12:16,1,0
A04646,U00780,C00104,CAM0015,2026-09-01 07:35:41,0,0
A04647,U00560,C00230,CAM0060,2025-11-24 09:51:05,0,0
A04648,U00074,C00135,CAM0060,2026-03-05 23:24:32,1,0
A04649,U00341,C00217,CAM0045,2026-06-13 19:50:14,0,0
A04650,U00375,C00203,CAM0010,2026-03-13 13:02:25,1,0
A04651,U00116,C00039,CAM0050,2026-03-15 21:12:43,1,0
A04652,U00236,C00031,CAM0015,2026-07-24 21:30:27,0,0
A04653,U00383,C00046,CAM0050,2026-04-06 11:02:49,1,1
A04654,U00177,C00164,CAM0054,2025-06-04 10:43:10,0,0
A04655,U00772,C00222,CAM0025,2025-12-13 05:44:26,0,0
A04656,U00333,C00044,CAM0054,2025-08-12 10:29:34,1,0
A04657,U00897,C00231,CAM0014,2025-07-06 01:36:46,0,0
A04658,U00213,C00048,CAM0029,2026-01-11 07:37:18,0,0
A04659,U00143,C00031,CAM0029,2025-12-04 14:04:42,1,1
A04660,U00053,C00222,CAM0049,2026-04-14 06:44:55,1,0
A04661,U00170,C00212,CAM0060,2025-04-19 12:37:44,0,0
A04662,U00587,C00183,CAM0031,2026-08-20 11:54:12,1,0
A04663,U00321,C00078,CAM0011,2026-06-30 11:39:41,1,0
A04664,U00004,C00089,CAM0034,2025-03-27 15:40:04,1,0
A04665,U00738,C00162,CAM0054,2026-09-17 15:42:14,0,0
A04666,U00653,C00134,CAM0052,2025-06-27 10:53:28,0,0
A04667,U00365,C00147,CAM0021,2025-12-23 02:25:53,0,1
A04668,U00458,C00205,CAM0028,2026-06-02 00:44:55,1,1
A04669,U00413,C00245,CAM0003,2025-09-22 22:55:22,0,0
A04670,U00661,C00116,CAM0037,2026-01-20 00:11:01,0,0
A04671,U00260,C00204,CAM0054,2025-11-30 01:19:51,0,0
A04672,U99999,C00248,CAM0043,2025-09-26 02:53:46,0,0
A04673,U00074,C00016,CAM0040,2026-03-09 03:15:45,1,0
A04674,U00397,C00083,CAM0053,2026-01-09 07:30:50,1,0
A04675,U00119,C00128,CAM0035,2025-04-19 16:14:41,0,1
A04676,U00519,C00242,CAM0035,2026-07-11 12:42:13,1,0
A04677,U00363,C00089,CAM0041,2025-03-20 11:43:14,1,0
A04678,U00828,C00113,CAM0043,2026-08-13 08:59:33,0,1
A04679,U00662,C00157,CAM0008,2026-08-18 19:16:12,1,0
A04680,U00889,C00196,CAM0013,2025-04-01 04:20:18,1,0
A04681,U00272,C00032,CAM0022,2025-07-11 09:54:33,1,0
A04682,U99999,C00133,CAM0007,2025-05-26 21:33:22,1,0
A04683,U00186,C00110,CAM0059,2026-09-04 02:35:20,0,0
A04684,U00982,C00213,CAM0002,2025-09-21 22:34:28,0,0
A04685,U00627,C00062,CAM0056,2025-09-25 19:36:23,1,0
A04686,U00901,C00247,CAM0019,2025-02-20 17:40:18,0,0
A04687,U00953,C00106,CAM0057,2026-04-05 16:01:09,1,0
A04688,U00912,C00122,CAM0048,2025-02-20 05:56:13,1,0
A04689,U00808,C00096,CAM0049,2026-01-26 02:25:20,0,0
A04690,U00428,C00090,CAM0030,2025-04-12 21:25:48,0,0
A04691,U00566,C00115,CAM0052,2025-04-26 04:01:33,1,0
A04692,U00844,C00085,CAM0040,2025-12-29 21:04:00,0,0
A04693,U00384,C00098,CAM0023,2025-03-27 00:17:51,0,1
A04694,U00869,C00154,CAM0039,2026-01-25 04:57:57,1,0
A04695,U00505,C00208,CAM0032,2026-05-17 03:36:05,1,0
A04696,U00233,C00029,CAM0044,2025-01-24 12:50:39,1,0
A04697,U00917,C00189,CAM0016,2025-05-19 17:14:10,1,0
A04698,U00520,C00173,CAM0024,2026-02-10 09:02:56,0,0
A04699,U00685,C00036,CAM0025,2026-09-19 16:51:36,1,0
A04700,U00442,C00151,CAM0027,2025-10-29 06:39:22,0,0
A04701,U00772,C00152,CAM0053,2025-08-02 23:50:48,1,0
A04702,U00386,C00160,CAM0012,2025-09-11 17:08:10,1,1
A04703,U00581,C00033,CAM0017,2025-11-17 15:11:04,1,0
A04704,U00061,C00054,CAM0049,2025-09-15 16:10:28,0,1
A04705,U00144,C00019,CAM0058,2025-05-13 12:22:08,0,0
A04706,U00013,C00122,CAM0036,2025-08-27 02:10:57,1,0
A04707,U00483,C00029,CAM0004,2025-01-22 21:37:00,0,0
A04708,U00805,C00206,,2025-06-27 10:12:40,0,0
A04709,U00059,C00215,CAM0054,2025-07-22 08:39:31,0,0
A04710,U00415,C00052,CAM0051,2025-12-15 14:24:28,1,0
A04711,U00073,C00087,CAM0033,2025-11-19 20:25:08,0,0
A04712,U00901,C00093,CAM0006,2025-07-05 15:13:04,0,0
A04713,U00122,C00225,CAM0006,2025-07-09 22:57:49,1,0
A04714,U00572,C00175,CAM0016,2025-08-10 08:00:47,0,0
A04715,U00524,C00244,CAM0025,2026-07-31 17:46:30,0,1
A04716,U00063,C00225,CAM0057,2025-03-24 11:00:55,0,1
A04717,U00510,C00187,CAM0041,2026-01-14 01:17:35,0,1
A04718,U00617,C00069,CAM0005,2025-08-03 19:23:17,0,0
A04719,U00266,C00137,CAM0035,2025-07-07 09:57:19,0,0
A04720,U00281,C00175,CAM0028,2026-02-18 14:33:10,0,0
A04721,U00275,C00220,CAM0002,2025-03-05 06:25:21,0,1
A04722,U00628,C00072,CAM0039,2026-01-31 21:34:59,0,0
A04723,U00653,C00106,CAM0023,2026-04-27 06:29:53,1,0
A04724,U00259,C00197,CAM0031,2026-03-19 00:38:18,1,1
A04725,U00396,C00223,CAM0021,2025-02-25 14:55:22,0,1
A04726,U00053,C00025,CAM0014,2025-03-15 05:23:02,0,0
A04727,U00093,C00008,CAM0032,2026-05-05 00:35:38,0,0
A04728,U00991,C00044,CAM0019,2025-12-25 00:00:36,0,1
A04729,U00709,C00030,CAM0051,2025-04-24 23:31:45,0,0
A04730,U00412,C00203,CAM0015,2026-08-27 12:32:15,1,0
A04731,U00088,C00144,CAM0019,2026-03-16 03:19:52,1,0
A04732,U00323,C00002,CAM0010,2026-02-19 09:03:21,1,0
A04733,U00105,C00067,CAM0028,2026-02-12 21:45:23,1,1
A04734,U00889,C00056,CAM0023,2025-06-07 22:06:34,1,1
A04735,U00703,C00098,CAM0028,2026-07-18 02:29:09,1,0
A04736,U00455,C00161,CAM0003,2025-05-22 02:51:14,1,1
A04737,U00790,C00228,CAM0023,2026-07-31 20:09:09,0,0
A04738,U00021,C00116,CAM0045,2025-05-10 09:03:10,1,0
A04739,U00324,C00028,CAM0049,2026-07-08 03:17:17,1,1
A04740,U00772,C00002,CAM0007,2025-01-21 07:40:28,0,1
A04741,U00480,C00086,CAM0060,2025-11-22 05:18:28,1,1
A04742,U00684,C00160,CAM0046,2025-09-06 14:03:24,2,1
A04743,U00492,C00179,CAM0053,2025-06-12 11:15:12,yes,0
A04744,U00764,C00045,CAM0007,2026-03-27 00:39:41,yes,1
A04745,U00411,C00208,CAM0018,2026-08-07 09:21:56,1,0
A04746,U00479,C00023,CAM0039,2026-08-11 21:43:54,0,1
A04747,U00287,C00086,CAM0030,2026-07-09 10:13:41,0,0
A04748,U00938,C00040,CAM0018,2025-11-05 02:49:01,0,0
A04749,U00679,C00219,CAM0046,2025-10-24 11:47:38,1,0
A04750,U00369,C00019,CAM0005,2026-05-05 08:30:43,1,1
A04751,U00154,C00082,CAM0043,2026-09-07 17:27:15,1,1
A04752,U00825,C00124,CAM0047,2025-10-27 06:38:50,0,0
A04753,U00444,C00172,CAM0060,2026-02-03 14:57:31,1,0
A04754,U00075,C00073,CAM0045,2026-07-01 00:23:19,0,0
A04755,U00033,C00047,CAM0015,2026-09-17 16:27:00,1,1
A04756,U00489,C00055,CAM0028,2025-01-23 08:37:05,1,0
A04757,U00456,C00018,CAM0015,2025-10-29 20:48:56,1,0
A04758,U00346,C00156,CAM0060,2026-08-03 20:50:46,0,0
A04759,U00435,C00066,CAM0052,2026-03-16 15:21:09,1,0
A04760,U00083,C00033,CAM0020,2025-11-09 18:32:57,0,0
A04761,U00765,C00229,CAM0022,2025-09-27 05:25:28,1,-1
A04762,U00611,C00048,CAM0059,2026-09-12 18:34:57,0,0
A04763,U00534,C00206,CAM0015,2025-03-29 13:06:20,1,0
A04764,U00873,C00096,CAM0025,2025-01-29 21:01:44,0,0
A04765,U00100,C00188,CAM0036,2025-06-18 08:17:16,1,0
A04766,U00249,C00159,CAM0007,2026-01-25 18:11:15,1,1
A04767,U00023,C00229,CAM0028,2025-02-22 22:01:20,1,0
A04768,U00283,C00135,CAM0024,2025-08-27 19:51:21,1,0
A04769,U00878,C00054,CAM0038,2025-01-31 16:50:30,0,0
A04770,U00756,C00209,CAM0004,2026-01-28 10:41:50,0,0
A04771,U00059,C00188,CAM0038,2025-11-20 23:08:53,1,1
A04772,U00386,C00071,CAM0012,2025-08-26 04:48:16,1,0
A04773,U00556,C00044,CAM0055,2026-01-06 00:59:06,1,0
A04774,U00706,C00239,CAM0014,2025-02-02 20:02:02,1,0
A04775,U00309,C00162,CAM0006,2025-12-14 17:23:32,1,1
A04776,U00650,C00028,CAM0049,2025-10-11 21:29:13,1,0
A04777,U00601,C00152,CAM0050,2026-09-08 05:06:32,1,0
A04778,U00471,C00043,CAM0059,2025-06-18 18:30:24,1,1
A04779,U00085,C00185,CAM0005,2025-12-24 05:05:24,1,0
A04780,U00279,C00127,CAM0001,2025-05-11 10:13:20,1,0
A04781,U00658,C00198,CAM0004,2025-07-17 20:27:37,1,0
A04782,U00101,C00027,CAM0029,2025-05-11 18:39:01,1,1
A04783,U00697,C00184,CAM0051,2026-09-06 23:02:51,0,0
A04784,U00681,C00107,CAM0023,2025-07-06 05:59:53,1,1
A04785,U00084,C00216,CAM0040,2026-05-13 20:15:25,0,0
A04786,U00865,C00009,CAM0001,2025-03-12 22:54:25,0,0
A04787,U00159,C00149,CAM0033,2026-03-31 18:15:57,-1,0
A04788,U00732,C00079,CAM0052,2026-02-12 22:30:50,0,1
A04789,U00180,C00104,CAM0031,2026-06-20 13:02:44,0,0
A04790,U00683,C00037,CAM0057,2026-03-21 11:37:06,0,0
A04791,U00044,C00065,CAM0030,2025-05-09 04:15:14,0,0
A04792,U00481,C00065,CAM0024,2026-05-08 02:20:33,1,0
A04793,U00149,C00189,CAM0027,2026-09-10 17:00:30,1,0
A04794,U00318,C00009,CAM0026,2025-04-27 04:12:22,0,1
A04795,U00644,C00052,CAM0005,2025-12-10 03:51:28,-1,0
A04796,U00566,C00154,CAM0056,2025-12-16 17:55:30,0,0
A04797,U00256,C00154,CAM0028,2025-11-17 04:15:58,0,0
A04798,U00980,C00148,CAM0054,2026-02-04 04:06:42,1,1
A04799,U00550,C00001,CAM0044,2025-01-16 10:09:54,0,0
A04800,U00802,C00234,CAM0016,2025-06-06 10:34:05,0,0
A04801,U00298,C00199,CAM0040,2025-01-11 23:42:59,0,0
A04802,U00493,C00087,CAM0006,2025-02-16 01:22:04,0,0
A04803,U00904,C00156,CAM0059,2025-02-09 23:52:24,0,0
A04804,U00314,C00197,CAM0002,2025-09-04 04:08:53,1,0
A04805,U00419,C00145,CAM0043,2025-09-12 09:57:36,1,0
A04806,U00584,C00126,CAM0021,2025-06-09 08:40:44,1,0
A04807,U00936,C00116,CAM0027,2026-04-12 11:39:02,0,0
A04808,U00095,C00087,CAM0034,2025-10-26 07:51:27,0,0
A04809,U00592,C00095,CAM0054,2026-03-20 21:55:53,0,0
A04810,U00350,C00128,CAM0050,2026-06-19 17:23:05,0,1
A04811,U00185,C00170,CAM0011,2025-07-27 12:31:00,0,0
A04812,U00875,C00148,CAM0057,2026-06-18 17:10:01,0,0
A04813,U00913,C00048,CAM0050,2026-07-30 18:14:40,1,0
A04814,U00907,C00126,CAM0027,2025-09-07 16:46:02,0,0
A04815,U00757,C00077,CAM0003,2025-05-05 20:51:36,0,0
A04816,U00753,C00128,CAM0042,2026-08-12 03:17:31,0,0
A04817,U00647,C00007,CAM0025,2026-06-04 07:18:36,1,0
A04818,U00387,C00124,CAM0032,2025-11-10 21:18:01,1,1
A04819,U00246,C00148,CAM0058,2026-09-08 05:01:08,0,1
A04820,U00785,C00019,CAM0002,2025-08-13 16:28:19,0,0
A04821,U00729,C00220,CAM0005,2025-01-27 02:49:23,1,0
A04822,U00518,C00103,CAM0045,2025-07-15 07:16:32,1,0
A04823,U00206,C00022,CAM0031,2026-07-07 15:04:47,1,0
A04824,U00763,C00226,CAM0044,2025-03-18 11:51:59,1,1
A04825,U00749,C00216,CAM0041,2026-02-07 14:38:50,0,0
A04826,U00896,C00066,CAM0035,2025-03-20 07:19:51,1,1
A04827,U00286,C00034,CAM0026,2025-08-18 11:48:39,0,1
A04828,U00628,C00070,CAM0060,2025-10-02 21:13:50,0,0
A04829,U00117,C00172,CAM0005,2025-10-23 11:05:31,0,0
A04830,U00105,C00216,CAM0019,2026-07-13 01:09:26,1,0
A04831,U00941,C00191,CAM0037,2025-09-14 02:58:04,1,0
A04832,U00271,C00098,CAM0012,2025-07-11 17:55:40,0,0
A04833,U00793,C00187,CAM0052,2026-05-04 21:55:25,0,1
A04834,U00948,C00234,CAM0052,2025-03-30 02:44:30,0,0
A04835,U00873,C00120,CAM0026,2025-11-27 09:51:43,1,0
A04836,U00737,C00106,CAM0033,2025-10-07 03:26:39,0,0
A04837,U00456,C00195,CAM0019,2026-07-18 08:26:12,1,0
A04838,U00098,C00177,CAM0018,2026-07-06 03:12:26,0,1
A04839,U00434,C00171,CAM0017,2025-07-18 07:03:50,1,0
A04840,U00166,C00071,CAM0041,2025-11-29 23:41:38,1,1
A04841,U00963,C00193,CAM0048,2025-08-05 18:25:31,1,0
A04842,U00129,C00148,CAM0037,2025-12-22 18:45:18,0,0
A04843,U00256,C00032,CAM0039,2025-07-22 04:07:29,1,0
A04844,U00247,C00209,CAM0022,2025-05-09 03:56:47,1,0
A04845,U00490,C00165,CAM0007,2026-04-21 06:42:11,1,0
A04846,U00096,C00078,CAM0010,2026-03-18 03:09:11,0,0
A04847,U00077,C00100,CAM0033,2025-10-27 01:41:46,0,0
A04848,U00939,C00214,CAM0054,2025-04-27 01:43:04,1,0
A04849,U00583,C00014,CAM0041,2026-02-10 11:13:47,0,0
A04850,U00621,C00172,CAM0030,2026-05-17 21:53:56,0,0
A04851,U00275,C00236,CAM0036,2026-06-02 08:00:27,0,0
A04852,U00625,C00022,CAM0021,2026-04-05 14:26:30,1,0
A04853,U00587,C00234,CAM0026,2026-03-01 03:21:00,1,0
A04854,U00508,C00241,CAM0009,2026-04-02 09:08:05,1,0
A04855,U00765,C00197,CAM0026,2025-01-13 22:26:12,1,0
A04856,U00531,C00127,CAM0053,2026-08-05 02:48:59,0,1
A04857,U00879,C00088,CAM0009,2026-08-27 05:48:12,1,0
A04858,U00710,C00193,CAM0013,2025-04-11 00:55:27,0,1
A04859,U00117,C00062,CAM0029,2026-08-05 06:55:24,0,0
A04860,U00619,C00245,CAM0021,2026-02-06 01:09:35,0,0
A04861,U00245,C00083,CAM0059,2026-03-11 00:04:05,1,1
A04862,U00680,C00180,CAM0012,2026-07-25 09:36:23,1,1
A04863,U00592,C00024,CAM0014,2025-08-31 16:18:03,1,0
A04864,U00592,C00073,CAM0053,2026-03-11 11:04:15,0,0
A04865,U00396,C00020,CAM0026,2026-01-07 05:07:00,1,0
A04866,U00345,C00105,CAM0035,2026-01-08 02:49:45,1,1
A04867,U00563,C00096,CAM0029,2025-10-30 05:14:14,1,1
A04868,U00761,C00186,CAM0016,2025-07-26 14:38:06,0,0
A04869,U00970,C00137,CAM0010,2026-08-10 06:59:12,0,1
A04870,U00051,C00190,CAM0055,2025-08-23 07:52:08,1,0
A04871,U00186,C00039,CAM0030,2025-06-14 06:25:01,1,0
A04872,U00508,C00022,CAM0020,2026-05-30 17:46:36,1,0
A04873,U00897,C00062,CAM0041,2025-08-26 19:08:24,0,0
A04874,U00049,C00148,CAM0037,2026-03-10 00:04:04,1,1
A04875,U00669,C00185,CAM0048,2025-07-21 05:37:30,1,0
A04876,U00989,C00210,CAM0030,2026-07-07 12:14:04,0,1
A04877,U00020,C00178,CAM0050,2025-12-11 12:18:21,1,0
A04878,U00280,C00129,CAM0029,2025-09-27 00:20:27,0,0
A04879,U00768,C00046,CAM0057,2026-03-15 15:58:06,0,1
A04880,U00336,C00230,CAM0022,2026-03-18 13:09:33,0,0
A04881,U00181,C00185,CAM0005,2026-06-14 21:40:11,1,0
A04882,U00086,C00227,CAM0051,2025-12-03 18:33:51,0,0
A04883,U00504,C00128,CAM0010,2025-01-06 06:57:41,1,0
A04884,U00664,C00230,CAM0033,2026-02-24 11:51:04,0,1
A04885,U00082,C00111,CAM0020,2025-10-19 01:12:42,1,0
A04886,U00911,C00155,CAM0035,2026-09-10 22:56:59,0,0
A04887,U00405,C00022,CAM0008,2026-04-10 19:07:36,1,0
A04888,U00284,C00035,CAM0045,2026-06-01 06:46:19,1,0
A04889,U00866,C00219,CAM0048,2025-01-27 12:16:46,0,0
A04890,U00057,C00193,CAM0002,2026-01-07 10:54:31,1,
A04891,U00974,C00231,CAM0031,2025-03-10 00:23:46,1,0
A04892,U00167,C00121,CAM0026,2026-04-07 16:27:46,0,0
A04893,U00448,C00043,CAM0026,2026-09-19 20:30:59,1,0
A04894,U00228,C00059,CAM0053,2025-04-11 11:04:49,1,0
A04895,U00366,C00124,CAM0017,2026-06-09 22:42:17,0,2
A04896,U00794,C00037,CAM0032,2025-12-22 18:57:04,1,0
A04897,U00019,C00174,CAM0009,2025-06-06 16:37:30,1,0
A04898,U00246,C00027,CAM0028,2025-10-07 10:43:59,0,1
A04899,U00897,C00096,CAM0023,2025-03-01 18:12:35,1,0
A04900,U00843,C00148,CAM0039,,0,0
A04901,U00772,C00233,CAM0021,2025-02-25 16:48:54,1,1
A04902,U00088,C00131,CAM0036,2026-03-04 11:54:50,1,0
A04903,U00609,C00066,CAM0017,2026-07-11 00:38:01,0,0
A04904,U00124,C00239,CAM0034,2025-04-05 06:03:34,0,0
A04905,U00058,C00167,CAM0059,2026-06-14 08:46:10,1,0
A04906,U00100,C00210,CAM0040,2025-03-19 15:07:21,1,0
A04907,U00772,C00248,CAM0027,2026-08-01 00:49:15,0,0
A04908,U00412,C00210,CAM0052,2026-01-09 02:39:56,0,0
A04909,U00987,C00089,CAM0048,2025-12-04 16:51:24,1,1
A04910,U00218,C00222,CAM0019,2026-02-06 23:20:48,1,0
A04911,U00258,C00119,CAM0052,2026-07-08 11:26:40,0,0
A04912,U00214,C00230,CAM0004,2025-05-30 09:00:39,0,0
A04913,U00961,C00157,CAM0015,2026-03-03 06:18:54,1,0
A04914,U00368,C00241,CAM0028,2026-01-13 00:18:51,1,0
A04915,U00161,C00208,CAM0002,2025-06-07 01:27:03,1,1
A04916,U00929,C00173,CAM0012,2026-09-16 08:20:26,0,0
A04917,U00091,C00035,CAM0011,2025-12-07 17:50:23,0,0
A04918,U00011,C00144,CAM0036,2026-01-28 09:23:36,1,0
A04919,U00205,C00079,CAM0018,2025-08-30 13:16:20,0,1
A04920,U00926,C00122,CAM0013,2026-08-14 14:04:04,0,0
A04921,U00358,C00049,CAM0026,2025-09-10 02:31:17,0,0
A04922,U00607,C00104,CAM0036,2026-07-20 18:30:47,1,1
A04923,U00682,C00129,CAM0044,2025-05-30 19:16:41,0,0
A04924,U00045,C00082,CAM0011,2025-11-06 11:32:28,1,1
A04925,U00811,C00125,CAM0025,2025-10-13 10:46:16,1,0
A04926,U00025,C00103,CAM0001,2025-01-09 17:12:49,0,0
A04927,U00252,C00120,CAM0020,2026-08-21 20:29:41,0,0
A04928,U00646,C00188,CAM0049,2025-12-04 02:46:42,0,0
A04929,U00275,C00154,CAM0018,2026-03-04 10:28:46,1,0
A04930,U00240,C00245,CAM0007,2025-06-28 04:37:52,0,0
A04931,U00486,C00170,CAM0052,2025-12-30 04:13:45,1,0
A04932,U00565,C00246,CAM0058,2025-07-27 22:20:20,0,0
A04933,U00090,C00113,CAM0041,2026-01-20 05:00:47,1,1
A04934,U00337,C00102,CAM0053,2025-09-15 11:21:54,2,1
A04935,U00602,C00178,CAM0008,2026-02-28 19:02:50,0,1
A04936,U00338,C00239,CAM0017,2026-09-16 01:18:16,1,0
A04937,U00387,C00132,CAM0047,2025-02-16 21:02:55,1,0
A04938,U00263,C00084,CAM0029,2026-08-16 21:41:01,1,0
A04939,U00450,C00012,CAM0025,2026-05-14 14:57:35,1,
A04940,U00155,C00197,CAM0042,2026-01-21 10:08:22,1,0
A04941,U00395,C00090,CAM0023,2025-07-11 02:41:04,0,clicked
A04942,U00649,C00169,CAM0026,2025-12-06 03:22:16,1,0
A04943,U00436,C00177,CAM0051,2025-09-15 09:05:50,0,1
A04944,U00442,C00036,CAM0007,2026-07-06 05:57:43,0,1
A04945,U00426,C00229,CAM0016,2025-09-01 14:30:12,0,0
A04946,U00806,C00221,CAM0054,2026-01-07 15:20:47,0,0
A04947,U00592,C00195,CAM0007,2026-08-05 10:37:31,1,1
A04948,U00419,C00105,CAM0041,2025-06-15 16:34:24,1,0
A04949,U00561,C00207,CAM0015,2025-06-07 08:17:42,0,0
A04950,U00753,C00190,CAM0044,2026-05-31 16:16:45,0,0
A04951,U00448,C00042,CAM0032,2026-07-29 17:53:45,0,1
A04952,U00097,C00023,CAM0037,2025-03-06 06:41:30,0,0
A04953,U00994,C00191,CAM0026,2025-01-03 03:18:09,1,0
A04954,U00306,C00209,CAM0002,2026-04-15 02:06:41,1,0
A04955,U00972,C00053,CAM0042,2026-07-12 04:12:59,0,0
A04956,U00792,C00021,CAM0014,2025-08-09 07:46:58,0,1
A04957,U00378,C00188,CAM0022,2025-03-07 14:23:14,0,1
A04958,U00567,C00198,CAM0059,2025-05-30 15:28:31,1,0
A04959,U00658,C00148,CAM0059,2025-09-20 19:14:23,1,0
A04960,U00320,C00206,CAM0046,2025-11-07 06:15:38,0,1
A04961,U00029,C00156,CAM0001,2025-06-01 20:45:58,1,0
A04962,U00819,C00187,CAM0011,2026-05-02 06:33:59,1,0
A04963,U00611,C00104,CAM0022,2025-01-23 11:42:53,0,1
A04964,U00483,C00039,CAM0032,2025-07-05 16:12:59,0,0
A04965,U00174,C00150,CAM0046,2026-01-05 08:19:13,1,0
A04966,U00998,C00029,CAM0057,2025-07-08 22:31:48,0,0
A04967,U00234,C00098,CAM0023,2026-07-07 16:38:19,1,0
A04968,U00880,C00116,CAM0033,2025-07-02 17:28:52,0,1
A04969,U00883,C00229,CAM0020,2025-10-04 09:01:41,0,1
A04970,U00409,C00112,CAM0008,2025-07-18 19:42:32,0,0
A04971,U00091,C00247,CAM0016,2026-01-16 04:11:21,1,0
A04972,U00370,C00240,CAM0035,2026-01-23 23:03:52,0,clicked
A04973,U00423,C00225,CAM0032,2025-03-15 17:19:17,1,0
A04974,U00174,C00186,CAM0029,2025-10-12 19:15:09,1,-1
A04975,U00052,C00150,CAM0021,2026-04-24 17:06:31,1,0
A04976,U00420,C00130,CAM0022,2026-07-09 21:43:17,1,0
A04977,U00026,C00105,CAM0025,2025-12-10 10:23:16,0,0
A04978,U00275,C00158,CAM0018,2025-07-27 15:04:50,0,0
A04979,U00521,C00204,CAM0021,2025-07-25 07:03:31,0,0
A04980,U00733,C00198,CAM0048,2026-03-16 01:44:09,1,0
A04981,U00832,C00147,CAM0032,2026-01-27 19:46:07,1,0
A04982,U00538,C00145,CAM0013,2026-03-23 05:09:16,0,0
A04983,U00161,C00170,CAM0042,2026-09-03 19:08:09,0,0
A04984,U00139,C00168,CAM0013,2026-05-03 10:10:28,1,0
A04985,U00598,C00230,CAM0046,2025-06-18 08:39:26,0,1
A04986,U00458,C00125,CAM0035,2026-07-21 15:09:18,1,0
A04987,U00127,C00249,CAM0015,2025-09-02 20:39:34,0,0
A04988,U00357,C00249,CAM0031,2025-07-20 08:46:44,0,0
A04989,U00957,C00149,CAM0045,2025-09-23 23:08:21,0,0
A04990,U00895,C00151,CAM0029,2026-02-15 23:47:07,1,0
A04991,U00003,C00243,CAM0017,2025-01-22 05:32:56,1,0
A04992,U00108,C00153,CAM0033,2026-01-24 20:37:14,1,1
A04993,U00245,C00026,CAM0055,2026-07-15 13:37:30,0,1
A04994,U00487,C00075,CAM0027,2026-06-07 03:30:10,0,0
A04995,U00687,C00205,CAM0044,2025-02-10 05:55:14,0,0
A04996,U00895,C00152,CAM0018,2025-10-28 21:02:59,1,0
A04997,U00136,C00206,CAM0056,2026-05-27 08:16:49,1,1
A04998,U00570,C00003,CAM0041,2025-11-19 14:53:20,2,0
A04999,U00270,C00144,CAM0004,2025-06-02 07:30:34,0,0
A05000,U00846,C00184,CAM0013,2026-08-22 01:59:22,0,1
A05001,U00634,C00229,CAM0002,2026-09-01 08:11:24,0,0
A05002,U00758,C00243,CAM0023,2025-10-21 13:23:12,1,0
A05003,U00396,C00116,CAM0059,2025-05-24 21:40:13,0,0
A05004,U00445,C00145,CAM0008,2025-04-25 19:01:54,0,0
A05005,U00574,C00158,CAM0034,2025-01-15 23:10:05,0,0
A05006,U00447,C00056,CAM0005,2025-01-12 06:51:04,0,2
A05007,U00824,C00131,CAM0036,2025-02-08 04:18:11,1,0
A05008,U00617,C00165,CAM0048,2026-06-23 12:52:24,1,1
A05009,U00176,C00156,CAM0010,2025-06-01 00:12:51,0,0
A05010,U00655,C00043,CAM0012,2025-11-08 22:32:19,1,1
A05011,U00362,C00096,CAM0023,2025-06-22 06:25:40,0,1
A05012,U00671,C00054,CAM0048,2025-09-07 15:30:24,1,1
A05013,U00689,C00224,CAM0047,2025-07-03 23:32:52,1,1
A05014,U00547,C00182,CAM0040,2026-09-01 05:00:13,0,0
A05015,U00566,C00199,CAM0055,2025-09-23 07:36:35,0,0
A05016,U00915,C00199,CAM0045,2025-07-18 05:35:54,1,0
A05017,U00622,C00148,CAM0013,2026-03-01 22:46:10,1,0
A05018,U00568,C00053,CAM0054,2026-06-09 21:55:40,0,0
A05019,U00915,C00246,CAM0052,2026-03-08 20:29:44,1,0
A05020,U00466,C00187,CAM0010,2026-02-06 19:07:33,1,0
A05021,U00802,C00036,CAM0008,2025-04-07 11:41:43,1,0
A05022,U00769,C00132,CAM0023,2025-10-21 04:33:32,0,1
A05023,U00900,C00233,CAM0033,,1,0
A05024,U00806,C00129,CAM0038,2026-05-14 00:08:19,0,0
A05025,U99999,C00011,CAM0007,2026-02-13 11:52:52,0,0
A05026,U00875,C00238,CAM0017,2025-01-28 18:08:55,1,0
A05027,U00582,C00069,CAM0036,2026-02-19 18:19:36,0,0
A05028,U00537,C00017,CAM0001,2025-01-28 23:14:09,1,0
A05029,U00901,C00205,CAM0059,2025-10-07 18:02:06,1,0
A05030,U00508,C00123,CAM0016,2025-06-06 08:59:59,1,0
A05031,U00287,C00222,CAM0003,2026-04-06 17:02:32,1,0
A05032,U00604,C00135,CAM0019,2025-07-09 15:29:17,0,0
A05033,U00878,C00008,CAM0013,2025-05-05 15:26:14,1,0
A05034,U00290,C00010,CAM0035,2025-04-04 23:25:47,0,1
A05035,U00830,C00043,CAM0046,2026-01-12 20:01:08,1,1
A05036,U00758,C00064,CAM0007,2025-03-16 13:00:33,1,
A05037,U00858,C00197,CAM0057,2025-07-13 03:37:40,1,1
A05038,U00374,C00027,CAM0051,2026-06-21 17:51:53,0,0
A05039,U00444,C00122,CAM0039,2026-08-18 14:48:07,0,0
A05040,U00233,C00143,CAM0017,2025-06-26 18:39:47,1,1
A05041,U00232,C00170,CAM0005,2026-02-10 07:54:27,1,1
A05042,U00399,C00029,CAM0060,2025-05-09 10:30:55,1,0
A05043,U00400,C00176,CAM0058,2025-04-24 23:42:19,0,1
A05044,U00518,C00242,CAM0038,2025-09-13 17:37:55,1,0
A05045,U00861,C00070,,2026-05-27 08:08:18,1,1
A05046,U00601,C00064,CAM0057,2025-05-13 08:35:55,0,0
A05047,U00557,C00177,CAM0020,2025-03-22 23:57:24,1,1
A05048,U00594,C00083,CAM0036,2026-06-02 05:17:01,1,1
A05049,U00126,C00053,CAM0059,2026-09-14 10:51:44,1,1
A05050,U00264,C00209,CAM0041,2025-05-28 22:16:50,1,0
A05051,U00151,C00133,CAM0005,2026-07-30 01:36:51,0,1
A05052,U00223,C00172,CAM0005,2025-01-03 01:25:26,1,0
A05053,U00698,C00192,CAM0049,2025-03-04 04:07:57,1,1
A05054,U00187,C00128,CAM0059,2026-03-10 03:52:40,0,0
A05055,U00812,C00033,CAM0015,2025-08-03 02:37:29,0,0
A05056,U00394,C00066,CAM0056,,1,1
A05057,U00329,C00210,CAM0004,,0,0
A05058,U00816,C00135,CAM0022,2025-01-15 04:58:44,1,1
A05059,U00194,C00008,CAM0040,2025-10-17 22:30:05,1,1
A05060,U00460,C00161,CAM0008,2025-07-25 12:15:33,0,1
A05061,U00579,C00190,CAM0007,2025-12-12 09:33:05,0,0
A05062,U00624,C00172,CAM0006,2026-09-12 12:30:02,0,0
A05063,U00289,C00245,CAM0025,2025-08-27 02:18:23,1,0
A05064,U00415,C00033,CAM0031,2025-07-24 13:13:03,0,0
A05065,U00953,C00173,CAM0039,2026-01-13 04:58:27,1,1
A05066,U00972,C00104,CAM0040,2026-03-17 17:08:59,0,0
A05067,U00732,C00111,CAM0050,2025-08-22 06:57:58,0,0
A05068,U00705,C00119,CAM0021,2025-05-07 12:41:35,0,1
A05069,U00915,C00045,CAM0049,2025-08-29 15:34:08,1,0
A05070,U00110,C00170,CAM0059,2025-02-22 18:03:59,0,0
A05071,U00207,C00057,CAM0054,2026-05-12 00:40:50,0,0
A05072,U00157,C00003,CAM0042,2025-03-24 17:02:18,1,0
A05073,U00488,C00098,CAM0010,2025-10-26 21:08:57,1,0
A05074,U00437,C00080,CAM0055,2026-09-13 09:45:37,0,0
A05075,U00913,C00105,CAM0035,2025-08-20 08:14:34,0,1
A05076,U00817,C00151,CAM0029,2025-05-05 19:25:07,0,0
A05077,U00695,C00119,CAM0012,2025-07-10 15:01:49,0,0
A05078,U00111,C00010,CAM0029,2025-05-23 16:52:13,1,0
A05079,U99999,C00242,CAM0032,2025-05-25 19:50:50,1,0
A05080,U00409,C00010,CAM0050,2026-06-13 10:03:40,1,0
A05081,U00473,C00126,CAM0006,2025-11-10 15:18:57,1,0
A05082,U00358,C00071,CAM0016,2026-09-14 03:54:20,1,1
A05083,U00610,C00246,,2026-06-08 03:21:41,1,0
A05084,U00334,C00236,CAM0032,2025-02-18 16:44:22,0,1
A05085,U00535,C00237,CAM0006,2026-01-11 19:51:47,1,0
A05086,U00620,C00124,CAM0026,2025-05-30 13:09:18,0,0
A05087,U00214,C00114,CAM0013,2025-04-14 12:06:50,yes,0
A05088,U00119,C00226,CAM0019,2026-08-28 19:20:03,0,0
A05089,U00766,C00182,CAM0046,2025-09-07 08:30:31,1,0
A05090,U00709,C00063,CAM0012,2025-08-12 01:16:04,0,1
A05091,U00250,C00036,CAM0034,2025-06-05 15:39:04,0,1
A05092,U00561,C00193,CAM0010,2026-06-11 00:31:38,1,0
A05093,U00485,C00198,CAM0001,2026-09-14 20:46:29,1,0
A05094,U00947,C00011,CAM0047,2025-05-07 07:56:37,0,0
A05095,U00433,C00013,CAM0033,2025-02-01 22:54:06,1,0
A05096,U00576,C00226,CAM0015,2026-05-09 01:11:52,0,1
A05097,U00278,C00163,CAM0044,2025-04-17 05:53:43,1,0
A05098,U00292,C00136,CAM0056,2026-04-07 03:09:01,0,1
A05099,U00762,C00181,CAM0036,2026-06-22 09:07:11,0,0
A05100,U00513,C00219,CAM0046,2025-08-16 11:39:23,0,1
A05101,U00187,C00189,CAM0024,2026-07-13 07:41:14,0,0
A05102,U00079,C00032,CAM0036,2025-09-09 18:18:49,1,1
A05103,U00357,C00123,CAM0028,2025-03-20 12:37:40,0,0
A05104,U00534,C00210,CAM0034,2025-07-02 19:30:45,1,1
A05105,U00583,C00013,CAM0039,2025-01-01 11:37:28,1,0
A05106,U00335,C00065,CAM0023,2026-05-25 20:06:07,1,0
A05107,U00838,C00050,CAM0021,2025-04-29 18:37:00,1,0
A05108,U00431,C00020,CAM0021,2026-03-25 07:55:07,0,1
A05109,U00527,C00237,CAM0007,2026-06-21 08:05:36,0,0
A05110,U00658,C00225,CAM0059,2025-11-27 23:25:14,0,0
A05111,U00046,C00110,CAM0025,2026-03-02 14:01:27,0,0
A05112,U00647,C00099,CAM0059,2025-02-10 04:05:11,0,1
A05113,U00325,C00032,CAM0057,2026-08-02 08:10:43,1,0
A05114,U00325,C00165,CAM0014,2026-01-08 03:41:02,0,0
A05115,U00216,C00207,CAM0019,2025-05-22 05:08:05,0,0
A05116,U00003,C00248,CAM0045,2025-07-17 19:15:19,1,1
A05117,U00770,C00103,CAM0040,2026-05-23 23:56:12,1,0
A05118,U00617,C00204,CAM0011,2025-12-03 11:08:52,0,1
A05119,U00861,C00235,CAM0052,2025-06-28 03:36:51,0,0
A05120,U00588,C00161,CAM0021,2025-05-08 20:10:05,0,0
A05121,U00392,C00049,CAM0051,2025-03-31 17:58:11,1,0
A05122,U00278,C00162,CAM0027,2025-03-08 08:18:27,1,0
A05123,U00187,C00182,CAM0023,2025-10-18 11:07:07,1,0
A05124,U00867,C00149,CAM0042,2025-11-01 09:24:12,1,0
A05125,U00502,C00127,CAM0028,2025-03-05 05:28:19,1,0
A05126,U00742,C00196,CAM0049,2026-01-24 13:53:13,0,0
A05127,U00167,C00197,CAM0058,2026-05-12 01:22:18,0,0
A05128,U00020,C00161,CAM0050,2025-01-07 16:22:23,1,0
A05129,U00127,C00179,CAM0058,2026-03-03 05:14:52,0,0
A05130,U00794,C00095,CAM0034,2025-11-27 17:02:50,0,1
A05131,U00245,C00188,CAM0060,2026-02-28 02:44:16,1,0
A05132,U00089,C00165,CAM0018,2026-07-02 17:11:21,0,0
A05133,U00286,C00146,CAM0050,2025-09-21 21:48:27,0,1
A05134,U00388,C00246,,2025-08-03 18:16:49,1,1
A05135,U00059,C00170,CAM0060,2025-04-28 15:17:51,1,0
A05136,U00916,C00080,CAM0058,2026-01-31 21:19:31,0,0
A05137,U00045,C00096,CAM0017,2025-03-21 09:40:47,0,1
A05138,U00228,C00054,CAM0019,2025-10-12 20:26:36,0,0
A05139,U00925,C00098,CAM0045,2025-05-27 06:21:49,1,0
A05140,U00942,C00199,,2026-02-16 16:34:13,1,1
A05141,U00899,C00209,CAM0027,2025-05-14 21:36:04,0,1
A05142,U00145,C00040,CAM0034,2026-02-03 09:36:38,0,1
A05143,U00669,C00015,CAM0030,2025-04-06 05:20:27,0,0
A05144,U00847,C00121,CAM0039,2026-05-27 05:21:20,1,1
A05145,U00615,C00249,CAM0048,2026-04-21 00:24:46,1,0
A05146,U00333,C00101,CAM0039,2026-08-30 20:43:23,1,0
A05147,U00815,C00059,CAM0038,2025-08-20 10:55:47,1,0
A05148,U00609,C00079,CAM0015,2025-07-31 02:10:57,1,1
A05149,U00471,C00201,CAM0036,2026-01-03 01:32:49,0,1
A05150,U00069,C00171,CAM0024,2025-05-23 10:40:43,1,0
A05151,U00228,C00015,CAM0042,2026-07-30 11:03:06,0,1
A05152,U00142,C00223,CAM0054,2026-01-07 04:25:38,1,0
A05153,U00989,C00163,CAM0030,2025-03-10 05:29:06,0,0
A05154,U00334,C00163,CAM0026,2026-04-06 10:16:26,1,1
A05155,U00717,C00187,CAM0005,2025-05-12 03:09:01,1,1
A05156,U00230,C00108,CAM0022,2025-02-12 17:06:48,1,0
A05157,U00903,C00063,CAM0008,2026-06-10 18:07:24,1,0
A05158,U00487,C99999,CAM0039,2026-08-19 10:32:48,0,0
A05159,U00437,C00130,CAM0016,2026-06-05 23:42:30,0,1
A05160,U00149,C00012,CAM0059,2025-05-18 07:15:44,0,0
A05161,U00227,C00006,CAM0038,2025-01-10 16:01:19,1,0
A05162,U00163,C00005,CAM0033,2026-02-28 06:39:50,1,0
A05163,U00064,C00099,CAM0049,2025-09-13 18:48:23,1,0
A05164,U00236,C00179,CAM0055,2025-10-12 06:46:43,0,1
A05165,U00541,C00222,CAM0024,2026-06-30 21:45:43,0,0
A05166,U00661,C00250,CAM0009,2026-06-01 11:40:35,1,0
A05167,U00717,C00179,CAM0035,2025-12-02 15:04:25,1,1
A05168,U00143,C00057,CAM0028,2025-08-16 16:56:19,0,0
A05169,U00025,C00186,CAM0025,2026-01-17 23:04:13,1,0
A05170,U00634,C00192,CAM0059,2026-04-11 06:58:05,0,1
A05171,U00340,C00245,CAM0053,2025-09-05 08:11:46,1,-1
A05172,U00710,C00171,CAM0049,2026-04-30 21:50:57,0,0
A05173,U00501,C00099,CAM0050,2026-05-09 05:25:25,1,0
A05174,U00605,C00012,CAM0023,2026-06-20 21:18:57,1,0
A05175,U00144,C00149,CAM0022,2025-05-19 02:36:41,1,0
A05176,U00380,C00153,CAM0004,2025-08-04 20:15:55,0,0
A05177,U00136,C00008,CAM0030,2025-09-29 02:44:48,1,1
A05178,U00900,C00101,CAM0025,2025-02-26 16:01:39,0,0
A05179,U00231,C00005,CAM0055,2025-11-13 01:24:31,0,0
A05180,U00607,C00082,CAM0025,2025-12-08 10:52:23,1,0
A05181,U00095,C00204,CAM0035,2026-03-04 17:40:45,1,0
A05182,U00799,C00037,CAM0018,2026-01-19 11:48:22,0,0
A05183,U00394,C00145,CAM0044,2025-04-23 06:29:36,0,0
A05184,U00918,C00192,CAM0024,2025-08-17 05:03:49,0,0
A05185,U00161,C00144,CAM0047,2025-10-05 13:07:14,0,0
A05186,U00217,C00221,CAM0035,2025-01-30 05:00:14,0,0
A05187,U00887,C00080,CAM0007,2026-07-05 22:34:06,0,1
A05188,U00940,C00191,CAM0053,2025-01-26 18:40:15,0,0
A05189,U00917,C00238,CAM0020,2025-05-21 13:21:34,1,0
A05190,U00877,C00176,CAM0056,2026-05-01 05:28:27,1,0
A05191,U00845,C00019,CAM0013,2025-04-08 14:25:14,1,0
A05192,U00306,C00125,CAM0014,2026-03-31 16:19:52,1,1
A05193,U00032,C00160,CAM0058,2026-01-01 04:06:22,1,1
A05194,U00645,C00180,CAM0024,2025-06-14 10:23:26,0,0
A05195,U00712,C00169,CAM0036,2026-05-19 09:59:33,1,0
A05196,U00936,C00044,CAM0029,2026-04-11 21:38:03,0,1
A05197,U00404,C00047,CAM0023,2025-08-23 19:26:02,0,0
A05198,U00646,C00177,CAM0004,2025-06-26 15:52:33,0,1
A05199,U00702,C00065,CAM0042,2026-01-26 12:27:16,1,0
A05200,U00292,C00024,CAM0051,2026-02-14 08:12:43,1,1
A05201,U00559,C00219,CAM0025,2025-07-11 01:36:34,0,1
A05202,U00513,C00017,CAM0034,2025-01-21 22:40:18,1,0
A05203,U00974,C00247,CAM0038,2025-12-21 01:26:09,0,0
A05204,U00644,C00136,CAM0050,2025-03-12 16:55:54,1,0
A05205,U00325,C00232,CAM0043,2026-07-18 19:54:30,1,0
A05206,U00714,C00183,CAM0014,2025-09-26 17:37:20,0,0
A05207,U00351,C00246,CAM0024,2026-09-15 03:43:36,0,0
A05208,U00091,C00090,CAM0047,2026-01-10 14:39:42,1,0
A05209,U00655,C00085,CAM0035,2026-05-04 00:45:51,1,0
A05210,U00951,C00212,CAM0002,2026-03-22 12:26:29,0,0
A05211,U00447,C00241,CAM0057,2025-10-22 15:25:56,1,0
A05212,U00768,C00241,CAM0041,2026-05-20 18:57:39,0,0
A05213,U00907,C00194,CAM0018,,0,0
A05214,U00567,C00155,CAM0050,2025-09-27 09:26:06,1,2
A05215,U00617,C00030,CAM0034,2026-06-08 13:11:44,0,0
A05216,U00194,C00192,CAM0014,2026-01-02 18:16:15,1,0
A05217,U00989,C00217,CAM0053,2025-05-11 07:24:46,0,0
A05218,U00747,C00147,CAM0024,2026-05-09 08:25:16,0,0
A05219,U00665,C00111,CAM0018,2025-11-17 18:34:28,0,0
A05220,U00852,C00093,CAM0028,2025-03-30 00:21:19,1,0
A05221,U00814,C00226,CAM0050,2026-08-10 20:17:21,0,0
A05222,U00858,C00144,CAM0033,2025-10-23 13:50:32,1,0
A05223,U00449,C00017,CAM0044,2025-07-24 17:22:40,1,0
A05224,U00737,C00171,CAM0032,2025-05-22 00:04:48,1,0
A05225,U00002,C00140,CAM0008,2025-04-10 20:24:56,0,1
A05226,U00462,C99999,CAM0016,2026-05-05 06:08:34,1,0
A05227,U00995,C00205,CAM0010,2026-05-04 01:55:12,1,0
A05228,U00492,C00230,CAM0044,2025-12-07 15:51:16,0,1
A05229,U00207,C00003,CAM0052,2026-05-17 13:15:38,0,0
A05230,U00032,C00134,CAM0024,2025-01-23 03:22:56,1,0
A05231,U00526,C00088,CAM0051,2025-03-06 06:06:53,1,1
A05232,U00974,C00114,CAM0022,2026-06-28 08:12:22,0,1
A05233,U00080,C00008,CAM0009,2026-01-12 07:25:47,1,0
A05234,U00248,C00057,CAM0041,2026-04-04 21:06:53,1,0
A05235,U00626,C00052,CAM0044,2026-09-13 10:25:06,0,0
A05236,U00493,C00141,CAM0047,2025-04-22 00:37:33,0,1
A05237,U00466,C00155,CAM0027,2026-06-28 21:25:54,0,0
A05238,U00749,C00003,,2026-06-01 09:41:25,1,0
A05239,U00583,C00126,CAM0002,2026-04-29 23:13:22,0,0
A05240,U00108,C00070,CAM0008,2026-03-04 04:35:23,0,0
A05241,U00235,C00201,CAM0049,2026-04-15 01:51:53,1,0
A05242,U00097,C00127,CAM0046,2025-08-09 11:17:34,0,0
A05243,U00639,C00222,CAM0029,2025-05-23 23:56:29,0,0
A05244,U00285,C00045,CAM0043,2026-05-24 12:46:45,0,0
A05245,U00309,C00056,CAM0035,2025-01-26 19:57:52,0,1
A05246,U00133,C00203,CAM0057,2026-06-04 10:36:38,0,0
A05247,U00432,C00090,CAM0045,2025-12-12 03:32:59,0,0
A05248,U00444,C00144,CAM0022,2025-12-03 08:45:58,1,0
A05249,U00158,C00110,CAM0054,2025-02-17 14:35:57,1,0
A05250,U00112,C00124,CAM0010,2025-10-08 18:11:12,1,0
A05251,U00097,C00066,CAM0036,2025-12-03 10:51:18,0,0
A05252,U00451,C00025,CAM0059,2025-07-02 10:57:31,0,0
A05253,U00199,C00106,CAM0009,2025-12-01 15:22:48,0,1
A05254,U00969,C00128,CAM0051,2025-03-05 23:40:34,0,0
A05255,U00211,C00248,CAM0034,2026-05-25 16:51:49,0,1
A05256,U00792,C00162,CAM0038,2025-10-01 02:31:00,1,1
A05257,U00613,C00100,CAM0010,2026-03-17 22:18:31,0,0
A05258,U00009,C00083,CAM0036,2026-05-30 11:34:18,0,1
A05259,U00247,C00226,CAM0028,2025-10-03 17:06:48,1,0
A05260,U00085,C00132,CAM0042,2025-12-18 10:38:48,1,0
A05261,U00732,C00123,CAM0045,2025-07-21 17:17:07,0,0
A05262,U00870,C00093,CAM0054,2025-10-06 18:02:29,0,0
A05263,U00993,C00032,CAM0023,2026-03-25 05:35:34,1,0
A05264,U00410,C00221,CAM0019,2025-06-27 03:29:50,1,0
A05265,U00662,C00121,CAM0003,2026-07-26 04:00:20,0,0
A05266,U00773,C00240,CAM0038,2025-10-18 22:06:33,0,0
A05267,U00873,C00011,CAM0053,2026-02-08 02:49:35,1,1
A05268,U00081,C00002,CAM0057,2026-04-18 02:10:38,0,1
A05269,U00370,C00010,CAM0019,2026-05-06 07:30:39,0,0
A05270,U00806,C00089,CAM0001,2025-08-23 20:46:52,1,0
A05271,U00090,C00241,CAM0034,2025-09-06 15:46:34,0,0
A05272,U00056,C00064,CAM0042,2025-10-28 08:31:36,0,1
A05273,U00344,C00193,CAM0059,2025-06-20 14:26:36,0,1
A05274,U00341,C00109,CAM0019,2025-07-08 20:52:44,1,0
A05275,U00659,C00046,CAM0001,2025-12-14 06:53:36,1,0
A05276,U00148,C00218,CAM0021,2025-09-27 09:47:22,0,0
A05277,U00305,C00187,CAM0045,2026-03-17 02:17:37,0,0
A05278,U00797,C00218,CAM0018,2025-03-05 19:05:52,1,1
A05279,U00516,C00142,CAM0003,2026-08-12 14:15:22,1,0
A05280,U00566,C00086,CAM0028,2025-01-06 19:33:23,0,1
A05281,U00225,C00140,CAM0035,2026-04-25 09:33:35,1,0
A05282,U00663,C00166,CAM0008,2026-03-02 09:26:35,0,0
A05283,U00082,C00003,CAM0049,2026-08-29 10:26:09,1,0
A05284,U00713,C00210,CAM0047,2025-03-04 01:45:27,0,0
A05285,U00770,C00182,CAM0019,2025-09-03 21:59:40,0,0
A05286,U00116,C00024,CAM0041,2025-10-12 03:54:36,0,clicked
A05287,U00540,C00038,CAM0021,2026-01-27 18:53:47,1,1
A05288,U00724,C00115,CAM0054,2025-01-07 18:14:16,0,0
A05289,U00997,C00116,CAM0046,2025-04-01 18:11:36,1,1
A05290,U00029,C99999,CAM0060,2025-04-13 16:34:12,1,1
A05291,U00151,C00088,CAM0021,2026-05-14 11:07:12,0,0
A05292,U00765,C00107,CAM0060,2025-10-22 18:30:16,1,0
A05293,U00793,C00137,CAM0060,2026-03-07 22:37:08,0,0
A05294,U00632,C00168,CAM0051,2026-06-18 18:10:26,1,0
A05295,U00282,C00236,CAM0024,2026-09-09 17:46:19,1,0
A05296,U00149,C00025,CAM0059,2025-04-17 19:32:21,0,0
A05297,U00880,C00085,CAM0024,2025-11-11 17:35:17,0,0
A05298,U00688,C00072,CAM0043,2025-07-22 23:33:35,0,0
A05299,U00332,C00175,CAM0028,2026-01-26 03:47:04,1,1
A05300,U00904,C00228,CAM0030,2025-09-10 15:06:37,1,0
A05301,U00390,C00160,CAM0008,2025-08-12 16:39:12,0,0
A05302,U00661,C00149,CAM0010,2025-12-21 13:43:44,0,0
A05303,U00394,C00206,CAM0038,2026-01-10 10:02:22,1,1
A05304,U00324,C00188,CAM0053,2025-09-19 06:08:41,0,0
A05305,U00082,C00015,CAM0035,2025-03-23 11:46:13,0,0
A05306,U00275,C00236,CAM0035,2026-04-13 17:34:30,0,0
A05307,U00220,C00100,CAM0019,,1,0
A05308,U00689,C00243,CAM0008,2026-02-28 13:16:34,1,0
A05309,U00628,C00134,CAM0041,2025-03-08 20:48:59,1,1
A05310,U00945,C00002,CAM0036,2026-07-20 03:07:26,0,1
A05311,U00616,C00073,CAM0054,2025-11-10 15:42:39,1,0
A05312,U00232,C00016,CAM0013,2025-01-19 05:15:06,0,0
A05313,U00393,C00038,CAM0041,2025-05-18 04:52:39,0,0
A05314,U00925,C00087,CAM0001,2025-11-07 10:47:13,1,1
A05315,U00972,C00035,CAM0044,2025-01-20 00:19:22,1,1
A05316,U00414,C00004,CAM0044,2025-02-23 15:18:27,0,0
A05317,U00243,C00177,CAM0015,2025-02-08 23:26:28,1,1
A05318,U00681,C00023,CAM0052,2025-10-07 18:41:24,0,0
A05319,U00625,C00057,CAM0013,2026-01-08 06:26:51,0,0
A05320,U00083,C00054,CAM0054,2025-06-25 15:58:30,1,0
A05321,U00590,C00157,CAM0029,2025-09-28 10:13:41,1,1
A05322,U00560,C00040,CAM0045,2025-05-30 05:48:38,1,1
A05323,U00203,C00031,CAM0009,2025-10-14 13:29:56,1,0
A05324,U00229,C00225,CAM0018,2025-01-30 02:17:07,1,0
A05325,U00256,C00145,CAM0052,2026-03-26 17:49:05,0,0
A05326,U00432,C00087,CAM0039,2025-04-28 00:14:05,1,1
A05327,U00340,C00006,CAM0054,2026-03-16 15:42:57,0,1
A05328,U00206,C00244,CAM0052,2025-02-04 18:50:52,0,0
A05329,U00423,C00051,,2026-02-27 11:02:13,0,1
A05330,U00501,C00034,CAM0043,2025-04-29 04:09:20,0,0
A05331,U00011,C00162,,2025-05-27 09:58:08,0,0
A05332,U00088,C00022,CAM0005,2025-01-05 06:56:40,0,1
A05333,U00300,C00122,CAM0010,2026-09-16 06:39:37,1,1
A05334,U00719,C00194,CAM0019,2025-11-25 22:19:48,1,1
A05335,U00718,C00228,CAM0005,2025-07-11 15:29:11,0,1
A05336,U00817,C00201,CAM0010,2025-01-15 18:39:21,1,0
A05337,U00007,C00047,CAM0033,2026-09-10 05:05:33,0,0
A05338,U00587,C00110,CAM0041,2025-01-02 03:29:31,1,0
A05339,U00398,C00192,CAM0018,2026-06-28 03:26:43,0,0
A05340,U00191,C00052,CAM0003,2025-11-05 12:41:36,0,0
A05341,U00970,C00082,CAM0047,2026-01-30 00:56:11,1,0
A05342,U00660,C00162,CAM0058,2025-03-07 17:10:29,0,0
A05343,U00352,C00046,CAM0032,2025-02-01 22:03:31,1,0
A05344,U00144,C00036,CAM0025,2025-01-28 23:31:25,1,0
A05345,U00295,C00188,CAM0012,2025-07-14 10:31:19,1,1
A05346,U00279,C00021,CAM0019,2025-09-19 09:09:48,0,0
A05347,U00065,C00052,,2026-06-26 01:21:25,1,0
A05348,U00574,C00242,CAM0030,2025-06-04 07:14:23,0,0
A05349,U00023,C00113,CAM0029,2025-06-07 22:04:22,1,0
A05350,U00219,C00080,CAM0032,2025-07-30 19:32:23,1,0
A05351,U00819,C00098,CAM0020,2025-01-09 22:48:17,0,0
A05352,U00968,C00004,CAM0023,2025-10-03 12:57:22,1,0
A05353,U00132,C00030,CAM0011,2025-08-28 15:23:56,0,0
A05354,U00342,C00195,CAM0041,2026-04-09 18:46:56,1,1
A05355,U00947,C00018,CAM0004,2026-05-27 06:27:03,1,0
A05356,U00923,C00205,CAM0041,2025-04-03 05:46:47,1,0
A05357,U00248,C00060,CAM0025,2026-01-21 00:34:37,1,0
A05358,U00140,C00057,CAM0023,2026-06-09 20:46:32,1,0
A05359,U00822,C00008,CAM0001,2026-05-09 10:44:15,0,0
A05360,U00100,C00102,CAM0058,2025-12-18 13:16:13,1,0
A05361,U00405,C00046,CAM0003,2026-01-17 12:13:30,0,1
A05362,U00461,C00206,CAM0044,2026-03-23 14:07:17,1,
A05363,U00304,C00052,CAM0046,2025-02-18 16:30:31,1,0
A05364,U00715,C00129,CAM0024,2025-09-04 00:24:42,1,1
A05365,U00360,C00078,CAM0059,2026-09-10 09:05:32,1,0
A05366,U00968,C00162,CAM0048,2025-10-20 15:39:14,0,1
A05367,U00090,C00250,CAM0032,2025-05-09 10:37:26,0,0
A05368,U00418,C00105,CAM0013,2026-04-03 01:46:48,1,0
A05369,U00467,C00153,CAM0059,2025-10-08 06:37:16,1,0
A05370,U00060,C00076,CAM0004,2026-06-05 09:48:14,1,0
A05371,U00573,C00202,CAM0029,2025-03-01 12:23:00,0,0
A05372,U00484,C00190,CAM0001,2025-07-29 00:00:36,0,1
A05373,U00848,C00206,CAM0044,2025-07-31 23:01:38,0,0
A05374,U00483,C00122,CAM0042,2025-07-20 13:15:33,1,0
A05375,U00037,C00032,CAM0053,2025-07-06 16:30:28,1,0
A05376,U00421,C00215,CAM0003,2025-12-24 14:39:24,1,0
A05377,U00103,C00205,CAM0002,2025-02-13 23:19:47,0,0
A05378,U00816,C00037,CAM0048,2026-02-23 10:26:37,0,1
A05379,U00040,C00039,CAM0023,2026-07-19 22:44:12,1,0
A05380,U00033,C00037,CAM0060,2026-06-27 20:40:20,0,0
A05381,U00415,C00033,CAM0041,2025-02-12 04:55:41,1,0
A05382,U00727,C00130,CAM0038,2026-05-13 09:30:55,1,0
A05383,U00059,C00086,CAM0018,2025-02-23 06:14:08,0,0
A05384,U00399,C00082,CAM0034,2026-07-10 07:40:35,1,0
A05385,U00155,C00012,CAM0023,2025-02-11 15:05:52,0,0
A05386,U00151,C00170,CAM0014,2025-04-16 10:02:51,1,0
A05387,U00746,C00059,CAM0010,2025-01-18 14:16:33,0,0
A05388,U00838,C00099,CAM0025,2026-06-19 02:38:48,0,0
A05389,U00634,C00103,CAM0054,2025-07-08 13:49:01,0,0
A05390,U00952,C00094,CAM0026,2026-03-23 22:34:30,1,0
A05391,U00735,C00238,CAM0031,2026-06-26 06:11:54,0,1
A05392,U00133,C00107,CAM0032,2026-03-10 03:50:27,0,0
A05393,U00278,C00091,CAM0042,2025-10-27 01:21:21,1,0
A05394,U00734,C00116,CAM0056,2025-09-12 19:38:31,yes,0
A05395,U00942,C00104,CAM0008,2026-05-28 06:12:04,1,1
A05396,U00111,C00142,CAM0041,2025-10-21 04:33:20,0,0
A05397,U00313,C00225,CAM0029,2025-02-23 03:16:39,1,1
A05398,U00643,C00024,CAM0043,2025-06-01 08:51:04,1,1
A05399,U00891,C00204,CAM0030,2025-08-17 23:58:59,1,0
A05400,U00942,C00154,CAM0031,2025-06-19 00:32:06,1,1
A05401,U00676,C00044,CAM0026,2025-10-01 09:47:29,0,0
A05402,U00491,C00155,CAM0040,2025-10-31 02:32:05,0,0
A05403,U00071,C00125,CAM0039,2025-05-14 21:06:13,0,0
A05404,U00281,C00005,CAM0043,2025-05-22 18:02:14,1,1
A05405,U00168,C00105,CAM0014,2026-02-17 16:37:44,0,1
A05406,U00624,C00043,CAM0030,2025-07-04 03:27:32,0,0
A05407,U00015,C00174,CAM0049,2026-02-13 08:42:48,1,0
A05408,U00486,C00116,CAM0051,2025-08-20 12:31:38,0,0
A05409,U00317,C00201,CAM0016,2025-09-05 11:12:10,1,0
A05410,U00528,C00001,CAM0031,2026-01-26 13:01:39,1,0
A05411,U00404,C00034,CAM0029,2026-03-23 03:20:41,0,0
A05412,U00850,C00087,CAM0030,2026-04-09 14:19:47,1,0
A05413,U00239,C00141,CAM0036,2025-12-15 10:30:22,0,0
A05414,U00292,C00182,CAM0025,2025-05-05 22:02:26,0,0
A05415,U00726,C00103,CAM0018,2025-07-30 16:13:38,0,1
A05416,U00788,C00199,CAM0011,2025-05-13 13:27:47,0,0
A05417,U00946,C00187,CAM0053,2026-05-03 19:29:03,2,0
A05418,U00872,C00071,CAM0059,2025-01-02 10:52:31,0,0
A05419,U00971,C00017,CAM0011,2026-07-26 01:17:15,1,1
A05420,U00987,C00158,CAM0013,2025-09-13 15:34:22,0,0
A05421,U00623,C00092,CAM0013,2025-12-05 07:10:35,1,0
A05422,U00241,C00194,CAM0023,2025-05-04 18:30:12,1,0
A05423,U00219,C00173,CAM0041,2025-05-11 21:46:15,0,0
A05424,U00430,C00162,CAM0048,2025-03-01 11:12:51,0,1
A05425,U00856,C00036,CAM0026,2025-06-22 09:40:51,0,0
A05426,U00942,C00235,CAM0045,2025-05-25 12:12:50,1,0
A05427,U00154,C00016,CAM0001,2026-03-13 21:28:30,1,0
A05428,U00966,C00023,CAM0015,2025-10-16 23:38:14,0,1
A05429,U00129,C00210,CAM0011,2026-01-31 07:55:54,0,0
A05430,U00562,C00091,CAM0003,2025-01-28 02:13:36,0,0
A05431,U00746,C00154,CAM0060,2026-01-15 04:46:12,1,0
A05432,U00480,C00153,CAM0019,2025-04-02 05:24:43,0,0
A05433,U00039,C00049,CAM0007,2026-04-02 02:59:14,1,0
A05434,U00790,C00021,CAM0008,2026-08-01 19:44:12,1,0
A05435,U00549,C00245,CAM0032,2026-03-12 10:43:05,0,0
A05436,U00870,C00060,CAM0033,2025-09-16 05:19:49,1,0
A05437,U00856,C00219,CAM0032,2025-11-16 10:21:27,1,1
A05438,U00389,C00124,CAM0021,2025-01-26 12:56:52,1,0
A05439,U00287,C00065,CAM0030,2025-01-07 07:12:20,1,0
A05440,U00306,C00046,CAM0032,2025-07-23 19:42:47,0,1
A05441,U00416,C00108,CAM0018,2025-08-20 05:02:15,1,0
A05442,U00051,C00231,CAM0025,2025-04-05 14:17:54,0,0
A05443,U00526,C00201,CAM0041,2025-08-31 08:43:28,0,0
A05444,U00146,C00038,CAM0003,2026-07-07 09:39:05,0,1
A05445,U00702,C00111,CAM0029,2025-06-11 05:04:39,1,0
A05446,U00599,C00187,CAM0005,2026-01-31 06:17:38,1,1
A05447,U00782,C00025,CAM0010,2025-04-18 10:51:36,0,0
A05448,U00963,C00129,CAM0009,2025-08-21 10:12:51,1,0
A05449,U00760,C00234,CAM0019,2026-07-27 04:23:38,0,1
A05450,U00968,C00211,CAM0050,2025-10-14 04:53:14,0,0
A05451,U00043,C00043,CAM0040,2025-05-21 12:45:59,1,1
A05452,U00509,C00218,CAM0044,2025-06-19 02:08:41,0,1
A05453,U00464,C00137,CAM0053,2026-05-10 23:43:46,1,0
A05454,U00315,C00049,CAM0032,2026-08-15 03:34:40,1,clicked
A05455,U00245,C00018,CAM0048,2026-04-10 13:34:33,1,0
A05456,U00266,C00035,CAM0015,2026-03-27 23:17:58,1,0
A05457,U00526,C00003,CAM0007,2026-07-10 15:02:36,1,0
A05458,U00840,C00087,CAM0048,2025-05-14 14:16:00,1,0
A05459,U00240,C00169,CAM0006,,1,1
A05460,U00044,C00117,CAM0039,2025-03-03 06:18:38,1,0
A05461,U00711,C00173,CAM0051,2025-05-27 09:32:38,0,0
A05462,U00644,C00002,CAM0047,2026-02-04 20:28:41,1,0
A05463,U00311,C00069,CAM0041,2025-03-19 05:37:48,1,0
A05464,U00541,C99999,CAM0004,2026-04-05 08:37:11,0,0
A05465,U00288,C00150,CAM0025,2026-06-25 10:39:12,1,0
A05466,U00660,C00094,CAM0014,2025-07-06 22:16:40,1,0
A05467,U00748,C00082,CAM0038,2025-12-31 21:27:12,1,0
A05468,U00235,C00049,CAM0020,2025-06-11 11:37:55,1,0
A05469,U00128,C00198,CAM0041,2026-01-28 09:04:03,0,0
A05470,U00850,C00165,CAM0007,2026-09-04 20:53:12,1,1
A05471,U00757,C00177,CAM0017,2025-01-22 07:12:20,0,0
A05472,U00601,C00068,CAM0042,2026-01-25 18:09:38,0,0
A05473,U00709,C00193,CAM0010,2026-05-15 17:22:01,0,0
A05474,U00755,C00078,CAM0034,2025-12-07 02:51:12,0,1
A05475,U00316,C99999,CAM0015,2026-05-22 17:36:03,1,0
A05476,U00707,C00090,CAM0036,2025-10-31 01:08:52,0,0
A05477,U00245,C00162,CAM0008,2026-02-19 04:18:42,1,0
A05478,U00914,C00184,CAM0036,2025-01-31 22:46:34,1,0
A05479,U00651,C00114,CAM0036,2025-02-09 05:39:12,1,0
A05480,U00591,C00133,CAM0023,2025-08-22 23:27:25,0,1
A05481,U00795,C00053,CAM0012,2025-05-31 13:25:22,1,0
A05482,U00342,C00032,CAM0058,2025-06-03 11:03:08,1,0
A05483,U00450,C00082,CAM0042,2025-09-04 05:08:50,1,0
A05484,U00067,C00118,CAM0014,2026-05-17 20:08:14,1,0
A05485,U00411,C00039,CAM0048,2025-01-25 18:26:39,1,0
A05486,U00585,C00229,CAM0056,2025-08-16 21:19:38,0,0
A05487,U00531,C00096,CAM0011,2025-01-22 02:06:35,1,0
A05488,U00467,C00187,CAM0045,2026-05-12 02:49:22,0,0
A05489,U00295,C00212,CAM0048,2025-02-26 12:44:49,0,0
A05490,U00732,C00070,CAM0032,2026-02-10 12:09:27,1,clicked
A05491,U00056,C00005,CAM0044,2026-09-09 14:54:03,1,0
A05492,U99999,C00164,CAM0052,2025-05-30 03:23:48,1,0
A05493,U00336,C00049,CAM0012,2025-07-18 17:13:12,1,0
A05494,U00627,C00039,CAM0038,2026-06-13 07:52:58,1,1
A05495,U00938,C00206,CAM0039,2025-12-23 21:45:21,1,0
A05496,U00137,C00144,CAM0049,2025-11-11 23:20:01,0,0
A05497,U00220,C00066,CAM0009,2026-07-31 13:15:39,0,0
A05498,U00378,C00099,CAM0009,2025-08-02 15:46:45,1,1
A05499,U00486,C00083,CAM0005,2025-11-04 08:22:58,1,1
A05500,U00233,C00001,CAM0016,2025-03-01 05:36:19,1,0
A05501,U00119,C00210,CAM0007,2025-11-27 10:18:08,0,0
A05502,U00751,C00192,CAM0058,2025-08-05 12:57:43,0,0
A05503,U00426,C00189,CAM0044,,1,0
A05504,U00694,C00225,CAM0029,2025-12-03 16:39:01,0,0
A05505,U00991,C00234,CAM0001,2026-05-04 22:33:49,1,0
A05506,U00718,C00137,CAM0047,2026-09-10 01:02:42,0,0
A05507,U00444,C00174,CAM0026,2026-06-12 18:08:48,1,1
A05508,U00406,C00196,CAM0009,2025-11-01 04:17:56,0,0
A05509,U00711,C00085,CAM0036,2026-01-28 20:36:44,0,1
A05510,U00895,C00031,CAM0056,2025-02-05 14:20:28,0,0
A05511,U00645,C00085,CAM0036,2025-07-31 03:30:52,1,0
A05512,U00976,C00128,CAM0032,2026-05-04 23:24:34,1,0
A05513,U00293,C00031,CAM0030,2025-08-29 11:19:18,0,0
A05514,U00509,C00022,CAM0060,2025-09-30 10:09:58,0,0
A05515,U00143,C00179,CAM0008,2025-07-12 06:41:00,1,1
A05516,U00993,C00225,CAM0002,2026-09-12 18:20:05,1,0
A05517,U00146,C00214,CAM0056,2025-01-29 01:28:53,0,0
A05518,U00996,C00210,CAM0051,2025-11-23 19:37:29,0,0
A05519,U00830,C00149,CAM0056,2026-01-25 16:13:40,1,0
A05520,U00442,C00123,CAM0049,2026-09-11 14:59:13,0,0
A05521,U00764,C00070,CAM0042,2025-10-16 02:57:09,1,0
A05522,U00764,C00180,CAM0031,2025-03-25 14:48:25,1,0
A05523,U00718,C00044,CAM0019,2025-12-13 19:04:12,1,0
A05524,U00837,C00142,CAM0039,2025-09-14 03:03:02,0,0
A05525,U00008,C00003,CAM0053,2025-09-09 02:22:18,0,0
A05526,U00408,C00206,CAM0018,2025-05-02 19:05:23,1,0
A05527,U00303,C00202,CAM0044,2025-09-21 03:16:45,1,0
A05528,U00193,C00072,CAM0030,2025-10-23 15:02:40,0,0
A05529,U00302,C00002,CAM0001,2025-03-25 17:28:37,0,0
A05530,U00095,C00075,CAM0016,2025-08-24 21:18:48,0,0
A05531,U00290,C00092,CAM0013,2026-03-06 08:33:00,0,1
A05532,U00474,C00213,CAM0031,2025-04-29 16:50:37,0,0
A05533,U00207,C00060,CAM0037,2025-01-10 12:28:20,1,0
A05534,U00752,C00222,CAM0020,2026-05-07 12:03:44,0,0
A05535,U00230,C00025,CAM0002,2026-09-17 02:30:37,0,0
A05536,U00944,C00230,CAM0048,2025-09-01 19:33:00,0,0
A05537,U00564,C00057,CAM0015,2026-01-05 02:26:57,0,1
A05538,U00630,C00207,CAM0004,2025-01-27 16:06:33,0,0
A05539,U00162,C00046,CAM0018,2026-05-06 02:51:10,0,1
A05540,U00580,C00182,CAM0014,2025-03-17 03:24:38,1,1
A05541,U00242,C00186,CAM0045,2026-09-07 05:28:41,0,0
A05542,U00088,C00245,CAM0033,2025-01-15 20:56:00,0,0
A05543,U00961,C00124,CAM0050,2026-06-09 16:33:05,1,0
A05544,U00365,C00036,CAM0016,2025-10-06 03:00:04,2,0
A05545,U00733,C00179,CAM0054,2026-09-17 14:38:42,0,0
A05546,U00133,C00190,CAM0017,2025-06-10 09:19:17,1,0
A05547,U00082,C00115,CAM0026,2026-04-17 05:00:20,0,0
A05548,U00293,C00008,CAM0010,2025-12-28 00:45:04,1,0
A05549,U00622,C00038,CAM0038,2025-05-28 14:07:11,0,1
A05550,U00173,C00199,CAM0051,2026-03-29 08:30:16,1,0
A05551,U00364,C00174,CAM0039,2025-06-28 00:29:58,1,0
A05552,U00017,C00181,CAM0054,2026-05-21 14:17:33,1,clicked
A05553,U00771,C00209,CAM0038,2025-08-20 01:35:34,0,0
A05554,U00274,C00161,CAM0052,2026-01-17 01:59:54,1,0
A05555,U00240,C00003,CAM0053,2025-03-11 06:59:57,0,0
A05556,U00985,C00007,CAM0021,2025-04-06 16:56:08,1,0
A05557,U00937,C00181,CAM0043,2026-05-12 13:58:50,1,0
A05558,U00477,C00228,CAM0032,2026-03-04 03:46:06,1,1
A05559,U00074,C00008,CAM0008,2025-04-10 00:31:24,1,0
A05560,U00585,C00123,CAM0035,2026-08-29 11:17:17,1,0
A05561,U00338,C00215,CAM0008,2025-11-07 18:31:31,1,0
A05562,U00763,C00005,CAM0024,,0,0
A05563,U00901,C00206,CAM0040,2025-12-10 14:33:46,0,0
A05564,U00225,C00163,CAM0006,2025-10-16 16:15:34,0,0
A05565,U00436,C00042,CAM0048,2026-09-17 05:25:26,1,0
A05566,U00964,C00147,CAM0031,2025-08-22 08:42:53,yes,0
A05567,U00493,C00198,CAM0045,2026-02-12 14:07:29,0,0
A05568,U00173,C00050,CAM0019,2025-05-21 19:03:31,0,0
A05569,U00147,C00178,CAM0014,2025-01-28 10:21:18,1,0
A05570,U00717,C00024,CAM0046,2025-05-22 14:09:09,1,0
A05571,U00783,C00027,CAM0016,2025-06-05 22:10:28,1,0
A05572,U00848,C00050,CAM0029,2025-07-16 03:15:16,0,1
A05573,U00737,C00210,CAM0010,2026-08-11 06:21:42,0,0
A05574,U00927,C00151,CAM0034,2025-05-26 00:02:30,1,0
A05575,U00019,C00099,CAM0028,2025-04-22 11:41:37,1,0
A05576,U00794,C00147,CAM0031,2026-05-07 22:31:19,0,0
A05577,U00140,C00047,CAM0029,2026-03-20 13:54:32,0,0
A05578,U00747,C00109,CAM0011,2026-05-27 23:34:08,0,1
A05579,U00352,C00206,CAM0059,2025-04-29 23:07:00,0,1
A05580,U00492,C00088,CAM0034,2026-01-31 00:25:41,1,0
A05581,U00290,C00060,CAM0045,2025-11-05 23:39:57,1,0
A05582,U00691,C00149,CAM0013,2025-07-23 18:16:25,1,1
A05583,U00055,C00052,CAM0009,2026-02-10 04:34:51,1,0
A05584,U00275,C00196,CAM0019,2025-11-30 18:10:47,1,1
A05585,U00350,C00146,CAM0045,2025-08-31 10:26:15,0,1
A05586,U00761,C00123,CAM0038,2025-04-12 19:15:34,0,0
A05587,U00368,C00104,CAM0007,2026-06-21 05:51:19,0,0
A05588,U00929,C00006,CAM0031,2025-09-17 17:30:53,1,0
A05589,U00648,C00143,CAM0035,2025-05-01 06:20:23,1,1
A05590,U00698,C00031,CAM0031,2025-02-18 05:45:05,0,0
A05591,U00800,C00108,CAM0016,2025-09-27 20:33:47,0,0
A05592,U00002,C99999,CAM0017,2026-05-15 08:30:23,1,0
A05593,U00703,C00041,CAM0011,2026-08-24 11:53:40,1,0
A05594,U00572,C00006,CAM0030,2025-09-02 06:30:37,0,0
A05595,U00860,C00220,CAM0050,2026-09-06 00:32:52,1,0
A05596,U00512,C00019,CAM0049,2026-08-27 06:55:23,1,0
A05597,U00065,C00059,CAM0015,2026-03-02 16:54:11,1,0
A05598,U00996,C00098,CAM0028,2025-06-03 18:05:27,0,0
A05599,U00592,C00143,CAM0015,2025-08-10 21:17:03,0,0
A05600,U00305,C00095,CAM0053,2026-01-09 19:29:53,0,0
A05601,U00889,C00127,CAM0031,2025-09-03 12:01:34,0,0
A05602,U00215,C00057,CAM0031,2025-08-09 07:23:30,1,0
A05603,U00769,C00218,CAM0056,2025-09-05 07:16:32,1,0
A05604,U00028,C00150,CAM0024,2025-04-22 08:20:42,1,1
A05605,U00105,C00176,CAM0016,2026-03-05 07:54:03,0,0
A05606,U00726,C00096,CAM0027,2025-07-04 20:35:48,1,1
A05607,U00283,C00250,CAM0045,2026-09-05 02:40:21,0,0
A05608,U00571,C00186,,2025-04-17 20:43:19,1,1
A05609,U00552,C00094,CAM0020,2025-10-01 03:36:11,1,0
A05610,U00019,C00240,CAM0020,2025-03-26 17:06:19,1,1
A05611,U00662,C00154,CAM0051,2025-01-22 23:45:16,1,0
A05612,U00923,C00098,CAM0003,2026-08-26 20:55:06,1,1
A05613,U00836,C00169,CAM0039,2026-07-20 14:08:47,0,0
A05614,U00726,C00067,CAM0039,2026-06-22 22:38:28,0,0
A05615,U00198,C00023,CAM0036,2025-04-15 06:18:09,0,0
A05616,U00903,C00219,CAM0039,2025-02-10 05:54:33,1,1
A05617,U00559,C00226,,2025-08-19 02:06:51,0,0
A05618,U00813,C00001,CAM0040,2025-07-20 08:25:44,0,0
A05619,U00506,C00209,CAM0018,2026-01-15 11:20:57,1,1
A05620,U00529,C00039,CAM0027,2026-02-01 06:04:57,1,0
A05621,U00303,C00083,CAM0059,2026-02-08 03:31:08,0,0
A05622,U00701,C00076,CAM0003,2026-03-25 14:40:12,0,1
A05623,U00113,C00070,,2025-05-16 19:24:52,1,0
A05624,U00242,C00198,CAM0058,2026-04-28 08:31:26,0,0
A05625,U00273,C00243,CAM0041,2026-04-03 15:46:36,0,0
A05626,U00207,C00059,CAM0027,2025-04-20 00:24:54,,1
A05627,U00502,C00120,CAM0021,2025-02-12 00:28:27,1,0
A05628,U00751,C00188,CAM0058,2026-01-08 06:09:04,0,0
A05629,U00727,C00236,CAM0042,2025-09-24 12:44:10,1,0
A05630,U00589,C00243,CAM0003,2025-07-19 10:49:29,0,0
A05631,U00369,C00130,CAM0048,2026-07-18 07:08:20,1,0
A05632,U00205,C00146,CAM0005,2025-06-02 19:39:35,1,1
A05633,U00454,C00079,CAM0016,2025-07-19 02:29:09,0,0
A05634,U00386,C00225,CAM0029,2025-02-25 12:04:35,1,0
A05635,U00070,C00238,CAM0028,2025-08-20 17:50:11,1,0
A05636,U00998,C00223,CAM0048,2026-01-10 22:13:04,0,0
A05637,U00146,C00162,CAM0059,2026-08-12 07:49:42,0,0
A05638,U00231,C00054,CAM0019,2026-07-06 18:53:37,0,1
A05639,U00601,C00077,CAM0057,2025-10-26 19:54:46,1,0
A05640,U00582,C00074,CAM0017,2025-10-10 19:44:10,0,0
A05641,U00309,C00008,CAM0007,2025-12-14 14:45:54,1,1
A05642,U00895,C00118,CAM0053,2025-10-18 08:42:08,0,0
A05643,U00006,C00060,CAM0020,2026-03-25 14:47:15,1,0
A05644,U00797,C00029,CAM0021,2025-04-10 05:52:34,0,1
A05645,U00300,C00079,CAM0004,2026-03-09 12:41:57,1,0
A05646,U00019,C00185,CAM0035,,1,0
A05647,U00294,C00008,CAM0043,2025-06-19 19:09:40,0,0
A05648,U00708,C00170,CAM0042,2025-07-15 17:06:50,1,0
A05649,U00902,C00141,CAM0043,2026-01-21 08:34:39,1,0
A05650,U00659,C00210,CAM0047,2025-12-10 02:29:38,1,0
A05651,U00928,C00022,CAM0037,2025-07-07 07:30:58,0,1
A05652,U00195,C00048,CAM0030,2025-06-19 19:45:11,0,0
A05653,U00641,C00041,CAM0039,2026-03-10 16:04:04,0,0
A05654,U00522,C00002,CAM0049,2026-06-25 22:28:54,1,0
A05655,U00417,C00155,CAM0040,2025-06-08 07:08:28,1,1
A05656,U00767,C00158,CAM0029,2025-01-04 12:12:28,1,0
A05657,U00169,C00148,CAM0023,2025-11-02 03:46:51,1,0
A05658,U00569,C00069,CAM0038,2025-06-19 23:03:49,0,clicked
A05659,U00722,C00073,CAM0016,2025-10-25 22:04:54,0,1
A05660,U00816,C00225,CAM0007,2025-07-19 15:25:50,0,1
A05661,U00179,C00038,,2025-04-27 04:35:18,0,0
A05662,U00309,C00132,CAM0027,2025-12-23 21:07:26,0,0
A05663,U00214,C00124,CAM0041,2026-03-07 18:51:04,0,0
A05664,U00795,C00203,CAM0020,2026-03-29 00:08:30,1,0
A05665,U00245,C00161,CAM0019,2026-05-10 22:01:31,0,0
A05666,U00078,C00098,CAM0017,2026-07-05 07:49:36,1,1
A05667,U00988,C00166,CAM0029,2025-03-20 20:22:53,0,0
A05668,U00880,C00169,CAM0059,2025-04-27 09:32:46,1,0
A05669,U00310,C00137,CAM0009,2026-04-29 22:37:02,0,0
A05670,U00582,C00214,CAM0054,2025-07-19 09:45:25,0,0
A05671,U00167,C00178,CAM0056,2025-12-25 09:43:10,0,0
A05672,U00327,C00231,CAM0009,2025-06-11 04:05:59,1,1
A05673,U00532,C00019,CAM0019,2026-03-06 01:24:56,0,0
A05674,U00185,C00203,CAM0003,2025-10-13 19:31:51,1,0
A05675,U00344,C00132,,2026-01-20 12:16:42,0,0
A05676,U00014,C00067,CAM0008,2026-07-24 07:06:01,yes,0
A05677,U00357,C00104,CAM0052,2025-07-05 12:09:42,0,0
A05678,U00032,C00005,CAM0020,2025-10-10 11:10:42,1,0
A05679,U00851,C00096,CAM0059,2025-04-26 19:31:03,1,0
A05680,U00285,C00100,CAM0060,2025-02-13 11:26:16,1,1
A05681,U00619,C99999,CAM0027,2026-01-26 17:46:52,0,0
A05682,U00303,C00180,CAM0024,2026-02-13 22:29:29,0,1
A05683,U00736,C00158,CAM0027,2025-07-06 15:30:29,0,0
A05684,U00768,C00103,CAM0054,2026-01-03 16:59:09,1,0
A05685,U00054,C00168,CAM0013,2025-12-10 19:57:41,1,0
A05686,U00757,C00247,CAM0032,2026-02-03 22:17:51,0,0
A05687,U00239,C00157,CAM0001,2025-01-06 17:40:23,1,0
A05688,U00446,C00042,CAM0034,2025-11-09 12:27:26,0,0
A05689,U00057,C00226,CAM0022,2025-01-04 09:00:21,1,0
A05690,U00960,C00094,CAM0033,2026-06-21 15:48:05,1,1
A05691,U00394,C00102,CAM0013,2025-03-24 09:56:23,1,0
A05692,U00673,C00156,CAM0036,,1,0
A05693,U00663,C00014,CAM0024,2025-07-13 05:30:13,1,1
A05694,U00453,C00009,CAM0045,2025-07-17 19:30:43,0,0
A05695,U00118,C00003,CAM0026,2025-03-11 09:26:31,0,0
A05696,U00147,C00016,CAM0026,2025-02-17 20:43:54,1,1
A05697,U00611,C00154,CAM0015,2025-07-30 06:51:25,0,0
A05698,U00066,C00180,CAM0053,2025-08-16 16:30:55,1,0
A05699,U00277,C00087,CAM0053,2026-01-15 09:44:42,1,1
A05700,U00047,C00089,CAM0027,2026-08-18 19:31:41,0,1
A05701,U00248,C00120,CAM0029,2025-03-07 00:34:21,0,0
A05702,U00662,C00065,CAM0057,2025-05-07 02:44:12,0,0
A05703,U00826,C00226,CAM0008,2025-05-20 23:22:20,1,0
A05704,U00167,C00036,CAM0001,2025-11-08 07:10:07,0,0
A05705,U00699,C00189,CAM0007,2025-12-14 04:34:57,0,1
A05706,U00772,C00184,CAM0007,2025-08-11 12:06:23,1,0
A05707,U00898,C00030,CAM0019,2025-01-18 11:44:33,0,0
A05708,U00609,C00044,CAM0005,2026-06-28 00:12:06,0,0
A05709,U00663,C00185,CAM0033,2025-07-11 08:01:08,1,1
A05710,U00193,C00176,CAM0055,2026-06-16 17:57:06,1,0
A05711,U00915,C00114,CAM0053,2026-06-13 07:20:05,1,0
A05712,U00267,C00049,CAM0041,2025-12-19 08:45:58,0,0
A05713,U00931,C00075,CAM0005,2026-07-10 09:21:10,0,0
A05714,U00738,C00045,CAM0007,2026-08-02 16:27:13,0,0
A05715,U00819,C00190,CAM0059,2026-06-24 22:10:33,1,1
A05716,U00733,C00248,CAM0013,2025-11-04 05:52:12,1,0
A05717,U00279,C00001,CAM0048,2026-08-04 02:56:48,0,0
A05718,U00930,C00072,CAM0013,2026-02-02 13:53:26,1,0
A05719,U00188,C00105,CAM0055,2026-02-10 20:47:27,1,0
A05720,U00565,C00191,CAM0048,2025-11-30 18:42:41,0,0
A05721,U00207,C00158,,2025-02-05 05:07:12,0,0
A05722,U00576,C00194,CAM0018,2026-02-12 05:42:15,0,0
A05723,U00423,C00175,CAM0049,2026-05-16 10:54:51,1,1
A05724,U00787,C00082,CAM0058,2025-11-18 14:34:00,1,1
A05725,U00406,C00102,CAM0016,2025-06-03 23:46:30,0,0
A05726,U00168,C00239,CAM0022,2025-07-18 07:20:58,0,1
A05727,U00213,C00027,CAM0056,2025-10-31 23:50:41,1,1
A05728,U00625,C00129,CAM0030,2025-09-01 15:54:28,0,0
A05729,U00745,C00102,CAM0017,2025-11-04 10:32:09,0,1
A05730,U00190,C00234,CAM0021,2026-07-09 01:03:56,0,0
A05731,U00276,C00140,CAM0060,2025-05-16 19:53:20,0,0
A05732,U00686,C00117,CAM0048,2025-08-11 15:59:08,1,0
A05733,U00444,C00155,CAM0026,2025-11-10 04:10:19,0,1
A05734,U00301,C00233,CAM0035,2026-03-20 22:00:01,1,0
A05735,U00961,C00166,CAM0001,2025-03-23 08:32:24,0,0
A05736,U00779,C00017,CAM0053,2026-07-05 21:31:02,1,1
A05737,U00398,C00042,CAM0026,2026-03-21 02:46:57,1,0
A05738,U00867,C00092,CAM0014,2026-06-25 16:07:20,1,0
A05739,U00420,C00072,CAM0037,2025-11-02 08:31:18,0,0
A05740,U00796,C00145,CAM0031,2025-12-01 02:09:11,1,1
A05741,U00674,C00007,CAM0046,2026-03-02 14:05:39,0,0
A05742,U00360,C00228,CAM0008,2026-05-13 10:42:07,0,0
A05743,U00234,C00159,CAM0034,2026-04-01 12:37:36,1,1
A05744,U00178,C00193,CAM0032,2025-02-09 02:47:07,1,0
A05745,U00390,C00247,CAM0036,2025-08-28 11:21:41,0,1
A05746,U00694,C00019,CAM0055,2025-10-10 23:16:51,1,0
A05747,U00838,C00109,CAM0016,2025-10-06 19:13:27,1,0
A05748,U00833,C00224,CAM0039,2026-08-08 20:38:20,0,1
A05749,U00147,C00165,CAM0035,2025-05-28 02:44:30,1,0
A05750,U00035,C00101,CAM0052,2025-09-04 17:10:44,0,0
A05751,U00439,C00130,CAM0050,2025-01-09 09:11:21,0,0
A05752,U00266,C00243,CAM0006,2025-07-03 05:46:26,1,0
A05753,U00772,C00165,CAM0038,2025-04-25 09:02:40,1,0
A05754,U00660,C00188,CAM0010,2025-11-27 18:24:08,1,0
A05755,U00271,C00011,CAM0029,2026-03-29 06:56:52,0,0
A05756,U00648,C00109,CAM0013,2025-07-11 06:40:14,0,0
A05757,U00680,C00016,CAM0027,2026-05-10 21:33:21,1,0
A05758,U00428,C00070,CAM0058,2025-05-12 11:18:16,0,1
A05759,U00084,C00045,CAM0005,2025-03-18 17:27:22,0,1
A05760,U00907,C00031,CAM0050,2025-05-05 04:39:15,1,0
A05761,U00535,C00060,CAM0038,2025-12-22 19:15:28,0,0
A05762,U00878,C00051,CAM0049,2026-07-27 04:51:47,1,1
A05763,U00098,C00242,CAM0013,2025-08-28 08:13:09,0,0
A05764,U00582,C00120,CAM0059,2025-10-03 21:56:47,1,0
A05765,U00216,C00184,CAM0019,2026-05-01 10:07:52,1,0
A05766,U00145,C00040,CAM0049,2025-10-16 23:24:38,1,1
A05767,U00957,C00179,CAM0054,2026-07-21 10:33:42,1,0
A05768,U00904,C00196,CAM0003,2026-07-28 04:24:58,1,0
A05769,U00285,C00156,CAM0007,2025-08-10 15:56:47,0,0
A05770,U00233,C00161,CAM0018,2025-12-25 15:57:24,0,0
A05771,U99999,C00119,CAM0053,2025-07-16 14:17:34,0,1
A05772,U00635,C00211,CAM0014,2026-05-29 10:05:57,0,0
A05773,U00664,C00089,CAM0019,2025-08-22 16:52:33,0,1
A05774,U00265,C00200,CAM0008,2026-02-04 21:53:50,0,1
A05775,U00118,C00156,CAM0039,2026-01-31 07:20:01,0,0
A05776,U00149,C00247,CAM0027,2026-03-22 13:56:45,0,0
A05777,U00562,C00133,CAM0030,2025-03-01 02:03:19,0,1
A05778,U00602,C00088,CAM0046,2025-10-31 02:27:35,0,0
A05779,U00859,C00232,CAM0050,2025-03-01 13:37:59,1,1
A05780,U00356,C00196,CAM0034,2026-03-30 07:06:57,0,1
A05781,U00891,C00206,CAM0040,2026-09-08 21:16:06,1,0
A05782,U00078,C00113,CAM0031,2025-12-28 14:05:00,0,0
A05783,U00239,C00008,CAM0048,2025-10-20 00:50:28,0,0
A05784,U00093,C00046,CAM0027,2026-01-28 19:58:54,0,0
A05785,U00165,C00056,CAM0045,2026-08-21 20:40:54,0,1
A05786,U00436,C00222,CAM0044,2025-02-03 07:26:54,0,0
A05787,U00942,C00172,CAM0033,2026-01-13 05:32:22,1,0
A05788,U00886,C00092,CAM0059,2025-07-08 10:45:12,0,0
A05789,U00030,C00245,CAM0010,2026-09-06 10:19:35,0,0
A05790,U00412,C00101,CAM0033,2025-08-03 05:51:08,0,1
A05791,U00318,C00032,CAM0040,2026-07-30 01:24:10,0,1
A05792,U00890,C00116,CAM0050,2025-07-10 02:41:38,0,1
A05793,U00577,C00140,CAM0029,2026-02-22 15:22:40,0,0
A05794,U00108,C00213,CAM0014,2025-05-24 20:45:35,1,0
A05795,U00643,C00142,CAM0044,2025-05-25 05:41:07,0,0
A05796,U00949,C00109,CAM0011,2025-11-13 14:51:37,0,0
A05797,U00394,C00038,CAM0019,2025-01-16 18:04:25,0,1
A05798,U00843,C00008,CAM0010,2026-09-03 10:44:37,,0
A05799,U00302,C00240,CAM0040,2026-05-15 17:26:45,1,0
A05800,U00314,C00151,CAM0021,2026-01-27 05:26:24,0,1
A05801,U00623,C00196,CAM0024,2025-06-15 05:27:33,0,0
A05802,U00049,C00164,CAM0014,2025-06-11 18:12:19,0,0
A05803,U00310,C00031,CAM0015,2026-03-16 21:19:11,0,0
A05804,U00032,C00221,CAM0014,2025-12-23 14:10:28,1,-1
A05805,U00196,C00083,CAM0020,2026-03-31 01:03:04,0,0
A05806,U00902,C00184,CAM0032,2025-09-08 06:58:51,0,0
A05807,U00731,C00244,CAM0001,2025-08-01 06:43:05,1,clicked
A05808,U00791,C00086,CAM0041,2025-06-10 01:21:23,1,1
A05809,U00063,C00202,CAM0043,2025-02-17 04:24:25,1,1
A05810,U00469,C00235,CAM0054,2026-08-31 18:24:53,0,0
A05811,U00007,C00100,CAM0026,2025-10-11 18:59:30,1,1
A05812,U00940,C00213,CAM0012,2025-03-13 23:16:09,0,1
A05813,U00099,C00049,CAM0030,2025-03-06 21:32:32,1,0
A05814,U00019,C00064,CAM0010,2026-09-02 17:38:36,1,1
A05815,U00641,C00190,CAM0045,2025-06-03 17:09:10,1,1
A05816,U00027,C00011,CAM0052,2025-01-29 10:42:28,1,0
A05817,U00097,C00225,CAM0056,2025-12-01 01:13:19,0,1
A05818,U00920,C00237,CAM0018,2025-03-19 17:50:44,1,1
A05819,U00795,C00248,CAM0006,2026-05-14 18:55:42,1,1
A05820,U00749,C00053,CAM0006,2025-08-09 06:53:27,1,0
A05821,U00121,C00013,CAM0017,2025-12-11 23:05:14,1,1
A05822,U00843,C00094,CAM0013,2025-02-28 04:22:35,1,0
A05823,U00994,C00003,CAM0043,2025-03-03 10:02:17,1,0
A05824,U00112,C00011,CAM0026,2025-09-16 03:46:54,0,0
A05825,U00901,C00036,CAM0029,2025-12-22 12:23:11,0,0
A05826,U99999,C00132,CAM0037,2026-01-15 07:14:21,1,0
A05827,U00827,C00085,CAM0007,2026-07-20 13:34:57,0,0
A05828,U00737,C00069,CAM0019,2026-04-18 18:05:31,1,1
A05829,U99999,C00186,CAM0045,2026-04-04 15:53:40,0,0
A05830,U00414,C00116,CAM0019,2026-05-13 02:18:36,1,0
A05831,U00714,C00184,CAM0028,2026-04-08 01:53:30,0,0
A05832,U00667,C00200,CAM0025,2026-06-01 08:46:49,0,1
A05833,U00947,C00103,CAM0012,2025-02-18 04:14:01,1,1
A05834,U00754,C00178,CAM0002,2025-07-27 03:03:41,0,1
A05835,U00560,C00116,CAM0058,2025-12-11 21:09:23,0,0
A05836,U00192,C00232,CAM0030,2026-02-01 08:38:56,0,1
A05837,U00120,C00051,CAM0060,2025-03-21 20:12:26,1,0
A05838,U00841,C00221,CAM0014,2026-04-08 20:40:38,0,0
A05839,U00703,C00114,CAM0033,2025-10-18 04:55:29,1,1
A05840,U00393,C00085,CAM0030,2025-05-02 08:49:09,0,0
A05841,U00462,C00181,CAM0006,2026-05-06 12:25:10,0,0
A05842,U00516,C00240,CAM0005,2025-06-28 00:19:29,0,0
A05843,U00291,C00030,CAM0053,2025-04-28 11:12:49,1,0
A05844,U00580,C00109,CAM0001,2025-03-16 04:45:18,0,0
A05845,U00988,C00079,CAM0035,2026-08-10 20:05:32,1,0
A05846,U00401,C00135,CAM0007,2026-03-17 08:56:33,0,1
A05847,U00831,C00118,CAM0053,2025-11-28 07:51:51,1,0
A05848,U00582,C00106,CAM0029,2025-03-06 10:29:42,1,1
A05849,U00855,C00024,CAM0010,2025-10-12 09:14:24,0,0
A05850,U00941,C00121,CAM0004,2026-09-14 01:50:14,0,0
A05851,U00084,C00030,CAM0027,2026-07-21 22:49:40,1,0
A05852,U00815,C00226,CAM0031,2026-01-07 09:48:03,1,0
A05853,U00430,C00227,CAM0012,2026-03-10 14:06:51,1,0
A05854,U00405,C00027,CAM0025,2026-05-29 01:49:34,0,0
A05855,U00726,C00201,CAM0048,2026-01-26 15:45:17,0,1
A05856,U00503,C00114,CAM0060,2025-10-13 14:15:00,1,0
A05857,U00938,C00156,CAM0035,2025-10-06 12:41:07,1,0
A05858,U00476,C00170,CAM0008,2025-08-20 13:05:01,0,0
A05859,U00445,C00041,CAM0006,2025-10-10 18:16:02,0,0
A05860,U00538,C00173,CAM0010,2025-06-24 20:27:09,0,0
A05861,U00960,C00017,CAM0047,2025-01-04 04:44:14,1,1
A05862,U00555,C00115,CAM0007,2025-09-30 00:32:27,1,0
A05863,U00147,C00048,CAM0001,2025-11-27 06:53:00,1,1
A05864,U00077,C00236,CAM0021,2025-10-13 09:45:12,1,1
A05865,U00349,C00004,CAM0017,2026-06-01 04:21:28,1,1
A05866,U00393,C00094,CAM0053,2025-09-21 19:04:27,0,0
A05867,U00864,C00112,CAM0004,2025-09-24 17:42:17,1,0
A05868,U00223,C00097,CAM0041,2025-08-09 01:47:38,1,0
A05869,U00569,C00063,CAM0001,2026-04-22 01:15:31,0,0
A05870,U00493,C00211,CAM0028,2026-01-09 14:23:25,0,0
A05871,U00714,C00229,CAM0046,2025-12-06 18:47:46,0,0
A05872,U00332,C00028,CAM0008,2026-05-14 06:38:46,0,0
A05873,U00175,C00070,CAM0056,2026-03-01 13:25:16,1,0
A05874,U00548,C00031,CAM0039,2026-08-20 12:04:09,1,0
A05875,U00899,C00114,CAM0030,2025-03-29 04:34:32,0,0
A05876,U00078,C00089,CAM0008,2026-07-15 16:40:37,1,1
A05877,U00494,C00129,CAM0036,2025-04-26 08:38:14,0,0
A05878,U00369,C00020,CAM0015,2025-10-04 06:29:59,0,0
A05879,U00470,C00091,CAM0038,2025-04-19 03:46:53,0,0
A05880,U00082,C00171,CAM0040,2026-04-06 06:05:11,1,0
A05881,U00229,C00129,CAM0004,2026-04-20 08:12:42,1,1
A05882,U00523,C00081,CAM0005,2026-05-27 01:08:37,1,0
A05883,U00253,C00172,CAM0033,2026-09-15 21:35:30,1,0
A05884,U00527,C00056,CAM0034,2025-10-23 06:12:35,1,0
A05885,U00659,C00119,CAM0002,2026-05-11 04:14:14,1,0
A05886,U00432,C00240,CAM0055,2025-12-25 08:44:45,1,0
A05887,U00193,C00145,CAM0021,2026-05-23 14:39:48,1,1
A05888,U00282,C00039,CAM0010,2025-06-27 00:54:01,0,0
A05889,U00300,C00149,CAM0056,2025-02-02 05:00:12,0,1
A05890,U00184,C00036,CAM0052,2025-10-09 05:47:52,0,0
A05891,U00752,C00149,CAM0046,2026-01-16 21:17:33,0,1
A05892,U00514,C00029,CAM0040,2025-11-12 19:14:05,0,0
A05893,U00699,C00105,CAM0053,2025-08-18 03:02:20,1,1
A05894,U00615,C00223,CAM0047,2025-03-12 03:21:41,1,0
A05895,U00496,C00217,CAM0033,2025-07-20 20:12:13,0,0
A05896,U00210,C00188,CAM0025,2025-11-29 11:14:12,0,0
A05897,U00058,C00201,CAM0028,2026-07-09 23:33:07,0,0
A05898,U00412,C00205,CAM0002,2025-11-09 14:47:46,1,0
A05899,U00188,C00234,CAM0031,2025-09-22 14:22:46,1,0
A05900,U00272,C00207,CAM0010,2025-09-30 16:35:03,0,0
A05901,U00655,C00211,CAM0047,2026-01-23 15:28:46,0,0
A05902,U00810,C00064,CAM0003,2026-05-06 23:32:44,0,1
A05903,U00614,C00081,CAM0031,2026-05-06 07:55:10,1,0
A05904,U00216,C00006,CAM0030,2025-08-12 16:22:05,1,0
A05905,U00673,C00171,CAM0039,2026-01-25 20:40:51,0,0
A05906,U00705,C00246,CAM0023,2025-03-17 05:41:14,0,0
A05907,U00030,C00103,CAM0013,2026-02-19 14:28:58,1,0
A05908,U00464,C00170,CAM0035,2025-03-09 23:23:36,1,0
A05909,U00080,C00135,CAM0008,2025-10-20 10:31:39,1,1
A05910,U00342,C00035,CAM0057,2026-08-16 07:02:20,1,1
A05911,U00289,C00102,CAM0055,2026-09-14 20:34:18,1,0
A05912,U00941,C00092,CAM0030,2025-07-16 04:45:01,0,1
A05913,U00393,C00050,CAM0006,2025-12-02 01:58:53,1,0
A05914,U00626,C00217,CAM0015,2025-09-22 12:21:18,0,1
A05915,U00125,C00207,CAM0055,2025-02-15 09:33:20,0,1
A05916,U00310,C00141,CAM0029,2025-03-19 02:48:18,1,0
A05917,U00306,C00089,CAM0026,2026-06-11 04:37:27,0,0
A05918,U00882,C00229,CAM0004,2025-02-01 08:37:00,1,0
A05919,U00251,C00030,CAM0028,2025-08-09 00:31:37,0,0
A05920,U00844,C00204,CAM0030,2026-03-20 17:02:56,1,0
A05921,U00527,C00145,CAM0005,2025-08-15 00:17:51,1,1
A05922,U00373,C00176,CAM0006,2026-03-15 07:08:15,0,0
A05923,U00490,C00071,CAM0037,2026-04-10 12:04:53,0,0
A05924,U00474,C00150,CAM0029,2026-01-26 17:49:25,1,1
A05925,U00700,C00008,CAM0054,2026-01-24 10:20:33,1,1
A05926,U00057,C00231,CAM0029,2026-03-18 12:42:31,1,1
A05927,U00735,C00217,,2025-01-20 15:50:32,1,0
A05928,U00825,C00091,CAM0043,2025-05-01 13:24:15,1,1
A05929,U00634,C99999,CAM0038,2026-06-25 22:37:49,1,0
A05930,U00752,C00210,CAM0019,2026-05-23 01:03:56,yes,0
A05931,U00479,C00198,CAM0019,2025-08-26 02:04:04,0,0
A05932,U00200,C00209,CAM0041,2025-05-14 22:52:19,0,0
A05933,U00745,C00067,CAM0002,2025-03-07 21:18:50,1,0
A05934,U00569,C00103,CAM0046,2025-08-23 14:34:36,0,0
A05935,U00205,C00237,CAM0024,2026-04-02 05:24:19,1,0
A05936,U00353,C00244,CAM0014,2026-06-24 03:00:02,1,0
A05937,U00308,C00207,CAM0033,2026-04-30 08:04:40,1,0
A05938,U00294,C00205,CAM0033,2025-05-09 13:10:21,1,1
A05939,U00116,C00040,CAM0027,2026-08-26 14:37:11,0,0
A05940,U00162,C00196,CAM0027,2025-12-22 22:08:37,0,0
A05941,U00219,C00123,CAM0006,2026-05-30 14:09:52,1,0
A05942,U00523,C00048,CAM0055,2026-03-08 16:13:23,1,1
A05943,U00249,C00175,CAM0006,2026-03-05 13:54:54,0,0
A05944,U00108,C00083,CAM0050,2025-07-14 09:21:39,1,0
A05945,U00072,C00189,CAM0020,2025-01-10 20:45:27,0,0
A05946,U00144,C00177,CAM0047,2026-09-13 03:18:36,1,0
A05947,U00219,C00011,CAM0054,2026-06-08 05:23:43,0,1
A05948,U00645,C00068,CAM0056,2025-10-30 02:48:42,1,0
A05949,U00510,C00218,CAM0016,2026-09-09 01:28:37,0,0
A05950,U00351,C00139,CAM0003,2026-04-10 12:24:03,1,0
A05951,U00790,C00179,CAM0057,2025-10-29 09:14:28,1,0
A05952,U00882,C00240,CAM0047,2025-10-23 09:55:44,0,0
A05953,U00708,C00026,CAM0058,2025-01-21 00:58:59,1,0
A05954,U00260,C00088,CAM0045,2025-03-02 08:44:58,1,0
A05955,U00601,C00016,CAM0027,2025-07-23 20:00:33,1,0
A05956,U00362,C00243,CAM0047,2026-07-23 12:08:55,0,0
A05957,U00293,C00186,CAM0045,2025-01-08 18:10:41,0,0
A05958,U00533,C00214,CAM0020,2026-03-13 08:09:32,1,0
A05959,U00637,C00231,CAM0016,2025-02-20 01:12:09,0,0
A05960,U00382,C00238,CAM0029,2025-03-04 04:40:33,1,0
A05961,U00243,C00106,CAM0022,2025-09-11 18:35:39,0,0
A05962,U00251,C00039,CAM0029,2025-06-27 20:44:47,0,1
A05963,U00615,C00031,CAM0034,2025-01-09 13:13:36,0,0
A05964,U00847,C00012,CAM0041,2025-04-12 19:52:09,0,1
A05965,U00406,C00094,CAM0010,2026-02-24 07:26:13,0,1
A05966,U00293,C00222,CAM0035,2025-03-21 18:46:25,0,0
A05967,U00159,C00214,CAM0010,2025-07-18 13:31:52,0,0
A05968,U00771,C00247,CAM0041,2025-07-24 04:14:18,1,0
A05969,U00443,C00241,CAM0044,2025-08-19 22:18:42,1,0
A05970,U00724,C00049,CAM0009,2025-05-16 00:32:05,0,1
A05971,U00073,C00011,CAM0035,2026-08-20 01:23:04,1,0
A05972,U00361,C00098,CAM0023,2026-03-11 23:19:46,0,0
A05973,U00797,C00129,CAM0056,2026-02-08 08:23:10,0,0
A05974,U00621,C00016,CAM0054,2025-12-05 11:25:16,0,0
A05975,U00598,C00185,CAM0010,2026-08-10 05:21:39,0,0
A05976,U00996,C00067,CAM0011,2025-11-05 13:12:03,1,0
A05977,U00709,C00119,CAM0045,2026-08-17 01:41:44,1,0
A05978,U00069,C00120,CAM0056,2025-07-02 21:19:01,0,0
A05979,U00100,C00213,CAM0004,2026-01-30 00:59:55,1,0
A05980,U00956,C00079,CAM0026,2025-03-18 02:49:18,1,0
A05981,U00188,C00065,CAM0016,2025-08-13 11:58:03,1,0
A05982,U00305,C00246,CAM0015,2025-11-08 08:55:21,0,0
A05983,U00501,C00231,CAM0004,2026-03-05 12:03:36,0,1
A05984,U00907,C00236,CAM0038,2025-12-31 21:21:11,0,0
A05985,U00817,C00070,CAM0045,2025-01-07 22:34:32,1,0
A05986,U00185,C00030,CAM0048,2026-01-05 19:41:56,1,1
A05987,U00367,C00018,CAM0019,2026-06-17 06:13:14,1,0
A05988,U00284,C00098,CAM0001,2026-01-21 06:44:12,1,0
A05989,U00201,C00027,CAM0041,2025-08-15 06:40:24,1,1
A05990,U00446,C00031,CAM0008,2025-02-11 11:11:03,0,0
A05991,U00364,C00022,CAM0019,2025-08-19 12:24:28,1,0
A05992,U00555,C00077,CAM0055,2025-03-09 11:53:05,0,0
A05993,U00436,C00155,CAM0029,2026-05-15 17:50:46,0,
A05994,U00851,C00169,CAM0043,2026-04-29 14:12:07,0,0
A05995,U00940,C00138,CAM0050,2025-10-14 06:50:31,1,0
A05996,U00185,C00125,CAM0056,2025-02-22 00:21:08,1,1
A05997,U00866,C00010,CAM0008,2025-10-22 17:31:02,0,0
A05998,U00226,C00211,CAM0026,2025-11-12 06:21:37,1,0
A05999,U00082,C00234,CAM0009,2026-06-01 06:12:52,0,1
A06000,U00313,C00115,CAM0014,2025-02-23 12:09:03,1,0
A06001,U00025,C00103,CAM0009,2025-03-22 07:32:44,1,0
A06002,U00699,C00128,CAM0057,2025-07-09 20:42:50,0,0
A06003,U00345,C00104,CAM0037,2025-09-17 13:06:11,1,0
A06004,U00461,C00185,CAM0007,2026-08-21 20:10:34,1,0
A06005,U00174,C00103,CAM0006,2025-07-31 06:23:43,0,0
A06006,U00042,C00113,CAM0039,2026-01-25 22:33:59,0,1
A06007,U00843,C00057,CAM0003,2025-12-25 08:24:23,0,0
A06008,U00734,C00010,CAM0030,,1,0
A06009,U00259,C00204,CAM0012,2025-01-05 10:19:35,0,1
A06010,U00816,C00059,CAM0019,2026-05-06 20:37:11,1,0
A06011,U00501,C00006,CAM0054,2026-06-17 09:32:03,1,0
A06012,U00603,C00244,CAM0020,2026-05-12 04:40:46,0,0
A06013,U00089,C00196,CAM0003,2026-08-26 14:22:38,0,0
A06014,U00323,C00083,CAM0014,2026-03-06 15:29:39,0,0
A06015,U00387,C00031,CAM0023,2025-07-07 04:16:39,0,0
A06016,U00049,C00235,CAM0011,2025-05-05 23:18:27,0,1
A06017,U00995,C00199,CAM0045,2026-01-07 23:51:17,1,0
A06018,U00273,C00202,CAM0058,2025-06-07 07:37:34,0,0
A06019,U00007,C00185,CAM0038,2026-07-13 18:42:55,0,0
A06020,U00689,C00116,CAM0051,2025-03-29 04:09:24,1,0
A06021,U00225,C00094,,2026-02-04 21:45:14,0,1
A06022,U00073,C00243,CAM0038,2026-05-01 03:40:56,0,0
A06023,U00636,C00102,CAM0052,2025-07-19 10:38:31,0,1
A06024,U00393,C00008,CAM0005,2025-09-05 22:28:17,0,0
A06025,U00973,C00079,CAM0049,2026-07-20 16:39:43,0,0
A06026,U00727,C00047,CAM0034,2025-11-22 21:04:30,0,0
A06027,U00114,C00054,CAM0058,2025-04-15 19:14:04,1,0
A06028,U00312,C00063,CAM0049,2026-08-22 22:09:21,0,1
A06029,U00599,C00142,CAM0057,2025-05-26 16:14:52,0,0
A06030,U00133,C00054,CAM0049,2025-03-22 07:53:29,0,0
A06031,U00640,C00053,CAM0033,2026-01-02 02:27:00,0,0
A06032,U00723,C00147,CAM0060,2025-10-09 21:05:09,1,0
A06033,U00705,C00100,CAM0013,2025-10-11 14:24:50,1,0
A06034,U00594,C00055,CAM0044,2025-02-25 05:30:13,0,0
A06035,U00922,C00109,CAM0057,2026-01-29 21:42:43,0,1
A06036,U00665,C00086,CAM0028,2026-03-30 15:45:14,1,0
A06037,U00499,C00192,CAM0005,2026-05-10 09:01:20,1,0
A06038,U00620,C00113,CAM0018,2026-08-10 20:18:22,1,0
A06039,U00969,C99999,CAM0053,2025-12-22 16:26:40,1,0
A06040,U00094,C00128,CAM0040,2025-08-26 12:25:37,0,0
A06041,U00976,C00209,,2026-08-23 14:47:08,0,1
A06042,U00551,C00229,CAM0046,2025-01-12 16:12:34,1,0
A06043,U00459,C00176,CAM0051,2025-04-22 12:49:26,0,0
A06044,U00748,C00038,CAM0059,2025-04-29 18:20:04,1,0
A06045,U00323,C00024,CAM0051,2025-04-20 09:56:43,0,0
A06046,U00895,C99999,CAM0051,2026-06-11 17:22:08,0,0
A06047,U00432,C00063,CAM0020,2025-08-23 12:02:43,0,0
A06048,U00189,C00031,CAM0046,2025-11-25 16:06:50,0,0
A06049,U00473,C00150,CAM0013,2026-03-28 07:20:46,1,0
A06050,U00907,C00102,CAM0045,2026-05-08 05:04:35,0,1
A06051,U00853,C00006,CAM0002,2026-06-23 23:37:41,1,1
A06052,U00178,C00086,CAM0037,2026-04-20 18:57:57,1,0
A06053,U00923,C00028,CAM0018,2026-04-12 04:32:32,0,1
A06054,U00946,C00021,CAM0056,2026-06-23 05:27:48,1,0
A06055,U00366,C00017,CAM0039,2025-08-13 09:08:37,1,1
A06056,U00347,C00226,CAM0025,2026-07-15 16:58:35,0,1
A06057,U00211,C00220,CAM0057,2025-06-07 17:05:55,0,0
A06058,U00610,C00179,CAM0044,2025-07-13 11:09:47,0,0
A06059,U00814,C00139,CAM0012,2026-09-02 13:36:37,1,1
A06060,U00395,C00008,CAM0057,2026-04-18 14:52:26,0,1
A06061,U00927,C00063,CAM0050,2025-04-15 08:24:48,0,0
A06062,U00677,C00232,CAM0057,2025-03-30 19:26:16,1,0
A06063,U00707,C00013,CAM0028,2026-01-23 10:33:20,1,0
A06064,U00020,C00216,CAM0008,2026-07-12 21:58:37,1,0
A06065,U00245,C00168,CAM0010,2025-03-30 07:30:44,1,0
A06066,U00984,C00189,CAM0026,2025-09-05 16:59:18,1,0
A06067,U00621,C00154,CAM0034,2026-07-05 18:55:54,1,0
A06068,U00707,C00101,CAM0022,2025-05-09 22:48:45,0,1
A06069,U00165,C00015,CAM0020,2025-07-11 07:19:55,0,0
A06070,U00092,C00039,CAM0005,2025-08-04 13:35:21,1,0
A06071,U00431,C00107,CAM0019,2025-08-03 19:34:35,1,1
A06072,U00687,C00118,CAM0010,2025-02-07 21:01:48,0,0
A06073,U00861,C00096,CAM0002,2026-06-01 03:20:23,0,0
A06074,U00365,C00138,CAM0040,2025-10-06 19:09:04,1,0
A06075,U00514,C00086,CAM0012,2025-06-15 14:23:46,0,0
A06076,U00552,C00152,CAM0039,2026-02-09 10:32:04,0,0
A06077,U00148,C00077,CAM0056,2025-05-07 20:21:36,1,1
A06078,U00216,C00138,CAM0025,2025-11-22 10:16:05,1,0
A06079,U00425,C00197,CAM0002,2025-02-28 22:26:34,0,1
A06080,U00636,C00080,CAM0044,2026-07-18 11:13:34,1,0
A06081,U00631,C00166,CAM0035,2025-10-02 10:34:28,1,0
A06082,U00369,C00232,CAM0031,2026-04-23 17:07:21,1,1
A06083,U00817,C00224,CAM0005,2026-03-18 23:34:09,1,1
A06084,U00190,C00028,CAM0049,2026-06-25 03:57:31,1,0
A06085,U00994,C00240,CAM0001,2026-08-25 12:15:32,0,1
A06086,U00709,C00103,CAM0043,2026-08-28 07:48:52,1,1
A06087,U00321,C00072,CAM0015,2026-02-11 23:21:31,1,0
A06088,U00875,C00130,CAM0003,2025-09-08 11:42:33,0,0
A06089,U00269,C00055,CAM0010,2025-10-19 23:57:48,1,0
A06090,U00486,C00105,CAM0033,2026-02-19 19:54:34,0,0
A06091,U00014,C00199,CAM0041,2026-02-18 21:54:20,1,0
A06092,U00876,C00013,CAM0011,2026-04-11 23:02:18,0,1
A06093,U00458,C00107,CAM0023,2026-02-24 21:41:22,0,0
A06094,U00657,C00118,CAM0048,2025-04-24 02:16:02,1,0
A06095,U00382,C00140,CAM0028,2025-12-10 09:49:19,1,0
A06096,U00530,C00239,CAM0003,2026-07-14 03:40:39,1,1
A06097,U00581,C00028,CAM0022,2025-01-25 21:48:41,0,0
A06098,U00582,C00201,CAM0006,2026-05-02 15:22:32,0,1
A06099,U00085,C00188,CAM0055,2025-05-11 08:40:20,0,1
A06100,U00623,C00010,CAM0003,2025-01-16 12:44:06,0,1
A06101,U00991,C00049,CAM0047,2025-11-30 01:13:56,0,1
A06102,U00651,C00152,CAM0060,2025-06-22 17:02:49,1,0
A06103,U00921,C00065,CAM0044,2025-03-12 18:25:52,1,0
A06104,U00474,C00040,CAM0022,2026-04-09 07:20:01,1,0
A06105,U00795,C00178,CAM0007,2026-04-06 12:45:48,0,0
A06106,U00845,C00131,CAM0037,2025-04-21 15:10:21,1,0
A06107,U00970,C00233,CAM0012,2026-01-08 20:29:18,1,0
A06108,U00053,C00106,CAM0046,2026-07-30 11:13:04,0,1
A06109,U00460,C00216,CAM0050,2026-02-11 07:55:54,0,1
A06110,U00834,C00222,CAM0003,2025-06-26 06:50:03,0,1
A06111,U00732,C00143,CAM0032,2026-07-17 12:18:10,1,1
A06112,U00995,C00026,CAM0012,2025-04-24 17:00:53,0,1
A06113,U00232,C00147,CAM0009,2025-05-03 19:50:18,0,0
A06114,U00653,C00015,CAM0030,2025-10-17 16:37:35,0,0
A06115,U00821,C00185,CAM0031,2025-02-13 23:08:56,0,1
A06116,U00863,C00110,CAM0003,2026-01-02 14:57:12,0,0
A06117,U00631,C00134,CAM0003,2025-12-24 23:23:09,0,0
A06118,U00983,C00189,CAM0056,2026-06-02 12:02:42,0,1
A06119,U00026,C00248,CAM0055,2025-08-27 18:26:12,0,0
A06120,U00812,C00144,CAM0042,2026-08-17 03:52:57,0,1
A06121,U00866,C00087,CAM0004,2025-01-29 03:21:07,0,0
A06122,U00371,C00098,CAM0035,2025-06-04 03:32:23,1,0
A06123,U00286,C00239,CAM0029,2025-03-19 23:54:00,0,0
A06124,U00323,C00168,CAM0007,2025-05-31 11:10:36,1,0
A06125,U00849,C00127,CAM0048,2026-09-05 00:27:13,1,1
A06126,U00562,C00025,CAM0028,2025-04-28 23:31:58,0,0
A06127,U00445,C00133,CAM0033,2026-07-03 11:28:03,yes,1
A06128,U00862,C00024,CAM0023,2026-01-10 02:16:41,0,0
A06129,U00022,C00104,CAM0039,2025-05-12 12:48:05,1,1
A06130,U00124,C00029,CAM0010,2025-07-12 05:28:19,1,0
A06131,U00476,C00059,CAM0022,2026-03-22 10:14:56,1,1
A06132,U00819,C00040,CAM0020,2026-08-13 02:49:43,1,0
A06133,U00816,C00117,CAM0025,2026-05-17 10:03:53,0,0
A06134,U00740,C00052,CAM0005,2025-02-13 14:18:52,1,0
A06135,U00442,C00012,CAM0020,2026-03-29 06:09:38,0,1
A06136,U00406,C00089,CAM0019,2026-05-28 18:44:59,1,0
A06137,U00461,C00121,CAM0029,2025-10-14 21:39:34,0,0
A06138,U00104,C00110,CAM0022,2026-02-20 06:44:01,1,0
A06139,U00471,C00239,CAM0003,2025-05-20 08:46:27,1,0
A06140,U00087,C00200,CAM0028,2026-03-02 05:18:09,0,0
A06141,U00487,C00205,CAM0018,2025-06-04 13:32:11,1,0
A06142,U00869,C00178,CAM0025,2026-03-12 05:32:43,0,0
A06143,U00295,C99999,CAM0042,2026-06-08 04:23:23,1,0
A06144,U00345,C00181,CAM0018,2026-09-01 03:12:35,0,0
A06145,U00251,C00012,CAM0021,2025-05-29 00:13:17,1,0
A06146,U00980,C00123,CAM0030,2025-05-09 06:36:10,1,0
A06147,U00764,C00153,CAM0042,2025-05-06 15:36:43,0,0
A06148,U00446,C00218,CAM0040,2025-11-27 11:29:44,1,0
A06149,U00145,C00216,CAM0026,2026-08-24 21:57:13,1,0
A06150,U00603,C00005,CAM0047,2026-02-13 12:54:06,1,0
A06151,U00683,C00059,CAM0042,2026-02-15 03:39:43,0,1
A06152,U00258,C00011,CAM0046,2025-05-02 14:50:38,1,0
A06153,U00177,C00210,CAM0049,2026-09-04 14:18:12,1,0
A06154,U00680,C00226,CAM0004,2025-06-21 23:05:35,1,0
A06155,U00968,C00037,CAM0018,2025-08-10 01:31:58,1,1
A06156,U00420,C00129,CAM0035,2026-08-02 11:03:12,0,0
A06157,U00329,C00024,CAM0026,2025-11-05 05:53:58,0,1
A06158,U00491,C00049,CAM0034,2025-11-29 09:29:51,1,1
A06159,U00197,C00204,CAM0030,2026-02-02 22:54:29,1,1
A06160,U00463,C00028,CAM0039,2026-07-11 12:47:39,1,0
A06161,U00740,C00050,CAM0012,2025-01-10 04:47:07,0,0
A06162,U00791,C00198,CAM0051,2025-05-25 01:24:42,1,1
A06163,U00855,C00122,CAM0059,2025-05-15 21:13:40,0,1
A06164,U00695,C00103,CAM0056,2026-01-22 08:24:04,0,0
A06165,U00164,C00055,CAM0055,2025-05-11 01:44:00,0,1
A06166,U00346,C00173,CAM0047,2025-12-02 19:32:28,0,0
A06167,U00583,C00091,CAM0021,2026-01-02 03:15:03,1,0
A06168,U00892,C00068,CAM0029,2025-10-27 03:24:56,1,0
A06169,U00761,C00160,CAM0003,2025-03-22 04:19:35,1,0
A06170,U00886,C99999,CAM0002,2026-04-20 18:03:50,0,0
A06171,U00612,C00228,CAM0010,2025-08-13 23:35:34,1,0
A06172,U00945,C00002,CAM0020,2026-04-29 06:48:54,1,1
A06173,U00881,C00227,CAM0042,2026-07-26 15:24:58,0,0
A06174,U00446,C00177,CAM0007,2025-11-02 18:48:01,0,0
A06175,U00169,C00115,CAM0056,2026-05-12 21:03:10,0,0
A06176,U00758,C00046,CAM0026,2025-03-13 17:58:46,1,1
A06177,U00585,C00090,CAM0014,2026-08-15 23:45:49,1,0
A06178,U00185,C00160,CAM0022,2025-02-17 12:00:07,1,0
A06179,U00402,C00007,CAM0002,2025-03-12 15:19:49,1,0
A06180,U00121,C00102,CAM0028,2025-01-06 11:07:27,1,0
A06181,U00552,C00234,CAM0037,2026-05-28 13:42:51,1,0
A06182,U00526,C00211,CAM0015,2025-02-06 17:24:06,0,1
A06183,U00431,C00168,CAM0020,2026-07-28 06:03:35,0,1
A06184,U99999,C00005,CAM0052,2026-01-03 10:14:35,1,0
A06185,U00402,C00124,CAM0056,2025-07-05 12:16:51,1,1
A06186,U00377,C00017,CAM0059,2025-12-13 20:35:10,0,0
A06187,U00367,C00044,CAM0011,2025-08-29 17:28:26,0,0
A06188,U00766,C00171,CAM0038,,0,0
A06189,U00644,C00083,CAM0056,2025-06-15 00:24:31,0,0
A06190,U00044,C00015,CAM0058,2025-07-28 11:34:10,1,0
A06191,U00108,C00223,CAM0036,2025-03-30 05:18:52,1,1
A06192,U00970,C00145,CAM0015,2025-09-24 18:18:44,0,0
A06193,U00722,C00121,CAM0060,2026-05-08 21:36:22,0,0
A06194,U00805,C00101,CAM0021,2026-02-03 06:50:17,1,0
A06195,U00216,C00227,CAM0047,2026-09-03 09:16:48,0,1
A06196,U00618,C00037,CAM0002,2025-11-11 21:24:39,0,0
A06197,U00489,C00208,CAM0026,2026-03-31 09:29:30,1,1
A06198,U00160,C00153,CAM0003,2025-02-14 00:38:49,1,0
A06199,U00246,C00173,CAM0041,2026-08-26 13:08:45,1,-1
A06200,U00532,C00039,CAM0016,2026-04-06 17:40:59,1,0
A06201,U00601,C00032,CAM0026,2026-07-12 18:11:13,0,1
A06202,U00020,C00082,CAM0009,2026-01-07 07:27:20,1,0
A06203,U00464,C00250,CAM0041,2025-07-10 14:16:46,1,0
A06204,U00846,C00133,CAM0053,2026-05-19 09:06:30,1,1
A06205,U00872,C00147,CAM0007,2025-08-09 05:00:20,0,0
A06206,U00814,C00236,CAM0022,2025-08-28 09:55:37,0,0
A06207,U00672,C00202,CAM0021,2025-09-26 09:42:35,0,0
A06208,U01000,C00173,CAM0016,2025-06-05 03:25:12,1,1
A06209,U00331,C00163,CAM0057,2026-01-08 02:48:26,1,0
A06210,U00264,C00008,CAM0036,2025-06-26 22:05:13,1,2
A06211,U00364,C00131,CAM0045,2025-09-24 00:59:16,0,0
A06212,U00400,C00103,CAM0004,2025-09-15 12:40:39,1,0
A06213,U00452,C00187,CAM0033,2025-05-05 06:21:48,0,0
A06214,U00584,C00092,CAM0002,2025-12-28 10:17:34,0,1
A06215,U00129,C00117,CAM0033,2026-08-29 11:23:11,1,0
A06216,U00499,C00070,CAM0010,2026-03-20 21:58:57,0,0
A06217,U00489,C00215,CAM0059,2026-02-12 11:28:07,1,0
A06218,U00158,C00247,CAM0049,2026-04-25 10:24:33,2,0
A06219,U00291,C00158,CAM0027,2025-12-22 09:36:33,0,1
A06220,U00600,C00099,CAM0006,2026-04-11 06:46:23,0,0
A06221,U00199,C00206,CAM0050,2026-02-28 06:32:30,0,0
A06222,U00047,C00133,CAM0050,2026-06-08 10:02:04,0,0
A06223,U00322,C00005,CAM0020,2025-05-10 04:49:15,1,0
A06224,U00715,C00194,CAM0014,2026-05-04 13:00:27,1,0
A06225,U00349,C00032,CAM0005,,0,0
A06226,U00867,C00168,CAM0023,2026-03-14 19:42:33,0,
A06227,U00820,C00212,CAM0046,2025-10-09 09:22:25,1,0
A06228,U00526,C00142,CAM0023,2025-10-30 07:07:21,1,0
A06229,U00696,C00023,CAM0053,2026-07-30 13:30:30,0,0
A06230,U00943,C00091,CAM0042,2025-11-27 17:29:49,1,0
A06231,U00635,C00035,CAM0031,2026-09-01 16:58:04,1,0
A06232,U00204,C00247,CAM0059,2025-11-08 16:12:46,0,0
A06233,U00824,C00021,CAM0018,2025-07-08 15:12:22,1,0
A06234,U00003,C00065,CAM0011,2026-09-12 20:30:13,1,0
A06235,U00750,C00156,CAM0030,2026-09-06 07:30:36,1,0
A06236,U00931,C00172,CAM0057,2026-05-28 18:19:33,1,0
A06237,U00044,C00226,CAM0058,2025-01-11 18:06:26,1,0
A06238,U00647,C00217,CAM0013,2025-04-25 20:26:14,0,1
A06239,U00595,C00144,CAM0040,2025-06-12 10:26:30,0,0
A06240,U00332,C00098,CAM0045,2025-11-29 23:27:59,0,0
A06241,U00190,C00214,CAM0034,2025-05-15 14:30:28,1,0
A06242,U00648,C00098,CAM0020,2026-08-03 17:50:18,1,0
A06243,U00230,C00166,CAM0001,2025-03-08 20:54:25,0,0
A06244,U00691,C00066,CAM0002,2025-08-26 07:31:27,1,1
A06245,U00727,C00092,CAM0006,2025-10-07 18:46:34,0,0
A06246,U00423,C00099,CAM0012,2026-03-02 08:03:53,1,0
A06247,U00368,C00057,CAM0050,2025-02-05 22:11:29,0,0
A06248,U00418,C00124,CAM0013,2026-02-18 15:27:33,0,0
A06249,U00909,C00116,CAM0027,2025-12-18 16:38:53,1,0
A06250,U00624,C00015,CAM0006,2026-01-26 20:08:45,0,0
A06251,U00762,C00072,CAM0004,2025-06-26 09:03:25,0,0
A06252,U00053,C00052,CAM0041,2025-08-19 12:10:55,0,0
A06253,U00184,C00203,CAM0022,2025-09-17 05:07:38,0,1
A06254,U00069,C00217,CAM0034,2026-03-09 07:22:00,1,0
A06255,U00130,C00055,CAM0041,2026-05-07 09:13:04,1,0
A06256,U00759,C00013,CAM0015,,1,1
A06257,U00594,C00141,CAM0016,2025-05-14 06:58:04,0,1
A06258,U00428,C00194,CAM0006,2025-04-12 13:48:25,1,0
A06259,U00113,C00161,CAM0048,2026-02-18 09:28:34,0,0
A06260,U00589,C00179,CAM0047,2025-05-30 12:12:56,0,0
A06261,U00164,C00085,CAM0021,2025-12-20 18:20:16,1,0
A06262,U00315,C00086,CAM0041,2025-11-22 02:48:31,0,0
A06263,U00549,C00058,CAM0024,2025-07-14 13:40:03,0,0
A06264,U00728,C00051,CAM0011,2026-07-25 05:52:48,1,1
A06265,U00567,C00141,CAM0054,2025-12-19 17:59:24,1,1
A06266,U00121,C00032,CAM0016,2025-01-02 12:47:12,0,0
A06267,U00291,C00077,CAM0019,2025-03-31 05:12:40,0,0
A06268,U00957,C00144,CAM0057,2026-07-31 15:17:06,1,0
A06269,U00437,C00057,CAM0030,2025-11-05 00:19:13,1,0
A06270,U00748,C00068,CAM0017,2026-06-27 21:57:47,0,1
A06271,U00324,C00149,CAM0015,2025-12-19 17:43:33,0,0
A06272,U00065,C00055,CAM0057,2026-09-11 23:46:42,0,0
A06273,U00342,C00184,CAM0051,2025-12-23 23:18:23,0,1
A06274,U00783,C00247,CAM0037,2026-07-20 11:19:18,1,0
A06275,U00578,C00227,CAM0006,2026-07-05 18:35:59,1,1
A06276,U00575,C00112,CAM0049,2026-01-03 01:23:07,1,0
A06277,U00460,C00249,CAM0057,2025-09-15 06:07:41,1,0
A06278,U00853,C00193,CAM0006,2026-02-11 23:51:45,1,0
A06279,U00291,C00176,CAM0051,2025-01-17 16:28:27,1,0
A06280,U00498,C00002,CAM0046,2025-04-28 06:34:57,0,0
A06281,U00344,C00143,CAM0023,2025-04-30 07:43:54,1,1
A06282,U00797,C00032,CAM0053,2025-07-03 05:26:19,0,0
A06283,U00941,C00157,CAM0049,2026-01-01 04:09:17,1,0
A06284,U00860,C00139,CAM0042,2026-08-04 17:35:33,0,0
A06285,U99999,C00170,CAM0024,2025-04-07 10:22:22,0,0
A06286,U00301,C00232,CAM0060,2025-03-18 04:48:52,0,0
A06287,U00740,C00178,CAM0005,2025-10-06 21:28:52,0,0
A06288,U00254,C00122,CAM0054,2026-05-13 15:31:23,1,1
A06289,U00681,C00176,CAM0054,2026-09-11 05:58:19,1,1
A06290,U00905,C00219,CAM0020,2026-09-17 14:01:56,1,1
A06291,U00990,C00061,CAM0048,2026-02-07 12:30:45,1,0
A06292,U00009,C00013,CAM0013,2026-08-28 06:17:43,0,0
A06293,U00385,C00102,CAM0058,2025-06-28 12:03:55,0,1
A06294,U00821,C00176,CAM0030,2025-03-30 01:26:30,2,0
A06295,U00989,C00224,CAM0051,2026-03-06 03:42:24,0,0
A06296,U00728,C00073,CAM0009,2025-08-06 07:07:07,0,1
A06297,U00432,C00219,CAM0056,2026-09-07 03:05:25,0,1
A06298,U00176,C00153,CAM0054,2026-07-13 06:12:20,1,0
A06299,U00198,C00196,CAM0019,2025-09-13 04:54:56,1,0
A06300,U00408,C00136,CAM0053,2026-09-10 04:08:44,0,0
A06301,U00844,C00136,CAM0012,2026-05-19 03:53:41,0,1
A06302,U00489,C00223,CAM0034,2026-04-11 03:10:19,0,0
A06303,U00901,C00135,CAM0017,2026-05-11 21:17:06,0,0
A06304,U00906,C00056,CAM0013,2025-11-09 15:02:36,0,0
A06305,U00962,C00198,CAM0033,2026-03-21 15:20:10,0,0
A06306,U00021,C00211,CAM0007,2026-04-08 06:25:04,0,0
A06307,U00571,C00122,CAM0052,2026-05-20 16:09:56,1,0
A06308,U00644,C00170,CAM0049,2025-08-29 16:36:37,1,0
A06309,U00971,C00054,CAM0012,2026-06-29 05:44:00,0,0
A06310,U00686,C00103,CAM0048,2026-06-05 21:43:37,0,0
A06311,U00947,C00147,CAM0040,2025-10-18 12:01:36,0,0
A06312,U00108,C00002,CAM0016,2026-09-08 13:54:47,1,0
A06313,U00358,C00245,CAM0045,2026-07-15 04:20:43,1,0
A06314,U00110,C00068,CAM0060,2025-09-19 19:22:57,0,0
A06315,U00694,C00205,CAM0032,2026-05-31 03:20:08,0,0
A06316,U00031,C00045,CAM0009,2026-09-17 18:56:19,0,0
A06317,U00688,C00113,CAM0029,2025-07-08 07:43:31,1,1
A06318,U00336,C00096,CAM0024,2025-01-28 21:24:30,1,0
A06319,U00749,C00219,CAM0052,2025-11-02 12:37:22,0,0
A06320,U00918,C00211,CAM0001,2026-08-14 18:24:35,0,1
A06321,U00617,C00154,CAM0038,2025-09-18 02:39:08,1,0
A06322,U00252,C00214,CAM0034,2025-02-04 03:55:16,0,0
A06323,U00739,C00202,CAM0056,2026-07-05 07:55:17,0,0
A06324,U00134,C00134,CAM0055,2025-02-10 03:03:59,0,0
A06325,U00235,C00045,CAM0044,2025-11-10 21:46:48,1,0
A06326,U00082,C00186,CAM0007,2025-11-02 16:04:30,1,0
A06327,U00527,C00159,CAM0050,2025-04-27 23:51:15,1,0
A06328,U00727,C00016,CAM0035,2025-03-14 11:46:24,1,0
A06329,U00363,C00009,CAM0030,2026-03-07 22:07:13,1,
A06330,U00807,C00184,CAM0016,2026-06-12 12:12:39,0,0
A06331,U00526,C00181,CAM0048,2026-07-31 08:14:05,1,0
A06332,U00689,C00014,CAM0008,2026-06-17 22:37:48,1,1
A06333,U00955,C00185,CAM0037,2025-05-13 04:59:24,0,0
A06334,U00475,C00041,CAM0058,2026-08-08 08:28:34,1,0
A06335,U00925,C00160,CAM0047,2025-01-10 21:11:22,1,0
A06336,U00350,C00223,CAM0050,2026-03-15 15:23:19,1,1
A06337,U00203,C00010,CAM0047,2026-02-16 08:42:22,1,0
A06338,U00447,C00147,CAM0025,2025-05-24 02:39:31,1,0
A06339,U00784,C00071,CAM0008,2025-07-04 22:17:22,1,0
A06340,U00973,C00086,CAM0023,2025-08-15 23:59:34,1,0
A06341,U00887,C00046,CAM0036,2026-04-25 01:37:10,0,0
A06342,U00441,C00186,CAM0032,2025-04-15 18:19:46,0,0
A06343,U00312,C00008,CAM0012,2026-09-10 23:08:21,yes,0
A06344,U00470,C00049,CAM0028,2025-07-05 17:08:54,1,0
A06345,U00620,C00146,CAM0021,2025-06-21 03:45:48,0,0
A06346,U00771,C00190,CAM0025,2025-10-26 13:50:24,1,1
A06347,U00391,C00178,CAM0049,2025-02-26 11:30:01,0,1
A06348,U00086,C00118,CAM0015,2025-11-12 20:44:18,1,0
A06349,U00262,C00015,CAM0041,2025-06-05 20:13:43,1,1
A06350,U00782,C99999,CAM0055,2026-02-04 02:34:29,1,0
A06351,U00735,C00035,CAM0040,2025-03-02 04:16:41,0,0
A06352,U00018,C00075,CAM0013,2025-03-09 00:01:05,0,0
A06353,U00034,C00225,CAM0006,2025-04-24 00:43:55,0,0
A06354,U00373,C00237,CAM0003,2025-01-28 12:11:25,0,1
A06355,U00648,C00200,CAM0037,2025-05-07 17:07:39,0,0
A06356,U00846,C00199,CAM0055,,1,1
A06357,U00668,C00070,CAM0005,2026-02-13 22:29:59,1,0
A06358,U00156,C00155,CAM0018,2026-07-08 10:51:24,0,1
A06359,U00288,C00164,CAM0049,2026-08-13 05:36:52,0,1
A06360,U00532,C00196,CAM0021,2026-03-01 14:12:51,0,1
A06361,U00839,C00178,CAM0039,2026-03-13 17:52:00,1,0
A06362,U00934,C00077,CAM0041,2026-04-02 05:37:12,1,1
A06363,U00611,C00091,CAM0034,2026-08-21 03:25:29,0,0
A06364,U00154,C00212,CAM0020,2026-01-01 03:51:46,0,0
A06365,U00947,C00070,CAM0028,2025-04-08 15:47:36,1,1
A06366,U00148,C00213,CAM0001,2026-03-01 01:14:52,0,1
A06367,U00664,C00152,CAM0052,2025-08-20 00:10:20,0,0
A06368,U00379,C00050,CAM0035,2025-03-02 23:34:53,0,1
A06369,U00442,C00231,CAM0026,2025-03-09 00:37:30,0,0
A06370,U00885,C00098,CAM0018,2025-04-05 23:01:00,0,0
A06371,U99999,C00178,CAM0058,2025-01-22 02:39:25,1,0
A06372,U00887,C00230,CAM0041,2026-08-28 14:40:13,1,1
A06373,U00989,C00197,CAM0037,2025-04-29 12:06:57,0,0
A06374,U00633,C00085,CAM0040,2025-03-09 23:32:18,1,0
A06375,U00857,C00060,CAM0054,2026-03-18 10:23:03,0,0
A06376,U00659,C00043,CAM0007,2025-09-20 11:35:06,0,0
A06377,U00741,C00225,CAM0031,2025-08-19 07:10:29,0,0
A06378,U00155,C00227,CAM0051,2026-08-22 19:48:17,0,0
A06379,U00201,C00204,CAM0018,2026-05-01 11:38:20,1,0
A06380,U00629,C00023,CAM0039,2026-09-10 03:08:55,1,1
A06381,U00924,C00231,CAM0022,2026-03-10 18:55:36,0,1
A06382,U00199,C00086,CAM0044,2025-11-16 22:58:14,0,0
A06383,U00178,C00100,CAM0008,2025-01-25 23:20:12,0,0
A06384,U00481,C00218,CAM0003,2025-06-06 00:15:50,0,0
A06385,U00773,C00077,CAM0048,2025-05-03 11:02:36,1,0
A06386,U00059,C00190,CAM0008,2026-06-09 03:09:02,0,0
A06387,U00834,C00154,CAM0049,2025-01-08 07:01:03,0,0
A06388,U00212,C00161,CAM0058,2025-12-08 11:31:02,0,1
A06389,U00692,C00239,CAM0043,2025-04-04 03:20:59,1,0
A06390,U00736,C00155,CAM0012,2026-08-25 10:03:35,0,0
A06391,U00135,C00168,CAM0038,2026-02-16 06:00:24,0,1
A06392,U00303,C00108,CAM0005,2025-05-14 13:55:42,0,0
A06393,U00473,C00014,CAM0029,2025-06-09 01:40:58,0,1
A06394,U00067,C00123,CAM0021,2026-07-02 16:19:26,1,1
A06395,U00188,C00132,CAM0014,2025-12-08 04:14:27,1,1
A06396,U00370,C00237,CAM0058,2025-10-24 04:38:46,1,0
A06397,U00719,C00117,CAM0026,,1,0
A06398,U00800,C00050,CAM0056,2026-09-16 09:45:39,1,0
A06399,U00931,C00120,CAM0010,2026-08-16 13:46:47,1,0
A06400,U00068,C00135,CAM0039,2025-02-21 17:01:16,1,0
A06401,U00009,C00245,CAM0036,2026-06-18 03:14:25,1,1
A06402,U00765,C00192,CAM0059,2026-05-09 11:54:35,1,0
A06403,U00338,C00214,CAM0060,2025-10-15 18:07:30,1,0
A06404,U00324,C00240,CAM0005,2026-08-05 02:14:39,0,0
A06405,U00693,C00187,CAM0037,2025-05-08 07:02:57,0,1
A06406,U00406,C00107,CAM0032,2026-04-07 06:58:40,1,0
A06407,U00137,C00208,CAM0057,2026-01-19 19:54:30,1,0
A06408,U00692,C00162,CAM0025,2026-08-26 19:56:36,1,0
A06409,U00202,C00078,CAM0018,2026-04-10 23:14:23,1,0
A06410,U00137,C00118,CAM0035,2026-01-01 21:05:18,1,0
A06411,U00792,C00134,CAM0045,2026-01-09 18:28:20,0,0
A06412,U00489,C00008,CAM0034,2025-04-04 06:14:44,0,0
A06413,U00213,C00078,CAM0051,2025-06-04 15:52:19,1,0
A06414,U00599,C00108,CAM0027,2025-08-29 10:00:29,0,0
A06415,U00158,C00030,CAM0033,2026-05-12 20:04:25,1,0
A06416,U00540,C00039,CAM0006,2026-07-30 12:16:12,1,0
A06417,U00785,C00038,CAM0004,2025-01-09 18:22:16,0,0
A06418,U00995,C00151,CAM0035,2025-12-13 09:32:51,1,1
A06419,U00163,C00138,CAM0052,2025-01-04 01:07:46,1,1
A06420,U00959,C00136,CAM0044,2025-03-30 03:36:36,0,0
A06421,U00895,C00001,CAM0016,2025-10-14 22:35:56,0,0
A06422,U00269,C00135,CAM0017,2026-01-08 21:08:31,1,1
A06423,U00835,C00241,CAM0054,2026-07-06 07:48:46,0,1
A06424,U00128,C00219,CAM0026,2025-08-15 15:46:01,1,0
A06425,U00638,C00127,CAM0019,2025-04-21 05:19:54,0,0
A06426,U00898,C00093,CAM0003,2025-05-09 15:09:33,0,0
A06427,U00644,C00160,CAM0015,2026-05-22 18:41:10,0,0
A06428,U00818,C00198,CAM0014,2026-03-26 10:09:31,0,0
A06429,U00305,C00146,CAM0028,2025-12-27 06:04:36,0,0
A06430,U00977,C00023,CAM0003,2025-11-09 17:53:03,0,0
A06431,U00843,C00150,CAM0051,2025-11-05 00:09:08,0,0
A06432,U00371,C00150,CAM0042,2026-05-13 09:38:59,1,0
A06433,U00329,C00133,CAM0028,2026-09-08 21:37:58,0,0
A06434,U00388,C00062,CAM0037,2026-08-16 03:15:00,0,1
A06435,U00350,C00028,CAM0026,2025-01-27 23:21:21,1,1
A06436,U00592,C00194,CAM0008,2025-05-06 08:01:31,0,1
A06437,U00338,C00241,CAM0045,2026-02-23 09:59:39,0,0
A06438,U00115,C00026,CAM0060,2025-06-22 07:18:35,1,0
A06439,U00645,C00102,CAM0007,2025-05-31 12:45:27,1,0
A06440,U00502,C00004,CAM0060,2025-09-08 19:03:03,1,0
A06441,U99999,C00201,CAM0039,2025-05-10 05:29:02,1,1
A06442,U00564,C00050,CAM0022,2025-01-08 04:32:59,0,1
A06443,U00958,C00151,CAM0015,2026-04-14 14:30:35,0,0
A06444,U00994,C00206,CAM0042,2025-12-01 19:02:07,0,0
A06445,U00579,C00012,CAM0030,2025-05-21 06:08:40,1,1
A06446,U00920,C00166,CAM0042,2026-07-06 19:17:25,1,0
A06447,U00422,C99999,CAM0043,2025-09-02 12:54:50,1,0
A06448,U00387,C00224,CAM0028,2026-08-04 15:41:33,1,1
A06449,U00944,C00137,CAM0056,2025-03-21 23:23:19,1,0
A06450,U00472,C00201,CAM0019,2026-09-12 08:02:52,1,0
A06451,U00150,C00129,CAM0042,2025-04-11 21:13:23,1,0
A06452,U00748,C00215,CAM0041,2025-04-17 10:33:57,0,0
A06453,U00085,C00234,CAM0038,2026-08-21 16:03:24,0,0
A06454,U00743,C00120,CAM0004,2025-04-27 20:57:10,1,1
A06455,U00587,C00173,CAM0007,2026-04-10 17:59:28,0,0
A06456,U00499,C00044,CAM0025,2025-09-22 07:34:04,0,0
A06457,U00707,C00054,CAM0028,2025-09-25 11:59:55,0,0
A06458,U00214,C00146,CAM0057,2025-08-20 05:23:35,0,0
A06459,U00438,C00248,CAM0042,2026-02-25 23:11:24,1,0
A06460,U00040,C00104,CAM0049,2026-07-03 01:58:19,1,1
A06461,U00079,C00087,CAM0054,2026-01-29 13:48:49,1,0
A06462,U00350,C00144,CAM0053,2026-05-22 19:39:03,0,0
A06463,U00942,C00242,CAM0040,2025-02-18 15:42:28,0,0
A06464,U00211,C00236,CAM0028,2026-09-11 17:54:34,1,0
A06465,U00707,C00244,CAM0044,2026-03-08 03:18:10,0,0
A06466,U00881,C00100,CAM0027,2025-05-03 02:51:40,0,1
A06467,U00508,C00022,CAM0045,2025-05-01 11:05:41,0,0
A06468,U00170,C00233,CAM0004,2026-05-19 15:22:39,1,0
A06469,U00251,C00181,CAM0009,2026-08-31 11:04:24,0,0
A06470,U00351,C00111,CAM0040,2026-07-02 14:02:01,0,0
A06471,U00798,C00114,CAM0007,2025-11-06 21:33:13,1,0
A06472,U00279,C00075,CAM0008,2025-03-15 03:14:36,0,0
A06473,U00073,C00115,CAM0014,2026-09-01 05:34:55,1,0
A06474,U00661,C00126,CAM0024,2025-01-24 02:38:47,0,0
A06475,U00495,C00140,CAM0015,2026-06-01 12:09:19,0,0
A06476,U00399,C00148,CAM0022,2025-04-24 17:00:21,0,0
A06477,U00751,C00182,CAM0039,2026-07-24 02:20:50,0,0
A06478,U00672,C00044,CAM0004,2026-03-28 00:14:01,0,0
A06479,U00166,C00218,CAM0018,2025-02-18 06:44:46,0,1
A06480,U00169,C00176,CAM0049,2026-06-01 23:40:55,0,0
A06481,U00105,C00133,CAM0059,2025-12-17 13:10:25,1,0
A06482,U00662,C00045,CAM0031,2025-01-01 19:27:29,0,0
A06483,U00604,C00229,CAM0054,2025-08-21 17:37:15,1,0
A06484,U00465,C00065,CAM0045,2025-11-26 20:44:58,0,0
A06485,U00782,C00247,CAM0019,2026-08-16 11:37:10,0,0
A06486,U00116,C00173,CAM0028,2026-03-09 15:02:14,0,0
A06487,U00469,C00113,CAM0034,2025-10-14 05:34:56,0,1
A06488,U00341,C00064,CAM0009,2026-08-01 02:42:46,0,1
A06489,U00658,C00026,CAM0053,2025-06-01 08:06:39,1,0
A06490,U00933,C00194,CAM0039,2025-05-08 13:04:43,1,0
A06491,U00196,C00057,CAM0037,2025-12-19 13:08:17,1,0
A06492,U00033,C00042,CAM0008,2025-08-14 06:00:30,1,0
A06493,U00110,C00024,CAM0024,2026-03-17 19:01:27,1,0
A06494,U00629,C00121,CAM0036,2026-05-11 17:32:03,1,1
A06495,U00978,C00073,CAM0013,2026-04-21 05:40:28,0,0
A06496,U00190,C00208,CAM0026,2025-02-24 16:21:49,1,0
A06497,U00346,C00015,CAM0039,2025-05-14 09:01:20,1,0
A06498,U00914,C00001,CAM0034,2025-06-29 19:06:59,1,-1
A06499,U00078,C00038,CAM0037,2025-03-15 08:05:26,1,1
A06500,U00048,C00156,CAM0022,2025-05-14 12:58:27,1,0
A06501,U00388,C00200,CAM0042,2025-05-24 00:18:42,1,0
A06502,U00182,C00036,CAM0021,2026-03-13 17:28:01,1,0
A06503,U00591,C00107,CAM0016,2025-09-23 03:39:47,0,0
A06504,U00595,C00148,CAM0034,2025-06-17 11:33:01,1,0
A06505,U00492,C00217,CAM0001,2026-05-05 19:15:46,2,0
A06506,U00464,C00106,CAM0058,2025-09-11 21:19:11,0,1
A06507,U00569,C00054,CAM0044,2026-02-28 18:13:42,1,0
A06508,U00163,C00244,CAM0018,2026-01-07 19:17:29,1,0
A06509,U00941,C00018,CAM0020,2025-06-25 21:44:20,1,0
A06510,U00524,C00057,CAM0016,2025-10-16 23:39:25,0,1
A06511,U00538,C00146,CAM0031,2026-06-09 05:02:28,1,0
A06512,U00690,C00065,CAM0028,2026-03-12 01:19:32,1,0
A06513,U00460,C00071,CAM0039,2025-01-06 22:08:07,1,0
A06514,U00163,C00157,CAM0050,2026-02-26 22:56:50,0,1
A06515,U00094,C00126,CAM0058,2026-04-28 00:21:29,1,0
A06516,U00210,C00047,CAM0005,2025-12-07 09:41:05,0,0
A06517,U00111,C00127,CAM0051,2026-01-03 06:06:36,1,0
A06518,U00618,C00214,CAM0045,2026-07-12 15:39:15,1,0
A06519,U00749,C00098,CAM0048,2025-09-10 20:48:03,2,0
A06520,U00077,C00173,CAM0020,2026-01-20 09:01:46,1,0
A06521,U00455,C00016,CAM0052,2026-07-20 00:32:30,1,0
A06522,U00590,C00197,CAM0039,2026-06-02 18:01:15,0,1
A06523,U00283,C00164,CAM0014,2025-11-06 10:01:44,0,0
A06524,U00734,C00096,CAM0052,2026-09-11 14:12:15,1,0
A06525,U00898,C00195,CAM0012,2025-09-30 20:08:36,0,1
A06526,U00121,C00037,CAM0053,2026-03-29 01:17:01,1,0
A06527,U00029,C00023,CAM0029,2026-04-17 17:11:13,1,0
A06528,U00942,C00146,CAM0034,2026-05-12 07:01:12,0,0
A06529,U00198,C00123,CAM0003,2025-05-13 14:37:47,1,0
A06530,U00046,C00090,CAM0011,2026-01-29 11:55:00,0,0
A06531,U00628,C00106,CAM0047,2025-07-08 06:26:30,0,0
A06532,U00050,C00234,CAM0051,2025-06-28 16:34:36,1,0
A06533,U00121,C00128,CAM0012,2026-01-07 22:34:05,0,0
A06534,U00873,C00195,CAM0031,2025-12-24 07:31:05,0,1
A06535,U00013,C00048,CAM0045,2026-08-24 07:40:56,0,0
A06536,U00365,C00144,CAM0007,2026-08-28 01:03:14,0,1
A06537,U00054,C00076,CAM0029,2026-03-25 14:31:51,0,0
A06538,U00022,C00178,CAM0002,2025-04-13 02:58:54,1,0
A06539,U00438,C00163,CAM0051,2026-08-24 22:15:50,0,1
A06540,U00252,C00232,CAM0012,2025-11-06 08:30:45,0,0
A06541,U00472,C00112,CAM0048,2026-08-30 20:50:20,0,1
A06542,U00610,C00205,CAM0043,2025-07-05 21:28:24,1,0
A06543,U00708,C00185,CAM0043,2025-05-12 06:18:59,0,0
A06544,U00869,C00082,CAM0051,2026-07-20 01:21:58,0,0
A06545,U00118,C00045,CAM0029,2025-06-21 03:51:06,0,0
A06546,U00425,C00191,CAM0013,2026-03-13 02:53:12,0,0
A06547,U00128,C00133,CAM0050,2025-01-06 07:56:55,1,1
A06548,U00221,C00122,CAM0031,2025-02-02 03:11:45,0,1
A06549,U00998,C00013,CAM0002,2026-05-07 01:23:19,0,0
A06550,U00794,C00211,CAM0001,2025-01-22 10:38:31,1,0
A06551,U00598,C00156,CAM0053,2026-02-17 03:51:07,0,1
A06552,U00761,C00042,CAM0028,2025-11-13 06:27:36,1,1
A06553,U00864,C00143,CAM0003,2025-08-10 03:26:23,0,0
A06554,U00013,C00052,CAM0035,2026-02-26 05:24:45,1,0
A06555,U00446,C00121,CAM0058,2026-09-10 13:35:48,0,1
A06556,U00399,C00082,CAM0014,2025-07-31 01:19:54,1,0
A06557,U00530,C00063,CAM0024,2025-05-18 23:58:10,0,0
A06558,U00652,C00018,CAM0055,2026-02-13 16:20:59,0,0
A06559,U00709,C00203,CAM0030,2025-03-24 15:52:07,0,0
A06560,U00979,C00227,CAM0015,2026-07-05 09:25:07,0,0
A06561,U00109,C00021,CAM0050,2026-08-21 16:54:59,0,1
A06562,U00268,C00127,CAM0003,2026-05-29 08:30:43,1,0
A06563,U00059,C00172,CAM0039,,1,clicked
A06564,U00469,C00011,CAM0025,2026-07-26 11:03:53,0,0
A06565,U00382,C00065,CAM0017,2025-11-01 19:24:08,1,1
A06566,U00622,C00196,CAM0030,2026-09-12 06:36:49,1,0
A06567,U00559,C00082,CAM0031,2026-05-06 17:41:58,1,0
A06568,U00517,C00229,CAM0028,2025-11-14 23:05:01,0,0
A06569,U00051,C00044,CAM0049,2026-08-23 06:47:36,1,0
A06570,U00090,C00140,CAM0042,2026-08-12 06:43:52,0,0
A06571,U00836,C00062,CAM0033,2025-02-22 05:49:40,0,0
A06572,U00251,C00144,CAM0044,2025-06-05 21:29:15,0,0
A06573,U00277,C00028,CAM0001,2025-02-02 21:17:51,1,1
A06574,U00543,C00041,CAM0047,2026-03-27 21:55:42,1,0
A06575,U00709,C00235,CAM0054,2026-09-07 19:59:21,1,1
A06576,U00326,C00178,CAM0016,2025-02-10 22:48:47,1,0
A06577,U00466,C00178,CAM0009,2025-03-11 14:22:47,1,0
A06578,U00048,C00195,CAM0013,2026-04-04 10:41:26,1,0
A06579,U00127,C00018,CAM0027,2026-03-08 12:52:59,0,0
A06580,U00554,C00234,CAM0059,2025-12-19 16:05:31,1,0
A06581,U00895,C00100,CAM0048,2025-07-20 03:22:01,0,0
A06582,U00041,C00116,CAM0016,2026-09-04 10:04:36,1,0
A06583,U00403,C00033,CAM0003,2025-04-12 21:23:53,0,0
A06584,U00591,C00073,CAM0054,2025-10-15 11:56:28,0,0
A06585,U00648,C00019,CAM0039,,1,0
A06586,U00774,C00227,CAM0060,2026-01-09 18:15:59,0,1
A06587,U00068,C00181,CAM0032,2025-07-06 20:27:04,0,0
A06588,U00088,C00092,CAM0026,2026-07-14 20:39:23,0,0
A06589,U00210,C00191,CAM0038,2026-04-04 10:19:53,1,1
A06590,U00415,C00087,CAM0040,2026-01-31 21:15:10,1,0
A06591,U00472,C00103,CAM0011,2025-02-22 14:08:27,0,0
A06592,U00163,C00008,CAM0028,2026-02-21 10:50:14,0,0
A06593,U00953,C00201,CAM0046,2025-11-22 04:42:13,1,0
A06594,U00200,C00141,CAM0053,2025-12-10 08:00:40,0,0
A06595,U00231,C00083,CAM0051,2026-01-08 03:24:39,0,0
A06596,U00812,C00224,CAM0058,2025-01-17 00:42:31,0,0
A06597,U00320,C00113,CAM0030,2026-06-19 04:25:46,0,0
A06598,U00482,C00185,CAM0009,2026-06-01 02:41:59,0,0
A06599,U00198,C00202,CAM0034,2026-02-26 08:54:37,0,0
A06600,U00581,C00246,CAM0046,2025-06-17 19:21:09,1,0
A06601,U00579,C00154,CAM0035,2025-03-31 22:51:57,1,1
A06602,U00256,C00043,CAM0056,2025-04-26 17:21:55,0,0
A06603,U00538,C00238,CAM0048,2025-03-10 05:18:58,1,0
A06604,U00046,C00213,CAM0039,2025-06-16 04:29:39,0,1
A06605,U00934,C00202,CAM0037,2026-06-18 21:43:56,1,0
A06606,U00806,C00124,CAM0049,2025-04-11 12:45:42,0,0
A06607,U00846,C00130,CAM0019,2025-10-29 07:21:08,0,0
A06608,U00408,C00045,,2026-09-01 22:05:57,1,0
A06609,U00261,C00199,CAM0011,2025-09-30 23:00:33,1,1
A06610,U00698,C00217,CAM0055,2025-07-09 03:23:00,0,0
A06611,U00507,C00033,CAM0031,2026-05-24 05:11:07,0,0
A06612,U00138,C00190,CAM0051,2025-09-23 17:20:20,1,1
A06613,U00395,C00025,CAM0046,2025-08-10 22:08:24,1,0
A06614,U00401,C00029,CAM0017,2025-05-08 21:11:18,1,1
A06615,U00661,C00188,CAM0041,2026-05-15 11:05:46,0,0
A06616,U00235,C00049,CAM0048,2026-03-18 08:13:05,0,0
A06617,U00213,C00057,CAM0047,2025-01-04 14:17:48,0,0
A06618,U00604,C00104,CAM0051,2025-03-30 03:17:38,1,1
A06619,U00319,C00075,CAM0015,2026-07-30 12:16:18,1,0
A06620,U00565,C00136,CAM0007,2026-05-17 07:06:51,0,0
A06621,U00898,C00103,CAM0053,2026-06-22 02:04:04,0,0
A06622,U00015,C00029,CAM0004,2026-01-17 02:05:53,0,0
A06623,U00676,C00138,CAM0030,2025-03-31 16:56:57,0,1
A06624,U00293,C00136,CAM0034,,1,0
A06625,U00232,C00166,CAM0032,2025-06-26 12:24:53,0,0
A06626,U00828,C00047,CAM0023,2025-06-13 04:59:05,1,0
A06627,U00630,C00242,CAM0057,2025-11-19 04:40:57,1,0
A06628,U00007,C00045,CAM0045,2025-12-29 18:43:50,1,0
A06629,U00698,C00245,CAM0049,2025-11-20 08:27:23,0,1
A06630,U00283,C00019,CAM0027,2026-02-21 02:23:22,0,0
A06631,U00236,C00207,CAM0019,2025-11-15 02:34:00,1,0
A06632,U00636,C00195,CAM0054,2026-03-07 16:43:34,1,0
A06633,U00933,C00051,CAM0034,2026-03-21 17:13:14,0,0
A06634,U00997,C00173,CAM0052,2026-05-20 01:55:52,1,0
A06635,U00962,C00164,CAM0004,2026-05-05 15:28:01,0,0
A06636,U00419,C00162,CAM0006,2025-07-20 13:27:06,0,0
A06637,U00603,C00055,CAM0040,2025-08-01 11:26:04,0,0
A06638,U00609,C00062,CAM0034,2026-08-01 03:25:54,1,0
A06639,U00240,C00193,CAM0017,2025-08-21 06:18:22,0,0
A06640,U00350,C00170,CAM0050,,0,1
A06641,U00511,C00091,CAM0015,2025-10-02 15:18:30,1,1
A06642,U00313,C00082,CAM0031,2025-10-04 12:08:01,0,1
A06643,U00741,C00041,CAM0057,2026-09-14 11:23:46,0,0
A06644,U00939,C00055,CAM0049,2026-03-07 17:07:48,1,1
A06645,U00008,C00037,CAM0001,2025-08-28 11:56:10,-1,0
A06646,U00345,C00165,CAM0034,2025-07-13 03:40:45,0,0
A06647,U00687,C00154,CAM0055,2025-03-17 00:28:46,1,0
A06648,U00823,C00193,CAM0028,2025-06-24 17:44:35,0,0
A06649,U00066,C00190,CAM0010,2026-02-19 15:08:55,0,0
A06650,U00916,C00186,CAM0006,2025-01-01 22:19:19,0,1
A06651,U00818,C00231,CAM0038,2025-04-26 02:00:16,1,0
A06652,U00144,C00237,CAM0041,2025-07-29 12:16:12,0,0
A06653,U00649,C00248,CAM0044,2025-02-22 18:40:30,0,0
A06654,U00683,C00008,CAM0038,2025-02-21 22:59:01,0,0
A06655,U00382,C00249,CAM0013,2025-02-27 06:06:24,0,0
A06656,U00877,C00151,CAM0047,2025-02-07 23:12:24,1,1
A06657,U00917,C00177,CAM0011,2026-08-26 02:42:50,1,0
A06658,U00014,C00062,CAM0045,2026-05-24 03:53:26,0,0
A06659,U00076,C00050,CAM0056,2025-05-14 02:31:58,1,0
A06660,U00844,C00093,,2025-01-25 03:16:10,0,0
A06661,U00414,C00087,CAM0033,2025-09-06 20:40:06,1,0
A06662,U00767,C00007,CAM0049,2025-05-20 05:52:26,1,0
A06663,U00752,C00112,CAM0003,2025-08-28 03:17:13,0,0
A06664,U00841,C00009,CAM0016,2025-12-10 12:19:07,yes,0
A06665,U00576,C00110,CAM0050,2026-09-04 22:14:55,0,0
A06666,U00303,C00163,CAM0055,2025-09-11 05:09:14,0,0
A06667,U00967,C00100,CAM0059,2026-07-04 06:27:09,1,0
A06668,U00610,C00123,CAM0036,2026-07-04 16:01:37,1,0
A06669,U00914,C00174,CAM0015,2026-01-10 19:49:47,1,0
A06670,U00037,C00149,CAM0050,2025-04-26 14:30:31,1,0
A06671,U00293,C00096,CAM0011,2026-02-18 20:54:16,1,0
A06672,U00276,C00134,CAM0034,2025-02-26 03:17:12,0,0
A06673,U00804,C00241,CAM0007,2025-10-18 04:14:45,1,0
A06674,U00628,C00224,CAM0009,2026-04-04 16:29:49,0,0
A06675,U00434,C00143,CAM0018,2026-01-16 09:17:48,0,1
A06676,U00647,C00126,CAM0007,2025-02-27 04:59:30,0,0
A06677,U00463,C00158,CAM0036,2025-10-04 02:23:28,0,0
A06678,U00785,C00222,CAM0059,2026-05-14 14:50:16,0,0
A06679,U00276,C00219,CAM0016,2026-03-27 16:34:03,1,0
A06680,U00647,C00126,CAM0052,2025-04-03 10:06:33,1,1
A06681,U00593,C00051,CAM0017,2025-06-18 14:35:01,0,1
A06682,U00378,C00037,CAM0015,2025-01-25 18:56:06,0,0
A06683,U00686,C00040,CAM0027,2026-06-25 13:04:36,0,0
A06684,U00931,C00201,CAM0018,2026-01-27 04:32:11,1,1
A06685,U00417,C00234,CAM0016,2026-05-29 04:07:51,1,1
A06686,U00201,C00194,CAM0020,2026-08-26 05:30:55,1,0
A06687,U00240,C00048,CAM0051,2026-06-08 05:43:51,0,1
A06688,U00542,C00243,CAM0051,2025-05-12 12:37:57,1,0
A06689,U00598,C00113,CAM0022,2025-07-13 14:45:06,0,0
A06690,U00572,C00201,CAM0053,2025-08-05 20:00:11,0,0
A06691,U00985,C00155,CAM0047,2025-07-19 20:45:26,0,0
A06692,U00373,C00211,CAM0002,2025-06-13 03:11:47,0,0
A06693,U00433,C00084,CAM0057,2025-11-13 13:28:59,1,0
A06694,U00554,C00224,CAM0057,2025-04-07 14:34:16,1,0
A06695,U00213,C00002,CAM0060,2026-04-07 18:37:15,0,1
A06696,U00042,C00128,CAM0033,2026-05-09 13:49:52,1,0
A06697,U00045,C00200,CAM0044,2025-01-09 00:54:44,1,0
A06698,U00618,C00195,CAM0012,2025-07-19 19:32:47,0,0
A06699,U00904,C00221,CAM0052,2025-10-22 15:39:48,0,1
A06700,U00501,C00116,CAM0015,2026-04-10 13:25:16,0,0
A06701,U00669,C00240,CAM0053,2025-05-22 21:47:54,1,0
A06702,U00127,C00043,CAM0027,2026-08-29 02:12:06,0,0
A06703,U00802,C00024,CAM0056,2025-12-11 18:10:07,1,0
A06704,U00046,C00023,CAM0032,2025-02-26 14:51:19,0,0
A06705,U00417,C00083,CAM0005,2026-07-30 20:43:29,1,0
A06706,U00349,C00215,CAM0054,2026-03-06 20:36:59,0,1
A06707,U00308,C00223,CAM0058,2025-03-07 11:18:33,1,0
A06708,U00759,C00157,CAM0012,2025-12-15 17:08:37,0,0
A06709,U00351,C00240,CAM0023,2026-03-30 19:24:28,0,0
A06710,U00629,C00074,CAM0009,2025-11-16 05:23:41,0,0
A06711,U00107,C00142,CAM0007,2026-07-18 18:39:10,0,0
A06712,U00670,C00120,CAM0056,2026-02-04 09:35:18,1,0
A06713,U00037,C00175,CAM0005,2025-11-24 12:53:15,1,0
A06714,U00982,C00210,CAM0029,2025-06-09 00:05:27,1,1
A06715,U00649,C00194,CAM0010,2025-06-24 08:39:13,0,0
A06716,U00990,C00121,CAM0049,2026-06-15 00:35:02,1,0
A06717,U00990,C00203,CAM0004,2025-03-28 13:38:56,1,1
A06718,U00920,C00037,CAM0044,2026-08-30 09:27:42,1,0
A06719,U00551,C00092,CAM0025,2025-03-04 08:25:24,0,1
A06720,U00394,C99999,CAM0027,2025-05-17 20:12:42,1,0
A06721,U00303,C00233,CAM0019,2026-02-23 16:56:28,1,1
A06722,U00803,C00034,CAM0006,2026-03-16 01:06:49,0,0
A06723,U00086,C00174,CAM0010,2025-03-19 14:05:50,1,0
A06724,U00604,C00184,,2026-06-02 09:46:42,0,0
A06725,U00865,C00104,CAM0043,2025-01-09 12:35:41,0,0
A06726,U00224,C00041,CAM0051,2025-07-28 22:11:06,1,0
A06727,U00359,C00150,CAM0049,2026-04-03 23:52:32,0,0
A06728,U00511,C00228,CAM0002,2026-04-06 20:03:03,0,1
A06729,U00953,C00096,CAM0004,2025-10-21 09:39:06,1,0
A06730,U00957,C00052,CAM0044,,1,0
A06731,U00983,C00222,CAM0045,2025-06-21 16:19:57,1,1
A06732,U00530,C00047,CAM0027,2026-07-27 16:44:42,0,0
A06733,U00165,C00148,CAM0019,2025-03-05 14:03:30,0,0
A06734,U00732,C00198,CAM0052,2026-07-30 11:29:14,1,1
A06735,U00393,C00240,CAM0041,2026-09-07 21:32:03,0,0
A06736,U00883,C00154,CAM0055,2025-09-28 03:53:36,0,1
A06737,U00523,C00188,CAM0004,2025-08-21 08:22:43,0,0
A06738,U00041,C00249,,2026-04-22 06:58:20,0,0
A06739,U00502,C00246,CAM0029,2025-05-11 22:10:30,1,1
A06740,U00256,C00217,CAM0057,2026-08-27 04:18:46,1,0
A06741,U00914,C00164,CAM0015,2025-01-25 07:18:40,0,0
A06742,U00505,C00012,CAM0015,2026-09-06 20:11:53,0,0
A06743,U00710,C00236,CAM0007,2025-10-23 12:04:33,1,0
A06744,U00267,C00244,CAM0013,2025-06-26 16:36:19,1,0
A06745,U00191,C00078,CAM0028,,0,0
A06746,U00722,C00081,CAM0001,2025-08-02 08:03:41,0,1
A06747,U00831,C00051,CAM0059,2026-01-11 03:53:45,0,0
A06748,U00336,C00102,CAM0055,2026-03-24 03:47:12,0,0
A06749,U00012,C00182,CAM0017,2025-12-31 19:35:31,1,0
A06750,U00886,C00230,CAM0016,,0,0
A06751,U00309,C00179,CAM0027,2026-09-09 09:53:53,1,0
A06752,U00105,C00118,CAM0033,2026-03-12 15:03:32,0,0
A06753,U00929,C00250,CAM0052,2025-10-05 15:23:57,1,0
A06754,U00140,C00021,,2026-08-22 10:04:51,0,0
A06755,U99999,C00075,CAM0008,2025-09-27 16:06:57,0,1
A06756,U00628,C00085,CAM0027,2026-01-16 08:43:15,1,1
A06757,U00438,C00146,CAM0050,2025-02-24 01:07:19,0,0
A06758,U00108,C00058,CAM0056,2025-09-13 21:03:46,0,0
A06759,U00165,C00037,CAM0057,2026-03-21 03:01:23,0,1
A06760,U00802,C00175,CAM0039,2025-11-14 03:05:22,0,0
A06761,U00882,C00228,CAM0041,2025-05-13 08:39:16,1,0
A06762,U00384,C00240,CAM0034,2025-12-09 02:41:55,0,0
A06763,U00198,C00111,CAM0009,2025-04-25 09:50:46,1,1
A06764,U00478,C00148,CAM0011,2025-12-14 08:46:41,0,0
A06765,U00962,C00066,CAM0005,2025-06-14 01:48:26,0,0
A06766,U00450,C00151,CAM0048,2025-08-08 12:03:43,1,0
A06767,U00249,C00208,CAM0034,2025-07-07 13:14:15,1,0
A06768,U00420,C00148,CAM0055,2025-01-02 18:58:14,1,0
A06769,U00498,C00057,CAM0005,2025-08-29 18:36:34,1,0
A06770,U00145,C00007,CAM0019,2025-12-08 00:13:13,1,1
A06771,U00256,C99999,CAM0022,2025-05-21 11:02:42,1,1
A06772,U00825,C00162,CAM0042,2025-10-28 04:43:46,0,0
A06773,U00087,C00197,CAM0025,2025-01-16 05:58:11,0,0
A06774,U00531,C00226,CAM0001,2025-12-13 10:18:27,0,1
A06775,U00657,C00170,CAM0057,2025-09-07 17:07:52,0,0
A06776,U00974,C00230,CAM0014,2025-06-01 20:23:08,0,1
A06777,U00933,C00069,CAM0017,2026-04-16 05:18:59,1,0
A06778,U00041,C00031,CAM0059,2025-08-25 22:41:44,0,0
A06779,U00767,C00129,CAM0035,2025-02-01 07:16:50,1,0
A06780,U00651,C00018,CAM0018,2025-07-09 05:08:09,1,0
A06781,U00990,C00188,CAM0050,2025-10-09 23:52:17,1,0
A06782,U00014,C00003,CAM0059,2026-05-10 03:32:46,0,0
A06783,U00160,C00110,CAM0015,2025-06-30 13:19:45,0,0
A06784,U00772,C00020,CAM0039,2026-08-24 19:46:38,0,0
A06785,U00639,C00220,CAM0010,2026-03-04 20:42:02,0,0
A06786,U00041,C00242,CAM0023,2025-09-13 00:39:22,0,0
A06787,U00990,C00102,CAM0040,2025-03-12 22:00:58,1,0
A06788,U00780,C00157,CAM0041,2025-07-26 06:26:18,1,0
A06789,U00427,C00019,CAM0014,2025-05-10 09:56:55,0,0
A06790,U00446,C00204,CAM0034,2025-05-21 23:03:38,0,0
A06791,U00389,C00046,CAM0007,2026-01-02 20:45:11,0,0
A06792,U00004,C00041,CAM0030,2025-02-24 05:06:55,0,0
A06793,U00988,C00193,CAM0056,2025-12-06 15:49:51,0,0
A06794,U00251,C00138,CAM0018,2025-08-12 00:24:20,0,1
A06795,U00443,C00085,CAM0055,2025-04-25 08:34:38,0,0
A06796,U00109,C00002,CAM0049,2025-05-18 03:19:38,1,0
A06797,U00229,C00064,CAM0053,2025-01-26 09:25:39,1,1
A06798,U00737,C00157,CAM0023,2025-02-04 03:58:13,0,1
A06799,U00176,C00184,CAM0016,2025-06-09 12:41:13,1,0
A06800,U00487,C00138,CAM0046,2026-05-19 10:55:01,0,0
A06801,U00268,C00249,CAM0055,2025-06-08 02:25:44,0,0
A06802,U00809,C00177,CAM0010,2025-04-16 19:11:31,0,0
A06803,U00797,C00102,CAM0019,2026-07-03 12:12:51,0,0
A06804,U00537,C00039,CAM0028,2025-04-27 09:43:43,1,0
A06805,U00675,C00200,CAM0034,2025-11-01 21:31:18,0,1
A06806,U00482,C00183,CAM0007,2025-09-02 22:58:47,1,0
A06807,U00127,C00016,CAM0049,2025-02-05 06:45:11,0,0
A06808,U00787,C00187,CAM0060,2025-06-30 08:31:00,1,1
A06809,U00482,C00177,CAM0047,2026-07-29 10:27:07,0,0
A06810,U00340,C00047,CAM0018,2025-01-18 14:41:44,0,0
A06811,U00869,C00092,CAM0009,2026-01-22 19:11:21,1,1
A06812,U00084,C00116,CAM0006,2026-05-27 17:19:32,0,1
A06813,U00933,C00225,CAM0044,2026-04-23 14:25:10,1,1
A06814,U00135,C00194,CAM0030,2025-12-13 01:22:04,0,0
A06815,U00082,C00230,CAM0012,2025-09-08 02:42:26,1,0
A06816,U00784,C00068,CAM0055,2026-09-15 18:36:15,1,0
A06817,U00928,C00153,CAM0039,2025-06-07 17:49:02,1,1
A06818,U00907,C00043,CAM0052,2025-10-02 20:38:49,1,0
A06819,U00503,C00207,CAM0001,2025-02-04 01:43:44,0,0
A06820,U99999,C00235,CAM0011,2025-06-01 14:07:45,0,1
A06821,U00192,C00204,CAM0028,2026-07-19 21:58:30,0,0
A06822,U00438,C00090,CAM0050,2026-07-14 03:49:11,0,0
A06823,U00497,C00119,CAM0029,2025-07-02 06:22:32,0,1
A06824,U00166,C00054,CAM0019,2025-05-19 06:33:47,1,0
A06825,U00551,C00153,CAM0028,2025-11-26 14:53:07,0,1
A06826,U00265,C00116,CAM0047,2025-09-20 09:23:09,0,0
A06827,U00355,C00175,CAM0023,2026-08-24 03:59:31,1,0
A06828,U00570,C00034,CAM0019,2025-01-16 18:41:46,1,0
A06829,U00817,C00097,CAM0022,2025-05-25 15:24:32,1,0
A06830,U00042,C00225,CAM0024,2026-08-17 08:44:58,0,0
A06831,U00406,C00184,CAM0059,2025-06-07 19:15:21,0,1
A06832,U00062,C00100,CAM0042,2025-12-21 00:00:05,0,0
A06833,U00282,C00035,CAM0036,2026-09-06 05:21:03,1,0
A06834,U00829,C00125,CAM0040,2026-03-08 02:43:30,1,0
A06835,U00736,C00230,CAM0010,2026-09-06 19:27:44,0,1
A06836,U00153,C00196,CAM0036,2025-05-19 05:18:39,0,0
A06837,U00801,C00138,CAM0035,2026-06-02 20:05:41,0,0
A06838,U00376,C00095,CAM0040,2026-03-07 15:45:28,1,0
A06839,U00271,C00199,CAM0056,2025-05-14 10:35:10,0,0
A06840,U00239,C00188,CAM0052,2026-08-07 03:52:39,1,0
A06841,U00397,C00102,CAM0026,2025-02-15 02:53:19,1,0
A06842,U00567,C00153,CAM0017,2025-09-17 15:57:33,0,0
A06843,U00559,C00069,,2026-07-19 15:36:39,0,0
A06844,U00458,C00205,CAM0055,2026-02-01 03:57:20,1,1
A06845,U00791,C00191,CAM0008,2025-10-17 04:32:24,1,0
A06846,U00369,C00156,CAM0032,2025-01-02 07:01:03,1,0
A06847,U00796,C00022,CAM0056,,1,0
A06848,U00234,C00010,CAM0020,2026-07-13 20:10:36,1,0
A06849,U00245,C00223,CAM0055,2026-06-25 21:41:43,1,1
A06850,U00431,C00182,CAM0024,2025-12-21 22:12:44,0,1
A06851,U00814,C00175,CAM0012,2025-10-03 03:25:03,1,0
A06852,U00407,C00202,CAM0023,2026-02-22 20:23:44,1,1
A06853,U00828,C00038,CAM0043,2025-09-14 05:49:09,1,0
A06854,U00522,C00024,CAM0001,2026-03-13 16:19:17,1,1
A06855,U00838,C00204,CAM0036,2026-01-27 04:30:21,0,0
A06856,U00313,C00091,CAM0059,2026-04-02 20:36:31,0,0
A06857,U00083,C00154,CAM0039,2025-11-03 18:23:56,0,1
A06858,U00685,C00106,CAM0019,2025-07-27 11:59:19,0,0
A06859,U00621,C00002,CAM0031,2025-11-13 07:33:46,1,0
A06860,U00257,C00225,CAM0046,2025-08-11 07:44:10,1,1
A06861,U00808,C00188,CAM0018,2026-03-17 18:43:21,1,0
A06862,U00767,C00138,CAM0023,2025-02-14 10:34:49,1,1
A06863,U00686,C00132,CAM0051,2025-02-22 12:14:16,1,0
A06864,U00987,C00112,CAM0054,2025-07-27 03:33:06,1,0
A06865,U00822,C00152,CAM0039,2025-04-28 03:22:09,1,0
A06866,U00610,C00193,CAM0046,2026-06-06 07:21:40,0,0
A06867,U00446,C00022,CAM0023,2026-05-30 08:11:37,0,0
A06868,U00226,C00060,CAM0026,2025-10-27 17:47:36,1,0
A06869,U00687,C00045,CAM0036,2026-07-24 12:57:52,0,0
A06870,U00702,C00113,CAM0055,2026-03-21 19:24:33,0,2
A06871,U00819,C00204,CAM0057,2026-02-10 19:12:44,1,0
A06872,U00310,C00028,CAM0032,2026-03-16 18:34:39,1,1
A06873,U00699,C00193,CAM0024,2025-05-24 16:51:58,0,2
A06874,U00393,C00102,CAM0011,2026-04-19 16:05:32,1,0
A06875,U00972,C00174,CAM0014,2026-08-10 01:35:41,0,0
A06876,U00926,C00057,CAM0058,2025-01-06 06:40:45,1,0
A06877,U00981,C00206,CAM0015,2025-05-17 13:40:39,1,0
A06878,U00513,C00126,CAM0053,2025-05-23 22:28:07,1,0
A06879,U00960,C00103,CAM0026,2025-05-01 16:08:33,0,0
A06880,U00042,C00139,CAM0033,2025-10-29 19:33:11,0,0
A06881,U00531,C00244,CAM0060,2026-09-01 03:44:06,0,0
A06882,U00049,C00122,CAM0006,2025-05-27 14:19:45,0,0
A06883,U00609,C00193,CAM0053,2025-09-21 18:17:59,1,0
A06884,U00132,C00223,CAM0014,2025-10-08 14:16:03,1,1
A06885,U00377,C00149,CAM0014,2025-03-04 23:14:14,1,0
A06886,U00766,C00250,CAM0030,2025-02-11 16:39:19,1,1
A06887,U00367,C00166,CAM0030,2026-07-20 04:05:07,1,0
A06888,U00633,C00057,CAM0025,2026-07-06 19:04:28,0,0
A06889,U00312,C00037,CAM0003,2025-02-27 20:49:50,0,1
A06890,U00692,C00009,CAM0009,2025-09-05 14:11:33,1,0
A06891,U00223,C00098,CAM0020,2025-02-05 09:42:19,1,0
A06892,U00526,C00106,CAM0014,2025-11-26 06:00:37,0,0
A06893,U00495,C00077,CAM0031,2025-02-01 17:16:05,1,1
A06894,U00990,C00122,CAM0004,2025-07-12 11:23:13,2,0
A06895,U00045,C00180,CAM0022,2025-04-03 16:33:27,0,0
A06896,U00903,C00171,CAM0011,2026-01-16 17:10:20,1,1
A06897,U00785,C00028,CAM0013,2026-01-31 16:34:20,1,1
A06898,U00147,C00150,CAM0015,2026-05-10 09:15:10,0,0
A06899,U00567,C00230,CAM0028,2025-09-24 00:14:42,1,0
A06900,U00809,C00211,CAM0009,2026-01-30 08:21:34,1,0
A06901,U00734,C00086,CAM0003,2025-09-11 04:41:20,1,0
A06902,U00382,C00219,CAM0054,2026-07-03 15:41:19,0,0
A06903,U00705,C00106,CAM0029,2026-02-11 05:20:53,1,0
A06904,U00574,C00076,CAM0005,2025-03-01 18:05:41,0,1
A06905,U00206,C00170,CAM0020,2025-04-25 00:57:37,1,1
A06906,U00786,C00074,CAM0049,2025-03-02 06:13:53,0,1
A06907,U00840,C00227,CAM0008,2025-06-29 00:18:06,0,1
A06908,U00221,C00227,CAM0004,2026-08-23 17:46:34,1,0
A06909,U00766,C00205,CAM0023,2026-03-25 14:20:33,0,0
A06910,U00810,C00134,CAM0008,2025-05-08 02:20:31,0,0
A06911,U00440,C00189,CAM0008,2026-06-11 02:53:39,0,0
A06912,U00211,C00200,CAM0011,2026-03-18 10:07:54,1,0
A06913,U00590,C00232,CAM0018,2025-10-27 13:33:57,0,0
A06914,U00864,C00123,CAM0036,2026-05-22 14:16:26,1,0
A06915,U00536,C00194,CAM0049,2025-03-24 04:07:15,1,1
A06916,U00741,C00125,CAM0024,2025-01-27 14:46:16,1,0
A06917,U00112,C00159,CAM0001,2025-09-11 18:14:56,0,1
A06918,U00533,C00056,CAM0008,2025-05-14 06:56:06,1,0
A06919,U00141,C00186,CAM0013,2026-03-24 21:37:31,1,1
A06920,U00560,C00242,CAM0031,2026-06-05 20:40:43,0,0
A06921,U00420,C00064,CAM0049,2025-04-07 08:09:30,,1
A06922,U00966,C00140,CAM0004,2026-03-03 16:42:12,0,0
A06923,U00860,C00157,CAM0055,2025-02-13 00:40:08,0,0
A06924,U00150,C00041,CAM0016,2026-02-02 11:54:43,0,0
A06925,U00075,C00231,CAM0048,2025-05-05 18:09:09,1,1
A06926,U00200,C00118,CAM0017,2026-01-11 05:06:25,1,0
A06927,U00444,C00108,CAM0005,2026-02-01 11:59:49,1,0
A06928,U00766,C00164,CAM0032,2026-06-27 10:30:12,0,1
A06929,U99999,C00249,CAM0013,2025-12-24 12:51:45,0,0
A06930,U00392,C00019,CAM0032,2025-07-18 22:06:37,0,0
A06931,U00374,C00178,CAM0042,2025-05-01 09:08:58,1,0
A06932,U00853,C00005,CAM0034,2026-08-10 17:45:46,1,0
A06933,U00878,C00227,CAM0014,2025-05-23 06:27:38,1,0
A06934,U00699,C00241,CAM0050,2026-03-28 22:05:20,1,0
A06935,U00430,C00048,CAM0034,2025-07-05 23:16:01,1,1
A06936,U00347,C00080,CAM0035,2025-01-16 17:38:03,0,0
A06937,U00625,C00024,CAM0018,2025-12-02 18:56:30,1,0
A06938,U00418,C00245,CAM0001,2026-02-23 19:46:55,1,0
A06939,U00080,C00214,CAM0025,2025-01-20 13:53:48,1,0
A06940,U00185,C00054,CAM0033,2026-08-22 15:27:41,1,0
A06941,U00558,C00241,CAM0051,2026-04-25 14:57:15,1,0
A06942,U00743,C00213,CAM0003,2026-05-02 08:29:53,0,0
A06943,U00924,C00163,CAM0050,2025-08-28 09:38:16,0,0
A06944,U00933,C00208,CAM0006,2026-07-16 15:11:58,2,0
A06945,U00062,C00207,CAM0039,2025-03-31 00:54:34,0,1
A06946,U00749,C00167,CAM0029,2025-11-06 11:04:15,0,0
A06947,U00570,C00043,CAM0034,2026-06-24 08:35:47,0,0
A06948,U00016,C00178,CAM0014,2025-03-18 09:08:33,0,0
A06949,U00015,C00220,CAM0044,2025-07-07 22:12:44,1,1
A06950,U00320,C00030,CAM0012,2025-06-16 09:07:31,0,0
A06951,U00938,C00169,CAM0032,2025-12-14 00:18:41,0,1
A06952,U00232,C00060,CAM0060,2025-01-03 06:43:28,0,0
A06953,U00565,C00228,CAM0032,2026-05-06 01:14:59,0,0
A06954,U00254,C00250,CAM0008,2026-07-21 02:39:28,0,0
A06955,U00903,C00024,CAM0025,2025-05-31 17:20:05,0,0
A06956,U00758,C00014,CAM0033,2025-11-25 10:44:39,0,0
A06957,U00753,C00231,CAM0045,2026-06-16 22:32:38,0,1
A06958,U00789,C00073,CAM0043,2025-09-02 20:23:37,1,1
A06959,U00606,C00050,CAM0018,2025-07-22 19:56:40,0,1
A06960,U00516,C00138,CAM0021,2026-02-21 08:52:31,1,0
A06961,U00713,C00182,CAM0035,2026-04-12 09:16:23,0,0
A06962,U00972,C00145,CAM0010,2026-03-31 09:51:31,0,0
A06963,U00594,C00219,CAM0045,2026-01-31 12:46:36,0,1
A06964,U00667,C00054,CAM0003,2025-05-27 17:57:30,1,0
A06965,U00700,C00002,CAM0060,2026-06-18 17:54:56,0,0
A06966,U00234,C00112,CAM0007,2025-11-26 13:46:46,1,0
A06967,U00210,C00057,CAM0016,2026-03-15 15:28:30,1,0
A06968,U00788,C00179,CAM0021,2026-06-07 08:20:49,1,0
A06969,U00832,C00236,,2025-09-20 15:23:41,1,0
A06970,U00205,C00167,CAM0007,2025-04-17 15:13:51,0,0
A06971,U00079,C00085,CAM0032,2026-01-06 19:05:50,1,0
A06972,U99999,C00029,CAM0017,2026-06-12 05:04:38,1,0
A06973,U00861,C00106,CAM0037,2026-06-23 06:24:16,0,0
A06974,U00855,C00220,CAM0058,2025-12-16 10:16:42,1,0
A06975,U00169,C00051,CAM0012,2025-04-02 18:18:05,0,1
A06976,U00370,C00162,CAM0054,2025-01-30 16:57:16,0,0
A06977,U00864,C00076,CAM0033,2026-01-23 17:50:25,0,1
A06978,U00190,C00248,CAM0010,2025-12-22 14:12:40,1,0
A06979,U00657,C00024,CAM0054,2025-09-10 08:53:30,1,0
A06980,U00894,C00014,CAM0044,2025-09-08 06:36:35,0,1
A06981,U00434,C00166,CAM0007,2025-06-26 21:50:29,0,0
A06982,U00878,C00112,CAM0029,2026-01-16 00:18:56,0,0
A06983,U00725,C00129,CAM0001,2026-04-27 18:54:18,1,0
A06984,U00592,C00042,CAM0044,2026-01-10 09:16:25,0,1
A06985,U00476,C00040,CAM0046,2026-04-16 16:27:27,1,0
A06986,U00229,C00195,CAM0025,2025-02-07 15:56:31,1,0
A06987,U00627,C00054,CAM0018,2026-04-15 10:44:53,0,0
A06988,U00006,C00249,CAM0026,2026-01-02 20:38:28,1,1
A06989,U00989,C00116,CAM0014,2025-06-05 11:54:14,0,1
A06990,U00494,C00222,CAM0005,2026-05-11 23:05:39,1,1
A06991,U00977,C00107,CAM0008,2025-06-29 16:57:56,0,0
A06992,U00802,C00108,CAM0010,2026-02-11 00:43:24,0,0
A06993,U00752,C00123,CAM0055,2026-02-23 19:58:43,1,0
A06994,U00390,C00072,CAM0040,2025-04-14 16:54:38,1,0
A06995,U00378,C00190,CAM0012,2026-06-30 14:42:04,1,0
A06996,U00261,C00019,CAM0025,2025-03-01 06:24:52,1,1
A06997,U00778,C00063,CAM0033,2026-01-14 07:25:27,0,0
A06998,U00584,C00092,CAM0051,2025-03-08 13:09:49,1,0
A06999,U00327,C00161,CAM0005,2026-09-06 13:10:16,1,0
A07000,U00241,C00038,CAM0048,2026-06-08 02:43:14,1,1
A07001,U00663,C00232,CAM0013,2025-06-12 09:56:24,1,0
A07002,U00882,C00032,CAM0027,2026-02-25 12:40:43,0,1
A07003,U00573,C00215,CAM0055,2026-05-13 09:58:54,0,1
A07004,U00370,C00074,CAM0057,2026-04-13 14:55:44,1,0
A07005,U00503,C00204,CAM0038,2026-01-13 02:42:06,0,0
A07006,U00178,C00008,CAM0044,2025-06-07 01:21:49,0,0
A07007,U00929,C00060,CAM0008,2025-01-01 04:21:22,0,0
A07008,U00464,C00064,CAM0047,2026-07-30 19:46:58,0,1
A07009,U00092,C00151,CAM0005,2026-09-12 12:28:42,0,0
A07010,U00698,C00060,CAM0008,2025-12-01 05:46:52,0,1
A07011,U00820,C00056,CAM0013,2026-04-01 00:50:57,0,0
A07012,U00354,C00083,CAM0004,2025-03-20 03:16:55,0,0
A07013,U00158,C00140,CAM0030,2026-09-14 15:14:43,1,1
A07014,U00689,C00061,CAM0033,2025-04-17 02:18:54,1,0
A07015,U00836,C00200,CAM0003,2026-01-01 02:22:27,1,1
A07016,U00001,C00026,CAM0015,2025-05-11 11:15:29,1,0
A07017,U00239,C00028,CAM0006,2026-05-02 07:09:35,1,0
A07018,U00822,C00108,CAM0051,2025-02-03 14:30:45,1,1
A07019,U00478,C00205,CAM0051,2026-04-29 21:55:28,0,0
A07020,U00951,C00233,CAM0013,2025-11-15 20:27:20,1,-1
A07021,U00380,C00242,CAM0016,2025-11-20 15:05:34,0,0
A07022,U00344,C00030,CAM0042,2026-05-07 08:04:58,1,0
A07023,U00746,C00234,CAM0013,2025-07-22 18:28:34,0,1
A07024,U00735,C00038,CAM0034,2025-05-12 18:38:12,1,
A07025,U00694,C00021,CAM0020,2025-10-28 07:41:18,0,1
A07026,U00096,C00233,CAM0022,2026-06-03 15:22:37,0,0
A07027,U00741,C00160,CAM0052,2026-04-26 14:57:29,1,0
A07028,U00198,C00059,CAM0007,2025-12-20 14:53:05,0,0
A07029,U00207,C00053,CAM0040,2026-01-22 10:58:12,0,0
A07030,U00155,C00237,CAM0045,2025-04-18 19:35:20,0,0
A07031,U00195,C00220,CAM0052,2025-08-04 19:37:17,1,1
A07032,U00020,C00016,CAM0060,2025-11-25 18:57:20,0,0
A07033,U00002,C00202,CAM0001,2026-02-20 15:46:02,1,0
A07034,U00526,C00107,CAM0017,2026-04-02 10:19:28,0,1
A07035,U00632,C00037,CAM0017,2025-04-13 08:03:42,0,0
A07036,U00789,C00176,CAM0025,2025-02-10 22:57:45,0,0
A07037,U00268,C00046,CAM0002,2025-11-04 11:31:48,0,0
A07038,U00394,C00094,CAM0009,2026-04-13 12:40:10,0,0
A07039,U00001,C00096,,2025-10-21 06:43:50,1,0
A07040,U00109,C00067,CAM0046,2025-12-23 00:51:58,0,1
A07041,U00703,C00128,CAM0035,2026-07-10 07:49:34,0,0
A07042,U00264,C00044,CAM0010,2025-01-12 23:08:25,1,1
A07043,U00576,C00144,CAM0017,2026-02-02 20:22:39,0,0
A07044,U00199,C00055,CAM0005,2025-12-26 04:26:14,0,0
A07045,U00196,C00224,CAM0044,2025-10-10 02:05:22,0,1
A07046,U00268,C00229,CAM0054,2025-10-09 23:39:17,1,1
A07047,U00879,C00084,CAM0051,,0,0
A07048,U00876,C00102,CAM0002,2025-06-14 08:45:42,1,0
A07049,U00910,C00177,CAM0007,2025-01-11 21:43:29,0,0
A07050,U00673,C00032,CAM0006,2026-06-22 04:33:04,1,0
A07051,U00914,C00082,CAM0013,2026-01-01 15:26:20,1,1
A07052,U00819,C00230,CAM0046,2025-03-05 01:51:36,0,0
A07053,U00776,C00157,CAM0052,2025-04-12 15:22:56,0,0
A07054,U00327,C00088,CAM0020,2025-10-01 18:19:32,1,0
A07055,U00302,C00022,CAM0036,2025-03-10 16:57:38,0,-1
A07056,U00838,C00096,CAM0018,2026-09-07 07:35:14,0,1
A07057,U00707,C00004,CAM0038,2026-01-28 06:45:45,0,1
A07058,U00562,C00056,CAM0010,2025-03-10 18:55:52,0,0
A07059,U00622,C99999,CAM0029,2025-06-24 01:37:27,0,0
A07060,U00251,C00197,CAM0036,2026-05-29 16:01:58,0,1
A07061,U00127,C00224,CAM0013,2025-05-22 22:52:27,1,0
A07062,U00947,C00054,CAM0045,2026-06-16 21:21:52,0,0
A07063,U00974,C00044,CAM0022,2026-06-13 18:16:58,0,0
A07064,U00305,C00156,CAM0005,2025-01-27 20:20:06,0,0
A07065,U00296,C00171,CAM0055,2026-08-23 19:53:08,1,0
A07066,U00969,C00052,CAM0002,2026-06-06 04:18:54,1,0
A07067,U00395,C00077,CAM0058,2026-08-02 09:12:08,0,1
A07068,U00491,C00038,CAM0024,2026-03-24 22:15:20,1,1
A07069,U00187,C00020,CAM0019,2025-03-21 02:43:50,0,1
A07070,U00025,C00226,CAM0011,2026-05-01 21:54:30,0,0
A07071,U00680,C00170,CAM0051,2025-12-27 15:42:11,0,1
A07072,U00342,C00086,CAM0040,2025-01-21 18:01:06,0,1
A07073,U00723,C00195,CAM0026,2026-09-15 06:29:06,1,0
A07074,U00913,C00224,CAM0048,2026-05-19 19:27:38,1,0
A07075,U00533,C00016,CAM0036,2025-08-13 00:36:49,0,1
A07076,U00945,C00037,CAM0057,2026-02-01 04:52:31,1,0
A07077,U00874,C00095,CAM0023,2025-03-04 13:43:35,0,0
A07078,U00694,C00053,CAM0045,2025-02-19 17:13:04,0,0
A07079,U00161,C00198,CAM0036,2025-05-02 00:15:04,0,0
A07080,U00642,C00121,CAM0005,2025-02-17 10:41:30,1,0
A07081,U00058,C00194,CAM0021,2025-09-23 04:02:37,1,0
A07082,U00898,C00214,CAM0060,2025-03-25 21:25:52,0,0
A07083,U00504,C00026,CAM0018,2026-09-16 00:36:24,1,0
A07084,U00172,C00024,CAM0046,2025-05-30 18:31:08,1,0
A07085,U00144,C00221,CAM0017,2025-09-30 14:43:53,0,0
A07086,U00873,C00113,CAM0048,2026-06-12 05:23:50,0,1
A07087,U99999,C00067,CAM0013,2025-06-25 19:21:33,0,1
A07088,U00695,C00216,CAM0055,2026-08-09 09:51:32,0,0
A07089,U00130,C00009,CAM0053,2025-07-13 16:37:39,0,1
A07090,U00391,C00169,CAM0029,2025-05-06 06:36:33,1,0
A07091,U00692,C00191,CAM0020,2026-03-31 13:39:47,0,1
A07092,U00843,C00152,CAM0011,2025-04-17 02:09:41,0,0
A07093,U00383,C00191,CAM0007,2025-08-06 09:07:50,1,1
A07094,U00129,C00073,CAM0030,2025-09-10 05:13:45,1,0
A07095,U00027,C00158,CAM0054,2025-12-04 22:05:36,0,1
A07096,U00513,C00098,CAM0012,2026-07-02 23:00:08,1,1
A07097,U00382,C00161,CAM0028,2025-08-07 18:38:41,0,0
A07098,U00398,C00144,CAM0009,2025-01-24 21:02:38,1,0
A07099,U00369,C00023,CAM0001,2025-07-25 20:00:08,0,2
A07100,U00803,C00217,CAM0042,2025-11-30 23:26:21,1,0
A07101,U00422,C00204,CAM0054,2026-08-14 04:37:41,1,0
A07102,U00822,C00169,CAM0043,2025-01-02 04:25:42,1,0
A07103,U00464,C00067,CAM0040,2026-03-15 03:40:30,1,0
A07104,U00246,C00164,CAM0015,2026-08-07 19:11:04,1,0
A07105,U00527,C00144,CAM0045,2025-01-24 23:43:01,1,0
A07106,U00280,C00200,CAM0060,2025-10-10 12:34:07,0,1
A07107,U00689,C00124,CAM0015,2025-11-18 08:30:59,0,0
A07108,U00875,C00235,CAM0047,2026-06-07 22:54:07,1,0
A07109,U00015,C00054,CAM0028,2025-10-26 09:13:56,1,0
A07110,U00271,C00134,CAM0010,2025-01-25 18:02:58,0,1
A07111,U00662,C00241,CAM0022,2026-01-08 05:43:05,1,0
A07112,U00817,C00129,CAM0045,2025-09-02 05:56:51,1,1
A07113,U00457,C00181,CAM0013,2026-03-07 20:10:40,0,0
A07114,U00804,C00073,CAM0008,2025-11-17 04:57:55,1,0
A07115,U00506,C00032,CAM0027,2026-08-20 09:15:57,1,1
A07116,U00848,C00019,CAM0040,2025-05-31 23:05:14,0,0
A07117,U00301,C00052,CAM0035,2025-04-14 23:05:47,1,0
A07118,U00688,C00214,CAM0057,2026-04-20 11:26:10,1,0
A07119,U00073,C00234,CAM0031,2025-08-03 17:17:30,0,1
A07120,U00387,C00177,CAM0056,2026-03-07 02:59:19,0,0
A07121,U00074,C00076,CAM0040,2026-02-27 08:47:48,0,0
A07122,U00151,C00047,CAM0022,2026-05-03 14:04:42,0,1
A07123,U00541,C00177,CAM0057,2026-06-23 20:49:57,1,1
A07124,U00366,C00027,CAM0051,2026-09-11 12:18:56,1,0
A07125,U00427,C00098,CAM0053,2026-06-12 03:46:30,0,0
A07126,U00678,C00040,CAM0024,2025-09-12 05:08:19,1,0
A07127,U00597,C00174,CAM0057,2025-08-08 17:23:26,0,1
A07128,U00773,C00002,CAM0057,2025-09-21 15:13:36,0,1
A07129,U00214,C00198,CAM0002,2025-03-05 02:50:59,1,1
A07130,U00566,C00042,CAM0005,2025-04-22 01:42:43,1,0
A07131,U00679,C00191,CAM0010,2025-01-15 05:33:11,0,0
A07132,U00720,C00245,CAM0043,2025-12-29 00:08:19,0,0
A07133,U00139,C00170,CAM0009,2025-04-21 12:27:04,1,1
A07134,U00579,C00033,CAM0010,2026-04-15 08:57:07,0,clicked
A07135,U00684,C00010,CAM0003,2025-07-13 04:47:37,0,0
A07136,U00009,C00205,CAM0011,2025-11-27 08:07:01,1,0
A07137,U00129,C00017,CAM0020,2025-10-23 22:08:37,1,1
A07138,U00107,C00099,CAM0042,2025-07-19 19:00:20,1,0
A07139,U00816,C00159,CAM0022,,0,0
A07140,U00178,C00097,CAM0058,2025-08-10 17:11:40,0,0
A07141,U00516,C00134,CAM0050,2026-01-09 03:52:43,0,1
A07142,U00308,C00048,CAM0059,2025-01-03 16:57:52,1,0
A07143,U00184,C00210,CAM0021,2025-10-19 08:01:49,0,1
A07144,U00204,C00182,CAM0034,2026-06-04 21:53:47,0,0
A07145,U00966,C00018,CAM0002,2025-11-24 09:59:07,0,0
A07146,U00225,C00179,CAM0045,2026-05-01 16:39:15,0,1
A07147,U00401,C00042,CAM0011,2026-04-05 09:25:12,0,1
A07148,U00238,C00172,CAM0020,2026-08-15 16:04:19,1,0
A07149,U00122,C00170,CAM0047,2026-08-16 01:24:14,0,1
A07150,U00240,C99999,CAM0023,2025-05-02 15:58:18,1,1
A07151,U00801,C00106,CAM0018,2025-05-23 18:45:58,1,0
A07152,U00795,C00153,CAM0013,2026-03-19 14:54:00,0,1
A07153,U00068,C00239,CAM0015,2025-04-11 14:06:51,1,0
A07154,U00974,C00183,CAM0016,2026-07-24 14:27:59,0,0
A07155,U00497,C00054,CAM0044,2025-10-23 09:10:41,0,0
A07156,U00384,C00195,CAM0056,2025-01-03 05:26:46,1,0
A07157,U00049,C00098,CAM0034,2025-08-27 22:38:28,1,0
A07158,U00359,C00023,CAM0003,2026-03-09 11:40:14,1,0
A07159,U00684,C00138,CAM0023,2026-03-03 20:36:04,1,0
A07160,U00162,C00165,CAM0039,2026-04-21 20:14:27,0,1
A07161,U00362,C00012,CAM0003,2025-03-11 04:15:46,1,0
A07162,U00570,C00155,CAM0011,2026-05-04 05:46:24,1,1
A07163,U00709,C00214,CAM0004,2026-04-10 13:23:39,1,1
A07164,U00177,C00091,CAM0037,2026-02-05 21:19:12,0,0
A07165,U00758,C00147,CAM0050,2026-04-25 15:50:55,1,1
A07166,U00429,C00225,CAM0027,2025-06-17 09:20:02,1,0
A07167,U00289,C00060,CAM0035,2025-02-07 03:20:21,1,0
A07168,U00660,C00232,CAM0013,2025-12-14 02:34:21,1,1
A07169,U00377,C00164,CAM0060,2025-01-22 00:50:52,1,0
A07170,U00695,C00079,CAM0059,2025-07-09 13:15:45,1,0
A07171,U00535,C00192,CAM0014,,0,0
A07172,U00229,C00114,CAM0007,2025-05-12 21:30:17,1,0
A07173,U00710,C00092,CAM0054,2026-07-31 08:29:48,1,0
A07174,U00075,C00199,CAM0060,2026-06-30 23:14:39,0,1
A07175,U00789,C00229,CAM0018,2025-05-25 07:16:47,0,0
A07176,U00683,C00217,CAM0050,2026-05-19 09:25:20,0,0
A07177,U00886,C00161,CAM0059,2026-07-16 21:16:27,0,0
A07178,U00243,C00221,CAM0053,2026-02-23 04:13:04,0,0
A07179,U00730,C00176,CAM0041,2025-03-13 02:34:30,0,0
A07180,U00082,C00237,CAM0016,2026-05-22 02:29:40,0,0
A07181,U00849,C00006,CAM0041,2026-08-16 12:38:47,1,0
A07182,U00192,C00178,CAM0059,2026-01-10 04:47:28,1,0
A07183,U00542,C00139,CAM0019,2026-01-08 07:51:03,0,0
A07184,U00950,C00135,CAM0038,2025-11-06 21:24:41,1,0
A07185,U00160,C00227,CAM0006,2026-01-12 09:48:48,0,1
A07186,U00725,C00161,CAM0003,2026-02-02 13:13:48,0,0
A07187,U00216,C00161,CAM0021,2026-04-19 02:23:56,0,0
A07188,U00890,C00236,CAM0037,2026-09-17 05:32:21,0,0
A07189,U00125,C00218,CAM0001,2025-12-24 00:56:44,1,1
A07190,U00448,C00180,CAM0039,2026-05-07 18:16:18,1,1
A07191,U00725,C00027,CAM0060,2025-12-10 10:52:19,0,0
A07192,U00222,C00247,CAM0011,2026-01-20 20:52:21,0,0
A07193,U00671,C00121,CAM0057,2026-07-03 17:11:57,1,0
A07194,U00086,C00063,CAM0037,2026-05-22 11:23:33,1,0
A07195,U00846,C00020,CAM0041,2026-01-23 14:01:28,1,0
A07196,U00386,C00114,CAM0021,2025-11-30 10:36:46,0,0
A07197,U00587,C00174,CAM0003,2025-08-09 13:03:32,1,0
A07198,U00376,C00170,CAM0009,2025-03-30 04:37:47,0,0
A07199,U00634,C00212,CAM0020,2025-08-03 19:41:29,0,0
A07200,U00274,C00007,CAM0004,2025-12-06 02:32:06,0,0
A07201,U00653,C00178,CAM0032,2025-08-05 05:57:04,0,0
A07202,U00829,C00157,CAM0025,2025-01-22 05:48:51,1,1
A07203,U00791,C00190,CAM0004,2026-07-21 08:51:01,1,0
A07204,U00429,C00092,CAM0004,2025-03-29 02:19:27,1,0
A07205,U00563,C00233,CAM0048,2026-06-04 01:00:51,1,1
A07206,U00256,C00018,CAM0040,2026-05-03 20:39:28,1,0
A07207,U00471,C00177,CAM0002,2026-03-05 04:10:28,0,0
A07208,U00701,C00092,CAM0003,2026-01-29 01:32:51,0,0
A07209,U00998,C00115,CAM0046,2026-02-25 19:57:00,0,0
A07210,U00788,C00043,CAM0051,2025-10-21 06:16:29,0,0
A07211,U00718,C00051,CAM0011,2025-09-25 16:13:16,1,0
A07212,U00556,C00200,CAM0054,2026-03-16 11:02:30,0,0
A07213,U00450,C00242,CAM0014,,0,0
A07214,U00077,C00182,CAM0040,2026-08-02 05:07:37,0,0
A07215,U00849,C00078,CAM0053,,0,0
A07216,U00697,C00059,CAM0027,2026-04-30 08:51:23,0,0
A07217,U00349,C00071,CAM0053,2025-04-25 12:44:17,1,0
A07218,U00162,C00112,CAM0032,2025-11-04 07:35:57,0,0
A07219,U00089,C00144,CAM0043,2025-02-20 00:03:25,0,0
A07220,U00092,C00171,CAM0004,2025-07-31 20:24:06,0,0
A07221,U00470,C00071,CAM0025,2025-09-12 12:45:46,0,0
A07222,U00096,C00108,CAM0052,2025-05-31 07:42:00,0,0
A07223,U00874,C00141,CAM0043,2026-02-25 19:13:34,1,0
A07224,U00798,C00072,CAM0053,2026-04-01 08:53:53,0,0
A07225,U00312,C00142,CAM0039,2026-02-06 02:09:07,1,0
A07226,U00363,C00127,CAM0052,2025-08-27 19:13:57,1,1
A07227,U00979,C00191,CAM0016,2026-03-03 09:55:05,0,0
A07228,U00366,C00078,CAM0017,2025-07-30 12:58:15,0,clicked
A07229,U00637,C00153,CAM0006,2026-04-14 17:23:20,1,1
A07230,U00879,C00184,CAM0057,2025-09-29 08:10:54,1,0
A07231,U00388,C00194,CAM0031,2026-08-13 21:37:36,1,0
A07232,U00142,C00008,,2025-07-27 21:10:51,0,0
A07233,U00842,C00159,CAM0024,2026-03-23 09:03:58,1,0
A07234,U00258,C00079,CAM0053,2026-09-01 12:21:47,0,0
A07235,U00443,C00096,CAM0024,2026-06-13 08:44:50,1,0
A07236,U00631,C00127,CAM0058,2025-03-28 21:18:09,1,0
A07237,U00552,C00230,CAM0049,2025-04-17 16:05:17,0,0
A07238,U00199,C00172,CAM0002,2025-01-31 16:51:44,1,0
A07239,U00756,C00230,CAM0024,2026-06-28 07:31:42,0,1
A07240,U00456,C00169,CAM0035,2026-01-12 20:51:48,0,0
A07241,U00129,C00098,CAM0042,2026-07-19 05:39:51,1,0
A07242,U00059,C00230,CAM0009,2026-01-12 14:35:40,1,0
A07243,U00233,C00223,,2026-01-31 16:34:51,0,0
A07244,U00392,C00171,CAM0010,2025-03-24 03:20:15,0,0
A07245,U00976,C00246,CAM0020,2025-01-22 07:59:09,1,1
A07246,U00553,C00109,CAM0021,2026-06-07 19:03:26,0,1
A07247,U00658,C00061,CAM0056,2025-11-22 23:05:42,1,0
A07248,U00548,C00171,CAM0052,2026-04-29 15:42:31,1,0
A07249,U00924,C00160,CAM0051,2026-07-25 00:51:15,1,1
A07250,U00115,C00244,CAM0026,2025-01-15 12:32:54,0,1
A07251,U00816,C00071,CAM0031,2026-08-07 06:31:31,0,0
A07252,U00677,C00233,CAM0010,2025-04-09 18:22:05,0,0
A07253,U00783,C00032,CAM0059,2026-06-28 22:46:02,1,0
A07254,U00029,C00214,CAM0045,2026-03-16 19:54:50,0,0
A07255,U00194,C00194,CAM0001,2025-12-17 16:42:34,1,0
A07256,U00820,C00067,CAM0045,2026-04-14 14:48:01,0,1
A07257,U00561,C00075,CAM0010,2025-11-30 09:28:57,0,0
A07258,U00001,C00137,CAM0043,2026-04-24 13:28:27,1,0
A07259,U00241,C00061,CAM0055,2025-11-15 19:24:37,1,1
A07260,U00312,C00178,,2025-05-07 08:54:26,0,0
A07261,U00813,C00145,CAM0004,2025-02-23 04:32:38,1,0
A07262,U00386,C00057,CAM0022,2026-08-20 08:40:24,1,1
A07263,U00044,C00076,CAM0004,2026-02-11 02:43:57,0,1
A07264,U00244,C00151,CAM0053,2025-04-18 00:44:02,0,0
A07265,U00545,C00048,CAM0052,2025-11-09 13:05:46,1,0
A07266,U00413,C00041,CAM0006,2026-09-19 19:40:37,0,0
A07267,U00839,C00068,CAM0021,2025-02-12 06:32:42,1,0
A07268,U00678,C00209,CAM0052,2026-08-07 09:39:49,0,0
A07269,U00755,C00231,CAM0040,2025-11-11 15:27:54,1,0
A07270,U00493,C00233,CAM0027,2025-03-04 17:06:41,0,0
A07271,U00307,C00055,CAM0004,2025-01-05 00:58:37,0,0
A07272,U00751,C00012,CAM0025,2026-05-04 00:13:38,1,1
A07273,U00712,C00043,CAM0045,2025-07-02 02:14:08,0,-1
A07274,U99999,C00119,CAM0023,2026-02-21 22:33:19,1,0
A07275,U00027,C00238,CAM0041,2026-02-09 08:31:00,0,0
A07276,U00115,C00071,CAM0059,2026-09-05 07:05:46,0,0
A07277,U00437,C00212,CAM0039,2026-03-22 18:19:06,1,0
A07278,U00675,C00066,CAM0024,2026-07-12 19:48:35,1,1
A07279,U00299,C00209,CAM0013,2026-01-20 09:14:58,0,0
A07280,U00415,C00126,CAM0019,2026-01-19 15:36:57,1,0
A07281,U00509,C00098,CAM0035,2025-10-14 23:08:08,1,0
A07282,U00305,C00203,CAM0025,2026-07-07 07:40:13,0,0
A07283,U00682,C00189,CAM0058,2025-08-15 03:06:18,1,1
A07284,U00364,C00129,CAM0001,2026-01-29 10:24:47,1,0
A07285,U00113,C00101,CAM0041,2026-07-08 12:51:00,0,0
A07286,U00884,C00212,CAM0022,2025-05-04 13:33:20,1,0
A07287,U00153,C00229,CAM0023,2026-04-22 08:15:24,0,0
A07288,U00937,C00181,CAM0043,2025-08-13 23:03:43,0,0
A07289,U00595,C00122,CAM0017,2026-02-22 19:31:36,0,1
A07290,U00452,C00219,CAM0001,2026-06-23 03:52:41,0,1
A07291,U00628,C00019,CAM0043,,1,0
A07292,U00302,C00210,CAM0022,2026-09-18 15:21:32,0,1
A07293,U00588,C00171,CAM0049,2025-05-18 17:14:47,1,1
A07294,U00455,C00184,CAM0009,2026-03-16 08:41:16,0,0
A07295,U00266,C00050,CAM0054,2025-12-10 05:31:17,1,1
A07296,U00775,C00039,CAM0030,2025-12-29 13:40:57,0,1
A07297,U00298,C00245,CAM0058,2026-07-16 15:38:50,0,0
A07298,U00847,C00038,CAM0011,2025-07-03 00:55:32,1,0
A07299,U00899,C00109,CAM0052,2026-01-28 19:33:52,0,0
A07300,U00148,C00041,CAM0017,2026-09-12 08:05:08,0,0
A07301,U00981,C00144,CAM0044,2026-05-28 10:50:29,0,0
A07302,U00299,C00088,CAM0010,2026-05-10 05:59:43,1,0
A07303,U00392,C00207,CAM0011,2026-02-14 19:28:15,1,0
A07304,U00543,C00143,CAM0030,2025-11-29 21:25:56,1,1
A07305,U00306,C00156,CAM0019,2025-11-25 15:02:16,1,0
A07306,U00585,C00192,CAM0014,2025-02-17 09:51:26,0,1
A07307,U00813,C00227,CAM0039,,1,1
A07308,U00830,C00031,CAM0055,2025-06-15 16:51:27,0,0
A07309,U01000,C00026,CAM0034,2025-08-15 23:48:34,1,0
A07310,U00202,C00059,CAM0028,2025-09-11 06:14:38,1,0
A07311,U00524,C00029,CAM0060,2025-10-15 15:04:24,0,0
A07312,U00121,C00054,CAM0003,2026-07-16 20:20:57,0,1
A07313,U00454,C00044,CAM0022,2025-02-05 10:00:32,1,0
A07314,U00649,C00147,CAM0013,2025-02-26 15:38:25,0,1
A07315,U00331,C00232,CAM0007,2026-08-04 20:25:56,1,1
A07316,U00150,C00054,CAM0056,2026-02-15 08:39:49,1,0
A07317,U00706,C00124,CAM0043,2026-08-31 01:49:06,0,0
A07318,U00209,C00112,,2025-05-02 20:57:21,,0
A07319,U00705,C00227,CAM0037,2026-08-03 07:16:21,1,1
A07320,U00708,C00039,CAM0035,2026-08-07 18:50:05,1,0
A07321,U00774,C00001,CAM0008,2026-05-21 03:53:51,1,0
A07322,U00919,C00095,CAM0016,2025-10-15 22:01:28,1,0
A07323,U00990,C00044,CAM0024,2025-10-10 17:15:57,0,1
A07324,U00181,C00233,CAM0048,2026-07-01 03:35:21,0,0
A07325,U00601,C00055,CAM0030,2025-10-11 11:06:08,0,0
A07326,U00100,C00220,CAM0001,2025-09-04 14:24:21,1,0
A07327,U00375,C00069,CAM0012,2026-03-29 03:34:12,0,1
A07328,U00954,C00069,CAM0016,2025-06-23 04:01:46,0,1
A07329,U00325,C00166,CAM0025,2025-05-14 18:18:27,0,0
A07330,U00597,C00052,CAM0038,2026-04-25 08:12:09,0,0
A07331,U00069,C00085,CAM0047,2026-07-15 18:14:22,0,0
A07332,U00085,C00035,CAM0045,2025-03-12 15:21:25,1,0
A07333,U00417,C00224,CAM0051,2026-02-27 23:00:22,1,0
A07334,U00712,C99999,CAM0046,2026-09-09 09:34:31,0,0
A07335,U00596,C00191,CAM0024,2025-04-03 02:03:54,0,0
A07336,U00885,C00241,CAM0051,2026-07-08 11:01:47,0,0
A07337,U00417,C00107,CAM0050,2026-03-23 02:49:55,0,1
A07338,U00173,C00223,CAM0027,2025-07-19 13:40:37,0,0
A07339,U00670,C00173,CAM0039,2025-04-16 22:14:14,0,1
A07340,U00338,C00081,CAM0048,2025-02-04 11:23:32,0,0
A07341,U00530,C00217,CAM0034,2025-04-23 05:47:29,1,0
A07342,U00519,C00080,CAM0026,2026-05-04 10:06:19,1,0
A07343,U00910,C00127,CAM0056,2026-05-28 05:43:28,0,1
A07344,U00155,C00212,CAM0039,2026-08-29 21:32:34,1,0
A07345,U00669,C00075,CAM0004,2025-02-28 06:42:42,0,0
A07346,U00445,C00017,CAM0001,2025-11-05 17:34:53,0,1
A07347,U00351,C00088,CAM0035,2026-04-04 00:41:16,1,0
A07348,U00763,C00194,CAM0025,2026-03-22 01:45:53,1,0
A07349,U00740,C00044,CAM0005,,0,0
A07350,U00261,C00017,CAM0001,2025-09-09 16:13:11,1,0
A07351,U00544,C00136,CAM0005,2025-05-14 00:09:11,0,1
A07352,U00190,C00199,CAM0043,2025-08-18 01:13:07,1,0
A07353,U00915,C00116,CAM0055,2026-08-05 17:38:08,1,0
A07354,U00018,C00102,CAM0042,2025-09-13 04:44:36,0,1
A07355,U00137,C00134,CAM0004,2026-09-07 22:56:30,0,0
A07356,U00605,C00214,CAM0048,2026-04-30 21:41:37,0,0
A07357,U00725,C00235,CAM0043,2025-08-17 06:17:21,1,0
A07358,U00615,C00250,CAM0045,2026-03-24 22:40:35,0,0
A07359,U00206,C00228,CAM0050,2025-09-15 14:45:18,0,1
A07360,U00909,C00068,CAM0016,2026-02-09 02:18:41,1,0
A07361,U00838,C00010,CAM0046,2025-07-07 23:34:02,0,0
A07362,U00334,C00105,CAM0049,2025-08-18 14:53:05,0,1
A07363,U00544,C00071,CAM0014,2026-01-08 09:30:14,0,1
A07364,U00296,C00010,CAM0026,2026-05-24 20:09:05,0,0
A07365,U00589,C00065,CAM0050,2025-09-29 11:19:39,0,0
A07366,U00362,C00087,CAM0007,2025-12-29 23:31:33,1,0
A07367,U00503,C00086,CAM0010,2026-08-02 10:08:55,1,0
A07368,U00339,C00112,CAM0024,2026-05-04 02:43:45,1,0
A07369,U00538,C00039,CAM0010,2025-05-11 06:42:53,0,0
A07370,U00497,C00057,CAM0013,2025-11-29 14:32:22,1,0
A07371,U00741,C00059,CAM0013,2026-04-11 09:17:45,0,0
A07372,U00182,C00192,CAM0052,2025-05-15 01:31:06,1,1
A07373,U00783,C00041,CAM0031,2025-04-03 04:12:48,0,0
A07374,U00001,C00015,CAM0056,2026-09-11 11:50:35,1,0
A07375,U00705,C00127,CAM0038,2025-03-10 23:24:08,1,0
A07376,U00996,C00124,CAM0040,2025-10-16 12:05:10,0,1
A07377,U00574,C00114,CAM0049,2025-01-17 19:06:04,0,1
A07378,U00476,C00124,CAM0039,2026-01-10 11:57:59,1,1
A07379,U00372,C00198,CAM0004,2026-07-08 04:24:55,1,1
A07380,U00966,C00233,CAM0032,2025-09-08 03:59:58,0,0
A07381,U00911,C00034,CAM0032,2025-08-13 17:20:03,1,0
A07382,U00199,C00099,CAM0014,2026-07-06 08:14:08,1,0
A07383,U00917,C00047,CAM0019,2025-06-07 16:56:45,1,0
A07384,U00469,C00030,CAM0007,2025-10-26 17:30:22,0,1
A07385,U00666,C00239,CAM0004,2026-05-19 05:32:14,0,0
A07386,U00258,C00231,CAM0055,2026-01-25 09:44:14,0,0
A07387,U00934,C00163,CAM0020,2026-03-20 00:53:16,0,0
A07388,U00830,C00109,CAM0029,2026-03-22 05:57:36,0,0
A07389,U00103,C00019,CAM0012,2025-12-09 12:31:02,0,0
A07390,U00586,C00065,CAM0008,2025-08-21 05:56:21,1,0
A07391,U00460,C00105,CAM0003,2025-05-10 19:01:06,0,0
A07392,U00203,C00247,CAM0048,2025-01-16 09:33:25,1,1
A07393,U00989,C00200,CAM0016,2026-01-31 04:28:55,0,1
A07394,U00467,C00139,CAM0005,2026-01-05 00:02:42,0,0
A07395,U00698,C00224,CAM0006,2025-07-19 13:49:01,1,0
A07396,U00514,C00164,CAM0038,,1,1
A07397,U00492,C00245,CAM0044,2026-04-21 21:33:36,1,1
A07398,U00090,C00190,CAM0015,2025-04-08 09:13:52,1,1
A07399,U00171,C00204,CAM0040,2025-04-24 00:53:27,0,0
A07400,U00678,C00125,CAM0005,2026-05-22 13:55:23,0,1
A07401,U00002,C00057,CAM0039,2026-05-15 18:37:22,1,0
A07402,U00894,C00204,CAM0021,2026-03-07 04:40:38,0,0
A07403,U00534,C00008,CAM0032,2025-07-01 02:22:24,0,0
A07404,U00959,C00154,CAM0039,2026-03-13 09:51:00,0,1
A07405,U00083,C00065,CAM0034,2026-02-18 18:59:24,1,1
A07406,U00433,C00006,CAM0028,2025-03-10 01:34:13,0,0
A07407,U00723,C00008,CAM0022,2025-11-12 09:10:42,1,1
A07408,U00027,C00158,CAM0017,2026-01-01 11:41:25,1,0
A07409,U00212,C00171,CAM0001,2025-10-23 19:13:47,1,0
A07410,U00862,C00223,CAM0044,2026-06-01 10:49:56,1,0
A07411,U00937,C00192,CAM0037,2025-10-19 22:21:53,0,1
A07412,U00592,C00088,CAM0010,2026-08-28 14:57:01,1,0
A07413,U00187,C00020,CAM0020,2025-05-08 14:47:05,1,0
A07414,U00126,C00241,CAM0010,2025-09-02 16:53:00,0,0
A07415,U00750,C00123,CAM0060,2025-04-01 06:47:26,0,1
A07416,U00165,C00131,CAM0060,,0,1
A07417,U00236,C00099,CAM0010,2026-01-26 18:32:32,0,0
A07418,U00219,C00175,CAM0058,2026-06-24 15:55:36,0,0
A07419,U00198,C00131,CAM0003,2025-02-09 22:36:20,1,1
A07420,U00641,C00003,CAM0031,2025-09-26 07:51:19,1,0
A07421,U00608,C00101,CAM0046,2026-02-25 23:33:15,1,0
A07422,U00458,C00245,CAM0057,2025-11-19 12:20:14,1,0
A07423,U00286,C00060,CAM0040,2026-05-04 04:28:13,0,0
A07424,U00932,C00035,CAM0052,2025-08-15 19:03:21,1,1
A07425,U00807,C00104,CAM0054,2025-09-10 22:39:52,0,1
A07426,U00594,C00147,CAM0019,2026-01-25 00:19:26,1,0
A07427,U00353,C00162,CAM0019,2026-02-08 12:47:39,1,0
A07428,U00741,C00085,CAM0015,2025-03-11 21:10:51,1,0
A07429,U00702,C00215,CAM0005,2025-04-18 12:44:20,1,1
A07430,U00575,C00143,CAM0029,2026-09-18 10:40:25,1,0
A07431,U00538,C00100,CAM0029,2025-04-18 08:06:53,0,1
A07432,U00541,C00019,CAM0007,2025-08-11 23:41:50,0,0
A07433,U00094,C00089,CAM0008,2026-02-04 17:27:18,1,0
A07434,U00389,C00239,CAM0060,2025-06-11 05:20:03,1,0
A07435,U00648,C00130,CAM0031,2026-03-09 15:12:40,1,1
A07436,U00532,C00185,CAM0051,2025-12-04 08:03:01,1,0
A07437,U00644,C00090,CAM0021,,1,0
A07438,U00961,C00167,CAM0021,2026-04-11 01:31:38,0,0
A07439,U00619,C00051,CAM0001,2026-04-03 08:25:37,0,1
A07440,U00467,C00107,CAM0002,2025-12-13 11:52:48,0,1
A07441,U00998,C00141,CAM0049,2025-05-18 10:00:06,1,0
A07442,U00946,C00050,CAM0026,2026-06-16 04:25:17,0,0
A07443,U00416,C00171,CAM0056,2026-04-26 18:29:39,0,1
A07444,U00143,C00115,CAM0015,2026-06-10 06:32:05,0,0
A07445,U00700,C00023,CAM0059,2025-05-04 17:55:37,0,1
A07446,U00939,C00224,CAM0032,2025-02-19 15:13:06,1,0
A07447,U00135,C00114,CAM0015,2025-04-12 11:42:54,1,0
A07448,U00627,C00229,CAM0018,2025-03-03 09:44:31,0,0
A07449,U00252,C00111,CAM0013,2025-07-16 01:11:12,0,0
A07450,U00333,C00202,CAM0010,2026-01-12 02:14:18,0,1
A07451,U00159,C00192,CAM0017,2026-06-17 23:19:06,0,0
A07452,U00411,C00180,CAM0023,2025-07-03 09:15:18,0,0
A07453,U00614,C00004,CAM0044,2026-07-24 02:14:43,0,1
A07454,U00930,C00095,CAM0044,2025-03-12 23:58:23,1,1
A07455,U00189,C00031,CAM0015,2026-04-12 13:25:00,0,1
A07456,U00838,C00042,CAM0008,2026-09-18 01:15:31,1,0
A07457,U00536,C00095,CAM0021,2026-05-24 23:04:10,1,0
A07458,U00583,C00196,CAM0001,2026-09-05 09:38:02,0,0
A07459,U00748,C00074,CAM0033,2025-04-30 11:26:17,1,0
A07460,U00342,C00206,CAM0054,2025-05-18 06:15:33,1,0
A07461,U99999,C00007,CAM0022,2026-01-09 17:56:54,0,0
A07462,U00502,C00055,CAM0047,2026-05-28 20:22:50,1,0
A07463,U00132,C00119,CAM0002,2025-12-27 20:20:58,1,0
A07464,U00962,C00083,CAM0011,2026-06-18 12:09:14,1,0
A07465,U00701,C00214,CAM0037,2026-01-31 13:39:36,0,0
A07466,U00996,C00136,CAM0001,2025-12-19 22:55:55,1,0
A07467,U00376,C00143,CAM0018,2026-07-15 00:29:59,1,1
A07468,U00491,C00212,CAM0045,2026-09-01 02:03:49,1,1
A07469,U00416,C00223,,2026-09-19 21:21:37,0,1
A07470,U00687,C00218,CAM0032,2026-03-08 20:35:24,0,1
A07471,U00340,C00019,CAM0024,2025-01-03 14:09:26,1,0
A07472,U00358,C00016,CAM0038,2026-09-01 18:38:06,0,1
A07473,U00839,C00228,CAM0049,2026-08-28 12:17:44,0,0
A07474,U00938,C00202,CAM0018,2025-12-14 11:02:04,1,1
A07475,U00655,C00110,CAM0034,2025-08-15 10:26:23,1,0
A07476,U00830,C00172,CAM0041,2025-05-17 10:14:29,1,1
A07477,U00998,C00228,CAM0009,2026-07-05 16:57:54,0,0
A07478,U00264,C00070,CAM0020,,0,1
A07479,U00886,C00079,CAM0032,2025-09-20 04:42:28,0,1
A07480,U00867,C00248,CAM0012,2025-10-04 01:22:40,1,1
A07481,U00654,C00027,CAM0053,2025-04-24 14:33:18,0,0
A07482,U00550,C00159,CAM0037,,0,0
A07483,U00602,C00089,CAM0045,2025-05-18 10:19:36,0,0
A07484,U00493,C00026,CAM0038,2025-11-03 11:31:04,0,0
A07485,U00128,C00116,CAM0027,2026-02-09 10:49:50,1,0
A07486,U00342,C00017,CAM0029,2025-02-01 17:44:58,0,0
A07487,U00428,C00158,CAM0049,2025-10-30 02:31:54,0,1
A07488,U00526,C00088,CAM0023,2025-01-18 03:38:49,1,0
A07489,U00065,C00205,CAM0001,2025-03-29 07:19:02,1,1
A07490,U00172,C00214,CAM0011,2026-09-18 18:36:01,0,0
A07491,U00955,C00110,CAM0028,2025-09-22 19:21:56,1,1
A07492,U00526,C00104,CAM0044,2025-07-30 21:50:17,1,0
A07493,U00942,C00205,CAM0035,2025-03-07 10:27:17,1,1
A07494,U00408,C00214,CAM0036,2025-08-10 10:01:17,0,1
A07495,U00022,C00228,CAM0057,2026-07-23 16:30:01,1,1
A07496,U00175,C00041,CAM0021,2025-08-20 13:41:05,1,0
A07497,U00463,C00195,CAM0058,2026-06-25 06:59:59,1,0
A07498,U00331,C00250,CAM0009,2025-09-06 15:02:35,1,0
A07499,U00414,C00108,CAM0043,2025-05-13 01:21:46,1,0
A07500,U00530,C00038,CAM0054,2026-05-22 07:38:30,0,0
A07501,U00212,C00012,CAM0033,2026-08-02 00:46:27,1,1
A07502,U00581,C00058,CAM0020,2025-03-14 16:48:28,1,0
A07503,U00828,C00194,CAM0046,2025-04-21 17:55:30,1,1
A07504,U00594,C00177,CAM0011,2025-10-03 22:34:51,0,1
A07505,U00723,C00047,CAM0030,,1,0
A07506,U00601,C00024,CAM0053,2025-09-13 20:03:20,0,0
A07507,U00507,C00240,CAM0020,2025-09-05 09:14:57,1,0
A07508,U00495,C00066,CAM0019,2025-05-05 04:17:32,1,0
A07509,U00074,C00053,CAM0007,2026-09-02 11:21:04,0,0
A07510,U00810,C00210,CAM0059,2025-01-10 10:30:34,0,0
A07511,U00015,C00122,CAM0051,2025-03-30 06:13:46,1,0
A07512,U00082,C00248,,2025-02-26 03:26:41,0,0
A07513,U00357,C00196,CAM0052,2025-11-20 10:45:21,1,1
A07514,U00483,C00017,CAM0005,2026-07-12 00:21:56,0,0
A07515,U00677,C00034,CAM0059,2025-02-14 20:10:47,1,0
A07516,U00575,C00114,CAM0001,2025-06-28 14:04:07,1,1
A07517,U00993,C00064,CAM0015,2025-04-29 03:21:25,1,1
A07518,U00146,C00005,CAM0024,2025-04-23 08:17:37,1,1
A07519,U00157,C00033,CAM0048,2026-03-25 20:17:33,1,0
A07520,U00083,C00087,CAM0058,2025-07-03 20:57:49,1,0
A07521,U00525,C00016,CAM0027,2026-05-23 13:13:00,0,0
A07522,U00585,C00192,CAM0050,2025-03-24 09:57:05,1,1
A07523,U00425,C00030,CAM0044,2025-04-09 16:38:19,1,0
A07524,U00805,C00175,CAM0047,2025-02-15 05:15:46,0,0
A07525,U00039,C00106,CAM0010,2026-08-07 17:33:08,0,0
A07526,U00931,C00196,CAM0003,2026-09-08 14:00:44,1,0
A07527,U00381,C00183,CAM0057,2025-03-25 01:00:58,1,1
A07528,U00272,C00105,CAM0014,2026-08-13 15:51:00,1,1
A07529,U00321,C00059,CAM0022,2025-07-08 14:45:11,1,0
A07530,U00582,C00085,CAM0057,2025-04-08 11:48:50,1,0
A07531,U00865,C00226,CAM0042,2025-09-22 20:58:45,1,0
A07532,U99999,C00132,CAM0019,2026-01-15 11:03:26,0,1
A07533,U00666,C00023,CAM0008,2025-12-27 00:09:14,1,0
A07534,U00811,C00053,CAM0028,2026-08-04 04:24:01,1,0
A07535,U00567,C00169,CAM0042,2025-02-20 09:02:48,1,0
A07536,U00345,C00151,CAM0059,2025-08-17 19:36:56,1,0
A07537,U00562,C00068,CAM0057,2025-03-11 13:41:04,0,0
A07538,U00921,C00133,CAM0024,2025-09-16 08:23:17,0,0
A07539,U00024,C00019,CAM0037,2026-03-04 12:18:10,0,1
A07540,U00194,C00225,CAM0029,2025-11-02 17:05:30,0,0
A07541,U00347,C00132,CAM0039,2025-08-20 09:51:38,1,0
A07542,U00782,C00020,CAM0027,2025-01-25 02:55:26,0,0
A07543,U00475,C00181,CAM0052,2026-04-24 11:14:03,1,0
A07544,U00994,C00135,CAM0012,2025-05-30 13:57:25,0,1
A07545,U00980,C00229,CAM0007,2025-09-30 01:32:07,1,0
A07546,U00263,C00124,CAM0008,2026-01-12 12:24:52,1,0
A07547,U00674,C00113,CAM0004,2025-02-28 04:19:06,1,0
A07548,U00095,C00009,CAM0038,2025-01-21 07:37:44,0,0
A07549,U00206,C00064,CAM0032,2025-02-16 21:22:16,1,0
A07550,U00847,C00157,CAM0056,2025-12-15 06:40:11,1,0
A07551,U00569,C00178,CAM0012,2026-05-16 11:34:30,0,1
A07552,U00295,C00125,CAM0031,2026-04-27 16:37:07,0,0
A07553,U00404,C00114,CAM0052,2025-12-01 11:57:50,0,0
A07554,U00695,C00128,CAM0038,2026-06-25 10:28:44,1,0
A07555,U00418,C00181,CAM0047,2025-12-10 08:56:58,1,1
A07556,U00487,C00177,CAM0007,2025-10-05 11:21:42,1,0
A07557,U00993,C00207,CAM0034,2025-12-23 19:48:34,0,0
A07558,U00047,C00032,CAM0029,2026-02-19 07:16:36,-1,1
A07559,U00345,C00141,CAM0032,2025-09-11 22:31:29,1,0
A07560,U00605,C00097,CAM0006,2026-06-10 02:08:12,0,0
A07561,U00173,C00127,CAM0060,2026-04-11 02:05:45,0,0
A07562,U00723,C00109,CAM0031,2025-08-23 20:20:44,1,0
A07563,U00557,C00131,CAM0023,2025-03-10 03:45:13,0,1
A07564,U00227,C00108,CAM0057,2025-05-06 08:42:08,0,0
A07565,U00504,C00159,CAM0026,2026-04-20 19:54:34,0,0
A07566,U00100,C00126,CAM0031,2026-09-03 11:38:46,0,0
A07567,U00351,C00089,CAM0051,2025-11-24 11:08:25,0,1
A07568,U00584,C00054,CAM0017,2026-01-09 12:23:01,1,0
A07569,U00051,C00180,CAM0013,2025-06-09 11:26:37,0,1
A07570,U00907,C00117,CAM0003,2025-05-12 08:54:25,1,0
A07571,U00717,C00052,CAM0055,2026-01-23 18:28:09,1,0
A07572,U00064,C00224,CAM0015,2025-09-07 17:53:32,0,0
A07573,U00642,C00231,CAM0014,2025-03-05 08:03:12,0,1
A07574,U00718,C00045,CAM0055,2026-04-05 07:12:02,1,0
A07575,U00120,C00239,CAM0003,2025-07-13 17:35:21,0,0
A07576,U00562,C00006,CAM0016,2026-01-05 07:30:23,0,1
A07577,U00068,C00002,CAM0006,2026-03-01 12:53:05,0,0
A07578,U00621,C00179,CAM0028,2025-04-23 00:28:53,yes,1
A07579,U00913,C00004,CAM0044,2026-08-06 07:20:36,0,0
A07580,U00706,C00181,CAM0057,2026-04-03 22:01:01,1,0
A07581,U00530,C00241,CAM0028,2026-09-06 16:18:40,1,1
A07582,U00414,C00227,CAM0032,2025-08-22 13:40:42,1,0
A07583,U00221,C00070,CAM0048,2026-04-17 17:44:41,1,0
A07584,U00470,C00205,CAM0055,2026-05-07 18:37:29,0,0
A07585,U00213,C00118,CAM0029,2025-11-23 23:58:59,0,0
A07586,U00705,C00104,CAM0035,2026-03-05 02:34:32,1,0
A07587,U00125,C00183,CAM0037,2026-07-22 23:43:35,1,1
A07588,U00121,C00191,CAM0005,2025-01-17 03:38:11,1,0
A07589,U00010,C00166,CAM0055,2026-07-02 16:33:09,0,0
A07590,U00727,C00118,CAM0011,,1,1
A07591,U00473,C00230,CAM0031,2025-08-11 14:55:54,1,1
A07592,U00329,C00173,CAM0033,2026-09-02 21:42:54,1,0
A07593,U00255,C00201,CAM0058,2026-07-28 09:25:32,0,0
A07594,U00446,C00052,CAM0049,2025-07-15 17:09:41,0,1
A07595,U00783,C00250,CAM0040,2026-07-22 15:10:28,1,0
A07596,U00237,C00050,CAM0028,2026-04-05 18:23:39,1,-1
A07597,U00458,C00215,CAM0019,2025-10-14 20:12:21,0,0
A07598,U00228,C00221,CAM0022,2026-01-18 00:56:14,yes,1
A07599,U00976,C00118,CAM0010,2025-11-17 09:34:36,1,0
A07600,U00402,C00222,CAM0019,2025-10-24 02:36:29,0,0
A07601,U00905,C00209,CAM0004,2025-09-22 15:11:27,1,0
A07602,U00363,C00156,CAM0038,2026-01-25 22:10:27,0,0
A07603,U00505,C00094,CAM0050,2025-04-24 21:27:47,0,0
A07604,U00730,C00060,CAM0041,2026-05-26 14:31:15,0,0
A07605,U00097,C00007,CAM0010,2025-10-25 11:31:32,1,0
A07606,U00979,C00243,,2026-01-11 19:46:22,1,0
A07607,U00735,C00195,CAM0023,2025-04-22 12:29:22,0,0
A07608,U00787,C00155,CAM0037,2025-02-21 21:51:41,0,0
A07609,U00814,C00014,CAM0059,2025-01-04 13:25:45,0,0
A07610,U00151,C00009,CAM0032,2025-07-27 09:17:15,0,0
A07611,U00446,C00070,CAM0053,2026-02-21 00:52:21,0,1
A07612,U00746,C00135,CAM0060,2025-07-19 10:26:18,0,0
A07613,U00408,C00244,CAM0014,2025-12-12 14:54:47,1,0
A07614,U00552,C00142,CAM0002,2025-10-03 20:04:42,0,2
A07615,U00896,C00002,CAM0040,2026-07-16 22:24:51,1,0
A07616,U00405,C00139,CAM0025,2025-09-03 11:39:13,0,0
A07617,U00129,C00200,CAM0044,2026-06-23 16:26:11,1,1
A07618,U00996,C00044,CAM0015,2025-05-09 07:38:18,0,1
A07619,U00459,C00109,CAM0037,2025-07-01 18:57:15,0,1
A07620,U00532,C00035,CAM0005,2025-06-16 19:48:40,0,0
A07621,U99999,C00085,CAM0005,2025-12-20 12:07:18,0,0
A07622,U00371,C00148,CAM0043,2025-06-19 02:49:23,0,1
A07623,U00911,C00075,CAM0039,2026-05-12 04:13:21,0,1
A07624,U00553,C00016,CAM0034,2025-10-05 17:54:01,0,1
A07625,U00616,C00240,CAM0004,2026-09-09 08:18:41,0,0
A07626,U00766,C00018,CAM0021,2026-01-19 19:57:36,0,0
A07627,U00962,C00025,CAM0040,2025-11-24 02:07:52,0,0
A07628,U00688,C00003,CAM0011,2025-04-05 06:47:12,0,0
A07629,U00354,C00023,CAM0034,2025-09-05 05:51:00,0,0
A07630,U00488,C00155,CAM0007,2026-03-05 23:56:41,1,0
A07631,U00986,C00111,CAM0030,2026-02-07 01:50:59,1,0
A07632,U00788,C00237,CAM0031,2025-05-04 11:20:20,0,1
A07633,U00656,C00155,CAM0033,2025-05-02 07:49:12,1,0
A07634,U00944,C00119,CAM0022,2025-06-21 22:36:20,0,0
A07635,U00684,C00198,CAM0050,2026-06-30 17:55:05,0,0
A07636,U00838,C00220,CAM0039,2025-06-22 10:14:10,1,0
A07637,U00275,C00013,CAM0008,2026-05-26 21:37:48,0,0
A07638,U00874,C00092,CAM0030,2025-08-08 06:40:33,1,0
A07639,U00214,C00207,CAM0060,2025-11-22 01:07:44,1,0
A07640,U00725,C00013,CAM0046,2025-09-24 07:14:25,0,0
A07641,U00383,C00012,CAM0018,2026-05-31 22:38:38,1,0
A07642,U00290,C00117,CAM0002,2026-03-23 07:48:03,0,0
A07643,U00050,C00082,CAM0038,2026-04-20 13:21:54,1,0
A07644,U00324,C00152,CAM0023,2026-08-18 00:11:02,0,0
A07645,U00078,C00199,CAM0011,2026-01-24 17:33:13,1,0
A07646,U00814,C00187,CAM0003,2025-05-12 17:08:37,1,0
A07647,U00166,C00012,CAM0002,2025-06-23 21:21:21,0,0
A07648,U00023,C00127,CAM0033,2025-01-27 23:01:14,0,0
A07649,U00408,C00022,CAM0026,2026-07-14 15:08:42,2,0
A07650,U00211,C00021,CAM0043,2026-02-27 16:18:30,1,0
A07651,U00206,C00034,CAM0033,2025-04-25 06:40:03,0,0
A07652,U01000,C00205,CAM0059,2025-04-08 22:13:49,1,1
A07653,U01000,C00140,CAM0006,2025-01-28 03:59:08,1,1
A07654,U00553,C00230,CAM0017,2026-06-01 04:14:49,0,0
A07655,U00111,C00234,CAM0025,2026-02-25 20:12:43,0,0
A07656,U00020,C00221,CAM0036,2025-08-19 11:05:02,1,0
A07657,U00392,C00174,CAM0017,2026-05-04 08:29:39,0,0
A07658,U00181,C00080,CAM0047,2025-10-15 00:31:47,1,0
A07659,U00875,C00066,CAM0006,2026-07-03 07:46:30,0,0
A07660,U00819,C00087,CAM0051,2025-08-18 07:52:14,1,0
A07661,U00189,C00048,CAM0029,2025-04-20 21:36:37,1,0
A07662,U00562,C00219,CAM0016,2025-04-21 15:39:44,1,0
A07663,U00941,C00229,CAM0023,2026-03-16 22:10:58,1,0
A07664,U00062,C00196,CAM0006,2025-12-20 23:15:48,1,0
A07665,U00127,C00072,CAM0028,2025-12-15 00:24:25,0,1
A07666,U00971,C00081,CAM0060,2026-07-20 16:15:01,1,0
A07667,U00512,C00046,CAM0046,2026-07-25 14:35:26,0,1
A07668,U00870,C00189,CAM0032,2026-05-22 09:49:25,0,0
A07669,U00632,C00093,CAM0044,2025-01-08 00:27:24,1,0
A07670,U00891,C00098,CAM0019,2025-12-02 20:36:56,1,1
A07671,U00040,C00030,CAM0031,2025-08-26 22:07:51,0,1
A07672,U00846,C00097,CAM0028,2025-05-23 10:22:14,0,0
A07673,U00276,C00243,CAM0027,2025-04-09 06:22:14,1,0
A07674,U00340,C00031,CAM0046,2026-07-17 15:23:17,1,0
A07675,U00027,C00155,CAM0048,2025-02-28 00:50:43,1,1
A07676,U00924,C00161,CAM0036,2026-03-04 14:05:23,1,0
A07677,U00007,C00157,CAM0014,2026-04-18 05:08:03,0,1
A07678,U00126,C00127,CAM0035,2026-08-21 23:54:04,1,0
A07679,U00038,C00107,CAM0046,2025-07-14 12:16:56,1,0
A07680,U00278,C00022,CAM0028,2026-03-16 17:48:50,0,0
A07681,U00674,C00134,CAM0005,2025-04-15 06:09:58,0,0
A07682,U00144,C00188,CAM0007,2025-08-08 06:47:10,0,0
A07683,U00104,C00118,CAM0020,2026-02-04 07:44:21,0,0
A07684,U00436,C00023,CAM0010,2026-06-24 11:00:52,0,0
A07685,U00144,C00118,CAM0042,2025-08-11 19:49:46,0,1
A07686,U00224,C00191,CAM0044,2025-01-03 00:18:39,1,1
A07687,U00727,C00057,CAM0031,2025-08-27 09:10:50,1,0
A07688,U00200,C00068,CAM0043,2025-06-07 02:25:01,1,1
A07689,U00937,C00239,CAM0027,2025-01-06 17:31:19,1,0
A07690,U00057,C00200,CAM0058,2025-03-09 09:42:12,1,0
A07691,U00210,C00094,CAM0016,2026-04-09 13:32:59,1,0
A07692,U00794,C00050,CAM0034,2026-08-21 06:08:52,1,0
A07693,U00769,C00150,,2026-03-28 11:50:44,1,1
A07694,U00221,C00193,CAM0032,2026-03-03 04:16:21,0,1
A07695,U00289,C00206,CAM0024,2025-02-22 08:47:57,1,1
A07696,U00681,C00085,CAM0050,2026-05-27 10:22:39,1,0
A07697,U00869,C00021,CAM0030,2026-09-02 22:45:29,1,0
A07698,U00303,C00113,CAM0028,2025-04-24 23:12:11,0,0
A07699,U00183,C00143,CAM0025,2025-11-11 10:16:21,1,0
A07700,U00443,C00025,CAM0027,2025-11-16 04:09:52,0,0
A07701,U00873,C00164,CAM0039,2026-06-26 14:09:50,0,0
A07702,U00714,C00100,CAM0016,2025-10-31 13:01:55,0,0
A07703,U00051,C99999,CAM0034,2025-04-09 07:51:01,0,0
A07704,U00142,C00057,CAM0025,2026-02-17 11:06:01,0,0
A07705,U00645,C00121,CAM0053,2026-06-15 19:43:34,1,0
A07706,U00845,C00113,CAM0038,,1,0
A07707,U00801,C00050,CAM0047,2025-04-24 02:40:12,0,0
A07708,U00346,C00208,CAM0011,2025-03-03 17:06:40,1,0
A07709,U00386,C00068,CAM0025,2025-01-29 19:22:27,0,0
A07710,U00542,C00081,CAM0023,2025-05-30 08:19:29,0,0
A07711,U00185,C00129,CAM0025,2025-07-18 05:52:36,1,0
A07712,U00268,C00234,CAM0007,2026-03-06 15:24:17,0,0
A07713,U99999,C00104,CAM0028,2026-03-23 06:49:26,1,0
A07714,U00519,C00073,CAM0007,2026-02-23 19:10:14,1,0
A07715,U00873,C00099,CAM0046,2025-02-06 03:06:40,1,0
A07716,U00195,C00141,CAM0003,2026-04-09 09:01:12,0,0
A07717,U00450,C00248,CAM0020,2025-06-12 00:33:40,1,0
A07718,U00558,C00053,CAM0019,2025-01-16 09:46:14,0,0
A07719,U00776,C00007,CAM0035,,0,0
A07720,U00786,C00075,CAM0047,2025-02-08 11:34:38,1,1
A07721,U00138,C00086,CAM0054,2026-02-13 03:53:07,1,0
A07722,U00784,C00077,CAM0045,2025-09-19 15:16:36,1,0
A07723,U00095,C00159,CAM0003,2025-10-14 21:07:59,1,0
A07724,U00513,C00130,CAM0023,2025-07-11 10:46:10,1,0
A07725,U00837,C00186,CAM0019,2026-03-13 20:54:58,1,0
A07726,U00846,C00007,CAM0030,2025-04-09 13:02:50,1,0
A07727,U00934,C00147,CAM0023,2026-03-18 02:35:32,0,1
A07728,U00594,C00112,CAM0001,2026-05-17 06:24:01,1,0
A07729,U00075,C00027,CAM0049,2025-08-19 22:54:05,1,0
A07730,U00702,C00122,CAM0020,2025-01-24 03:56:59,1,0
A07731,U00897,C00039,CAM0023,2025-12-09 15:00:18,0,0
A07732,U00604,C00020,CAM0048,2025-07-05 22:50:58,0,0
A07733,U00017,C00190,CAM0054,2025-06-13 14:14:44,1,0
A07734,U00181,C00205,CAM0045,2026-03-23 09:41:15,1,0
A07735,U00341,C00135,CAM0010,2025-12-16 14:18:43,1,0
A07736,U00150,C00197,CAM0028,2026-08-23 18:33:51,0,0
A07737,U00758,C00163,CAM0030,2026-07-11 18:39:50,0,0
A07738,U00475,C00185,CAM0021,2025-04-03 03:38:23,0,1
A07739,U00627,C00092,CAM0033,2026-06-22 18:41:47,1,0
A07740,U00434,C00200,CAM0014,2025-09-03 18:22:32,1,1
A07741,U00850,C00150,CAM0024,2025-11-10 13:36:17,0,0
A07742,U00082,C00012,CAM0039,2025-01-11 02:54:42,0,0
A07743,U00151,C00036,CAM0050,2026-03-10 23:51:38,1,1
A07744,U00815,C00245,CAM0040,2025-07-06 13:57:14,0,1
A07745,U00283,C00211,CAM0035,2025-06-16 01:44:15,1,1
A07746,U00999,C00099,CAM0036,2026-09-18 05:30:36,0,0
A07747,U00247,C00048,CAM0056,2025-08-06 04:59:34,1,0
A07748,U00463,C00057,CAM0058,2025-09-05 13:59:47,1,0
A07749,U00549,C00108,CAM0054,2025-01-26 20:12:36,0,0
A07750,U00219,C00086,CAM0057,2025-03-30 15:20:41,1,1
A07751,U00052,C00152,CAM0056,2025-05-07 08:55:24,1,1
A07752,U00455,C00203,CAM0015,2025-08-25 16:48:50,1,0
A07753,U00901,C00136,CAM0039,2026-09-02 06:47:20,0,1
A07754,U00128,C00188,CAM0039,2026-01-18 09:44:19,0,0
A07755,U00920,C99999,CAM0032,2025-03-03 10:51:39,0,0
A07756,U00323,C00048,CAM0034,2025-01-17 04:12:32,1,1
A07757,U00604,C00213,CAM0055,,1,0
A07758,U00616,C00115,CAM0058,2026-09-03 01:36:50,0,1
A07759,U00378,C00045,CAM0055,2026-09-03 03:23:20,1,1
A07760,U00108,C00040,CAM0017,2026-09-19 21:35:16,0,0
A07761,U00733,C00003,CAM0013,2026-07-08 12:18:07,0,0
A07762,U00058,C00026,CAM0043,2025-10-20 21:22:56,0,0
A07763,U00514,C00193,CAM0059,2025-03-08 17:37:31,0,1
A07764,U00410,C00229,CAM0037,2025-07-20 16:26:32,1,0
A07765,U00507,C00103,CAM0043,2025-06-06 20:39:23,0,1
A07766,U00381,C00011,CAM0003,2025-08-22 18:30:20,0,0
A07767,U00088,C00112,CAM0019,2025-09-30 23:09:27,0,1
A07768,U00647,C00187,CAM0040,2025-12-17 15:17:39,0,0
A07769,U00602,C00070,CAM0046,2025-04-05 23:08:36,1,0
A07770,U00434,C00022,CAM0051,2025-04-29 20:16:54,0,0
A07771,U00278,C00182,CAM0010,2025-07-20 18:35:26,0,0
A07772,U00933,C00241,CAM0002,2025-07-05 12:47:46,1,1
A07773,U00232,C00201,CAM0007,2025-05-06 12:31:13,1,0
A07774,U00025,C00015,CAM0029,2026-06-24 16:09:40,1,0
A07775,U00043,C00107,CAM0047,2025-06-28 02:43:11,0,0
A07776,U00813,C00040,CAM0021,2025-09-25 21:35:23,1,0
A07777,U00126,C00232,CAM0037,2025-12-27 23:46:21,0,1
A07778,U00220,C00026,CAM0029,2026-06-03 13:20:03,0,1
A07779,U00968,C00036,CAM0001,2025-10-29 11:22:04,1,0
A07780,U00846,C00031,CAM0059,2026-07-21 14:17:18,1,1
A07781,U00215,C00130,CAM0027,2025-06-01 11:52:03,1,0
A07782,U00723,C00014,CAM0011,2025-12-01 01:40:27,0,0
A07783,U00838,C00143,CAM0056,2025-11-06 13:32:27,1,0
A07784,U00953,C00236,CAM0021,2025-05-21 18:53:12,0,0
A07785,U00750,C00142,CAM0029,2026-08-15 04:36:53,0,0
A07786,U00381,C00015,CAM0046,2025-06-01 20:24:05,1,0
A07787,U00793,C00238,CAM0004,2025-06-27 06:04:13,1,1
A07788,U00388,C00057,CAM0013,2026-08-03 11:04:04,1,1
A07789,U00845,C00090,CAM0046,2026-04-09 14:10:56,1,0
A07790,U00213,C00057,CAM0005,2025-12-04 22:09:25,1,0
A07791,U00026,C00200,CAM0015,2026-03-11 01:31:48,0,0
A07792,U00325,C00040,CAM0032,2025-02-15 00:43:42,0,0
A07793,U00555,C00102,CAM0030,2025-11-10 23:52:03,1,0
A07794,U00916,C00106,CAM0040,2026-07-04 02:06:39,1,0
A07795,U00321,C00146,CAM0058,2025-09-27 13:18:11,0,0
A07796,U00702,C00020,CAM0001,2025-11-10 12:26:59,0,0
A07797,U00043,C00174,CAM0022,2026-03-21 22:40:11,0,0
A07798,U00844,C00244,CAM0031,2026-01-31 17:47:48,0,0
A07799,U00112,C00104,CAM0012,2026-04-08 03:31:32,1,1
A07800,U00492,C00071,CAM0020,2026-02-21 12:34:56,0,0
A07801,U00865,C00188,CAM0030,2025-10-01 23:23:19,1,0
A07802,U00677,C00129,CAM0050,2025-09-23 10:06:22,0,0
A07803,U00123,C00062,CAM0036,2025-12-29 01:59:05,0,0
A07804,U00651,C00222,CAM0012,2025-10-17 04:50:56,0,0
A07805,U00551,C00126,CAM0003,2026-07-08 06:45:34,1,1
A07806,U00135,C00174,CAM0010,2025-06-16 11:12:21,1,0
A07807,U00297,C00176,CAM0003,2026-04-26 22:37:02,0,1
A07808,U00874,C00236,CAM0023,2025-03-02 22:25:06,0,0
A07809,U00837,C00007,CAM0020,2025-10-07 23:24:00,0,0
A07810,U00352,C00184,CAM0059,2025-12-27 09:53:14,0,0
A07811,U00966,C00197,CAM0015,2026-03-27 22:14:23,0,0
A07812,U00275,C00103,CAM0047,2025-07-19 02:03:32,1,1
A07813,U00878,C00200,CAM0060,2026-01-06 04:30:54,1,0
A07814,U00300,C00102,CAM0020,2025-01-09 21:38:11,0,0
A07815,U00877,C00063,CAM0030,2026-07-05 23:48:28,0,1
A07816,U00423,C00238,CAM0025,2025-06-18 18:21:06,1,0
A07817,U00629,C00150,CAM0035,2025-08-27 02:12:19,0,0
A07818,U00703,C00165,CAM0004,2025-11-20 00:01:55,1,1
A07819,U00610,C00011,CAM0034,2026-06-16 05:50:28,1,0
A07820,U00972,C00081,CAM0035,2026-05-20 12:16:01,1,1
A07821,U00213,C00117,CAM0020,2026-06-03 10:09:01,1,0
A07822,U00180,C00009,CAM0043,2026-09-10 17:21:18,0,0
A07823,U00004,C00150,CAM0060,2025-04-03 13:31:13,1,0
A07824,U00924,C00104,CAM0046,2026-05-17 20:42:51,1,0
A07825,U00642,C00192,CAM0029,,0,0
A07826,U00135,C00011,CAM0001,2026-05-14 03:11:29,1,0
A07827,U00902,C00025,CAM0025,2026-03-12 14:56:49,1,0
A07828,U00383,C00213,CAM0030,2025-07-22 04:12:50,1,1
A07829,U00485,C00042,CAM0054,2026-03-18 15:00:09,0,
A07830,U00372,C00072,CAM0033,2026-01-06 12:55:41,0,0
A07831,U00838,C00076,CAM0043,2025-11-30 03:56:55,1,0
A07832,U00744,C00116,CAM0023,2026-08-05 23:13:20,1,1
A07833,U00612,C00194,,2025-07-31 21:08:40,1,0
A07834,U00025,C00129,CAM0034,2025-04-15 10:28:14,1,1
A07835,U00955,C00048,CAM0008,2025-12-04 04:17:30,1,1
A07836,U00034,C00014,CAM0041,2026-02-22 00:16:22,0,0
A07837,U00066,C00141,CAM0048,2025-06-27 20:12:59,0,1
A07838,U00176,C00048,CAM0016,2025-02-24 11:12:44,1,0
A07839,U00352,C00195,CAM0042,2026-07-02 01:12:03,0,0
A07840,U00290,C00142,CAM0011,2026-01-20 23:22:20,1,1
A07841,U00677,C00239,CAM0028,2026-09-01 02:15:40,1,0
A07842,U00787,C00123,CAM0001,2026-01-08 19:14:58,0,1
A07843,U00962,C00056,CAM0038,2025-12-17 08:22:41,1,0
A07844,U00009,C00126,CAM0033,2025-04-15 01:24:11,0,1
A07845,U00917,C00103,CAM0030,,0,0
A07846,U00043,C00160,CAM0054,2025-10-14 05:21:33,0,0
A07847,U00426,C00072,CAM0044,2025-03-01 09:43:58,1,0
A07848,U00834,C00057,CAM0035,2026-04-09 01:59:24,1,1
A07849,U00686,C00135,CAM0027,2025-02-25 12:42:48,1,0
A07850,U00989,C00202,CAM0002,2025-11-18 00:58:17,1,0
A07851,U00200,C00202,CAM0011,2026-09-09 08:26:43,0,0
A07852,U00565,C00029,CAM0042,2026-07-18 20:40:29,0,1
A07853,U00435,C00206,CAM0035,2025-01-23 15:14:04,1,0
A07854,U00846,C00174,CAM0034,2025-11-11 09:00:11,0,0
A07855,U00769,C00158,CAM0044,2025-06-19 00:22:03,0,0
A07856,U00199,C00078,CAM0037,2026-08-29 15:45:40,1,0
A07857,U00956,C00116,CAM0057,2026-03-20 15:46:41,0,0
A07858,U00259,C00174,CAM0051,,0,0
A07859,U00957,C00249,CAM0019,2026-09-09 02:45:19,0,1
A07860,U00958,C00012,CAM0012,2025-01-27 17:06:36,0,0
A07861,U00774,C00154,CAM0016,2025-08-14 12:50:04,0,0
A07862,U00751,C00185,CAM0014,2025-02-03 23:10:21,1,1
A07863,U00513,C00188,CAM0010,2025-04-06 19:52:44,0,0
A07864,U00916,C00208,CAM0012,2025-06-10 04:31:08,0,0
A07865,U00816,C00061,CAM0044,2026-02-28 06:23:44,0,1
A07866,U00618,C00018,CAM0039,2025-06-02 18:00:09,1,0
A07867,U00599,C00032,CAM0015,2026-08-09 14:34:58,0,1
A07868,U00873,C00078,CAM0004,2026-06-19 16:57:26,0,0
A07869,U00062,C00130,CAM0011,2025-09-22 11:26:12,1,0
A07870,U00046,C00013,CAM0042,2025-05-07 09:12:20,1,0
A07871,U00743,C00061,CAM0052,2025-03-10 13:55:24,0,1
A07872,U00506,C00202,CAM0045,2025-09-11 04:37:59,0,1
A07873,U00142,C00079,CAM0034,2026-06-16 17:03:57,1,0
A07874,U00521,C00094,CAM0026,2025-04-06 21:46:46,0,1
A07875,U00906,C00076,CAM0038,2026-04-17 10:36:54,0,1
A07876,U00884,C00101,CAM0057,2025-02-03 16:01:06,1,1
A07877,U00195,C00082,CAM0051,2025-10-04 01:47:24,1,0
A07878,U00026,C00197,CAM0007,2025-03-30 02:06:36,1,0
A07879,U00559,C00153,CAM0039,2025-04-08 16:15:56,0,0
A07880,U00425,C00222,CAM0008,2025-03-09 10:13:04,0,0
A07881,U00586,C00030,CAM0059,2025-06-18 13:27:45,1,0
A07882,U00882,C00169,CAM0056,2025-06-26 11:54:49,0,0
A07883,U00218,C00010,CAM0028,2025-03-20 18:35:49,0,0
A07884,U00643,C00191,CAM0013,2026-08-26 04:59:40,0,0
A07885,U00761,C00218,CAM0043,2025-03-28 08:33:52,0,0
A07886,U00081,C00078,CAM0058,2026-02-15 07:29:46,1,0
A07887,U00360,C00075,CAM0019,2025-10-25 19:58:35,0,0
A07888,U01000,C00243,CAM0040,2025-12-15 23:39:08,1,0
A07889,U00124,C00178,CAM0021,2025-03-21 21:07:44,1,0
A07890,U00304,C00179,CAM0014,2025-10-06 18:31:29,yes,
A07891,U00514,C00042,CAM0023,2025-02-21 17:44:07,1,0
A07892,U00020,C00144,CAM0016,2025-09-23 15:06:34,1,0
A07893,U00045,C99999,CAM0008,2025-08-09 10:06:51,1,0
A07894,U00414,C00068,CAM0040,2026-02-23 04:14:49,1,1
A07895,U00466,C00069,CAM0028,2026-02-01 20:13:07,1,1
A07896,U00928,C00168,CAM0039,2026-04-25 07:06:23,0,1
A07897,U00880,C00198,CAM0054,2025-04-12 17:04:05,1,0
A07898,U00299,C00093,CAM0039,2025-06-18 13:47:19,0,0
A07899,U00522,C00240,CAM0057,2025-08-08 17:03:06,0,0
A07900,U00154,C00017,CAM0005,2026-07-28 17:36:08,0,1
A07901,U00036,C00035,CAM0035,2026-02-10 23:02:00,0,1
A07902,U00126,C00187,CAM0038,2025-09-04 21:05:50,1,0
A07903,U00231,C00179,CAM0025,2025-07-26 21:17:54,1,0
A07904,U00636,C00201,CAM0021,2025-01-14 22:54:51,0,0
A07905,U00210,C99999,CAM0020,2026-08-26 21:06:11,0,1
A07906,U00266,C00086,CAM0041,2026-05-13 15:09:37,0,1
A07907,U00191,C00096,CAM0005,2025-01-23 16:08:29,1,0
A07908,U00163,C00038,CAM0030,2026-01-03 21:59:01,1,0
A07909,U00311,C00213,CAM0019,2025-01-01 23:07:26,0,0
A07910,U00120,C00217,CAM0007,2026-06-13 06:48:35,0,0
A07911,U00122,C00031,CAM0038,2025-04-15 02:16:09,0,0
A07912,U00153,C00009,CAM0001,2025-01-11 23:45:35,0,1
A07913,U00355,C00195,CAM0028,2026-07-07 01:08:59,1,0
A07914,U00837,C00098,CAM0047,2026-02-15 10:42:26,0,0
A07915,U00283,C00221,CAM0031,2026-02-04 01:33:20,1,0
A07916,U00186,C00227,CAM0031,2025-12-09 01:55:05,1,1
A07917,U00186,C00123,CAM0005,2026-07-04 19:09:22,0,1
A07918,U00461,C00132,CAM0033,2025-09-23 08:38:49,0,1
A07919,U00424,C00140,CAM0013,2026-08-11 15:27:47,1,0
A07920,U00399,C00135,CAM0033,2025-08-30 14:26:19,1,0
A07921,U00188,C00012,CAM0031,2026-05-13 19:06:45,1,0
A07922,U00738,C00241,CAM0031,2025-12-26 21:17:33,1,0
A07923,U00303,C00192,CAM0010,2026-07-26 17:53:06,0,1
A07924,U00182,C00057,CAM0043,2025-11-19 19:52:19,1,1
A07925,U00556,C00071,CAM0026,2025-12-29 20:49:26,1,0
A07926,U00249,C00067,CAM0003,2026-02-26 02:36:18,0,0
A07927,U00312,C00025,CAM0002,2026-03-23 12:32:30,0,0
A07928,U00086,C00020,CAM0015,2025-12-04 01:31:58,0,0
A07929,U00346,C00181,CAM0029,2026-01-29 23:46:48,0,0
A07930,U00039,C00040,CAM0029,2025-08-24 02:04:08,0,0
A07931,U00013,C00139,CAM0032,2025-05-01 04:44:15,0,0
A07932,U00503,C00193,CAM0054,2025-10-29 06:23:30,1,0
A07933,U00572,C00144,CAM0048,2026-03-07 08:18:55,0,0
A07934,U00057,C00111,CAM0026,2025-02-05 14:39:09,1,0
A07935,U00413,C00218,CAM0032,2026-02-26 01:45:53,0,1
A07936,U00520,C00016,CAM0014,2026-06-27 22:32:49,1,0
A07937,U00873,C00208,CAM0059,2025-03-20 20:13:22,1,0
A07938,U00844,C00085,CAM0024,2025-06-15 03:33:54,0,0
A07939,U00375,C00129,CAM0037,2025-03-14 06:48:00,1,0
A07940,U00223,C00208,CAM0030,2025-08-04 09:38:25,0,0
A07941,U00658,C00115,CAM0010,2026-02-16 12:41:19,0,0
A07942,U00145,C00105,CAM0017,2025-12-25 00:27:48,1,0
A07943,U00882,C00136,CAM0058,2025-12-07 10:25:02,1,0
A07944,U00886,C00038,CAM0057,2026-08-18 02:45:58,1,0
A07945,U00866,C00188,CAM0054,2025-08-03 22:06:24,1,0
A07946,U00819,C00202,CAM0040,2025-07-07 09:04:58,0,1
A07947,U00988,C00148,CAM0028,2025-05-31 03:28:52,0,0
A07948,U00114,C00041,CAM0015,2025-08-12 01:12:42,0,0
A07949,U00975,C00079,CAM0012,2025-07-18 19:29:39,1,0
A07950,U00640,C00039,CAM0026,2026-07-05 09:56:13,1,1
A07951,U00608,C00068,CAM0027,2026-03-01 06:36:28,0,0
A07952,U99999,C00150,CAM0032,2026-07-27 10:58:17,0,0
A07953,U00932,C00027,CAM0005,2025-11-21 04:59:39,0,0
A07954,U00348,C00143,CAM0036,2025-03-08 15:20:45,1,1
A07955,U00356,C00160,CAM0035,2025-03-11 07:46:28,1,1
A07956,U00929,C00010,CAM0032,2025-02-26 14:07:26,0,0
A07957,U00323,C00092,CAM0054,2025-07-21 05:40:02,0,1
A07958,U00279,C00049,CAM0056,2026-08-21 07:19:28,1,1
A07959,U00472,C00157,CAM0005,2026-03-10 12:38:55,0,1
A07960,U00256,C00198,CAM0042,2026-07-28 18:02:46,1,0
A07961,U00876,C00103,CAM0010,2025-12-13 12:56:45,1,0
A07962,U00160,C00100,CAM0032,2026-07-26 09:56:51,0,0
A07963,U00654,C00225,CAM0026,2025-11-20 08:30:29,0,0
A07964,U00988,C00176,CAM0006,2025-03-13 11:59:19,1,0
A07965,U00110,C00007,CAM0043,2026-05-12 17:06:59,1,0
A07966,U00202,C00200,CAM0037,2025-04-12 12:30:19,1,0
A07967,U00517,C00105,CAM0012,2025-04-29 14:27:55,1,1
A07968,U00556,C00135,CAM0053,2026-01-07 06:11:44,0,0
A07969,U00125,C00183,CAM0045,2025-01-29 23:22:13,0,1
A07970,U00793,C00167,CAM0016,2026-09-19 06:52:15,1,0
A07971,U00866,C00225,CAM0002,2025-10-11 23:12:48,0,0
A07972,U00647,C00173,CAM0037,2025-06-02 04:06:57,0,0
A07973,U00947,C00013,CAM0040,2025-01-01 18:22:47,0,0
A07974,U00094,C00228,CAM0024,2026-02-16 20:40:46,1,0
A07975,U00687,C00086,CAM0007,2025-02-16 19:08:01,0,0
A07976,U00172,C00025,CAM0057,2026-06-12 13:05:57,1,0
A07977,U00485,C00207,CAM0041,2025-06-03 01:00:42,0,1
A07978,U00616,C00217,CAM0003,2026-06-24 15:34:39,1,0
A07979,U00784,C00116,CAM0007,2025-08-06 21:54:50,,0
A07980,U00182,C00054,CAM0014,2026-01-01 03:59:57,0,0
A07981,U00941,C00242,CAM0038,2025-01-21 21:30:53,1,0
A07982,U00724,C00220,CAM0035,2025-01-02 12:28:05,1,0
A07983,U00876,C00175,CAM0001,2025-04-02 15:26:17,1,0
A07984,U00329,C00158,CAM0007,2026-03-27 21:22:23,1,1
A07985,U00060,C00183,CAM0052,2025-06-16 15:53:14,1,0
A07986,U00126,C00167,CAM0042,2026-07-14 20:02:59,1,0
A07987,U00532,C00215,CAM0009,2026-04-19 21:04:21,1,0
A07988,U00992,C00108,CAM0001,2025-10-30 23:37:44,1,0
A07989,U00597,C00237,CAM0048,2026-07-29 03:29:08,0,0
A07990,U00936,C00198,CAM0029,2026-08-03 09:30:03,1,0
A07991,U00165,C00017,CAM0024,2025-10-17 04:35:41,0,0
A07992,U00451,C00116,CAM0008,2025-05-26 16:14:01,1,1
A07993,U00068,C00147,CAM0053,2026-01-28 19:09:25,1,0
A07994,U00075,C00055,CAM0018,2025-03-14 10:13:39,0,0
A07995,U00447,C00056,CAM0014,2025-11-10 21:17:08,0,0
A07996,U00607,C00177,CAM0025,2026-06-02 08:20:08,0,0
A07997,U00785,C00219,CAM0017,2025-07-25 23:08:59,1,0
A07998,U00380,C00096,CAM0041,2025-10-21 12:13:42,0,1
A07999,U00745,C00015,CAM0011,2025-12-24 03:49:07,1,0
A08000,U00164,C00084,CAM0016,2026-01-24 09:20:02,0,0
A08001,U00164,C00137,CAM0050,2026-03-18 13:50:01,1,1
A08002,U00108,C00244,CAM0034,2025-08-04 07:50:30,1,0
A08003,U00387,C00021,CAM0047,2025-05-17 00:07:03,1,0
A08004,U00008,C00087,CAM0002,2026-09-04 14:28:10,0,1
A08005,U00968,C00015,CAM0051,2026-04-19 00:18:10,0,1
A08006,U00874,C00030,CAM0011,2025-05-29 00:26:03,0,0
A08007,U00898,C00244,CAM0032,2025-11-25 09:22:54,1,0
A08008,U00127,C00226,CAM0052,2025-05-18 06:51:02,0,1
A08009,U00702,C00180,CAM0030,2025-05-06 01:02:13,0,0
A08010,U00087,C00037,CAM0055,2025-04-09 23:58:33,1,1
A08011,U00281,C00039,CAM0022,2025-03-02 19:05:30,0,0
A08012,U00151,C00110,CAM0029,2026-07-12 14:10:30,0,0
A08013,U00700,C00065,CAM0051,2025-03-28 04:10:47,0,0
A08014,U00182,C00035,CAM0045,2025-08-07 00:45:55,1,0
A08015,U00481,C00074,CAM0047,2025-11-10 06:30:22,1,1
A08016,U00094,C00209,CAM0054,2025-11-22 20:41:29,0,0
A08017,U00711,C00085,CAM0028,2026-04-01 01:25:52,1,1
A08018,U00088,C00233,CAM0047,2025-09-19 19:31:34,1,1
A08019,U00133,C00043,CAM0034,2026-02-19 16:48:50,1,0
A08020,U00315,C00230,CAM0050,2025-03-15 13:43:41,0,0
A08021,U00473,C00207,CAM0024,2025-10-23 19:16:33,1,1
A08022,U00104,C00210,CAM0006,2026-04-28 01:02:41,1,1
A08023,U00684,C00152,,2025-03-05 12:51:33,0,0
A08024,U00647,C00090,CAM0041,2025-02-13 05:22:10,1,1
A08025,U00516,C00179,CAM0026,2025-08-03 02:43:30,0,0
A08026,U00799,C00219,CAM0023,2026-04-24 19:18:34,0,0
A08027,U00733,C00093,CAM0026,2025-12-10 11:23:24,1,1
A08028,U00074,C00247,CAM0020,2025-04-10 11:10:54,1,1
A08029,U00227,C00013,CAM0031,2025-02-20 13:57:57,1,1
A08030,U00278,C00033,CAM0027,2026-04-10 11:04:36,1,0
A08031,U00267,C00077,CAM0023,2026-05-26 10:19:03,0,1
A08032,U00749,C00022,CAM0056,2025-01-22 23:23:12,1,0
A08033,U00199,C00140,CAM0006,2025-01-23 10:55:05,0,0
A08034,U00737,C00089,CAM0057,2025-03-28 17:53:50,1,0
A08035,U00319,C00020,CAM0041,2025-09-17 19:50:31,1,0
A08036,U00123,C00033,CAM0013,2026-08-23 17:04:50,1,0
A08037,U00825,C00047,CAM0052,2026-03-23 11:37:42,1,0
A08038,U00168,C00139,CAM0039,2025-05-11 08:24:10,0,1
A08039,U00341,C00018,CAM0055,2025-11-29 15:44:29,0,0
A08040,U00006,C00116,CAM0053,2025-07-22 07:43:05,0,0
A08041,U00005,C00119,CAM0012,2025-06-24 11:16:39,1,0
A08042,U00170,C00140,CAM0029,2025-09-12 03:55:47,0,0
A08043,U00755,C00005,CAM0054,2026-06-16 22:56:53,1,0
A08044,U00785,C00165,CAM0003,2026-01-22 17:07:42,0,0
A08045,U00253,C00032,CAM0060,2025-07-30 18:35:55,0,0
A08046,U00943,C00009,CAM0025,2025-09-27 09:39:22,0,0
A08047,U00237,C00153,CAM0005,2025-09-10 00:28:29,1,1
A08048,U00850,C00014,CAM0041,2025-07-06 07:45:50,1,0
A08049,U00360,C00126,CAM0043,2025-01-30 13:50:19,1,0
A08050,U00542,C00170,CAM0040,2026-07-28 11:25:36,0,0
A08051,U00077,C00111,CAM0030,2025-09-24 20:10:46,0,0
A08052,U00293,C00245,CAM0058,2025-10-03 14:30:15,1,0
A08053,U00389,C00241,CAM0057,2025-10-19 14:59:04,1,1
A08054,U00217,C00175,CAM0018,2026-07-30 14:39:34,0,0
A08055,U00688,C00204,CAM0019,2026-04-14 17:53:25,0,0
A08056,U00980,C00139,CAM0034,2026-05-25 20:18:10,0,0
A08057,U00015,C00191,CAM0002,2026-06-26 20:33:59,0,0
A08058,U00310,C00105,CAM0014,2025-11-15 05:57:43,1,0
A08059,U00704,C00070,CAM0022,2026-05-22 15:30:53,1,1
A08060,U00234,C00041,CAM0054,2025-02-08 23:46:30,1,1
A08061,U00491,C00025,CAM0024,2025-01-16 18:16:49,1,0
A08062,U00428,C00183,CAM0009,2025-11-04 16:30:32,0,0
A08063,U00166,C00183,CAM0021,2025-09-11 08:14:06,0,0
A08064,U00892,C00017,CAM0044,2026-09-15 15:00:02,1,0
A08065,U00974,C00011,CAM0031,2026-08-13 23:28:20,1,1
A08066,U00219,C00026,CAM0011,2025-01-21 10:04:07,1,0
A08067,U99999,C00043,CAM0054,2026-02-15 21:33:23,1,1
A08068,U00243,C00115,CAM0021,2025-11-01 21:51:00,1,1
A08069,U00623,C00229,CAM0026,2025-04-16 18:57:04,1,0
A08070,U00732,C00048,CAM0005,2026-02-09 16:46:57,0,0
A08071,U00300,C00001,CAM0021,2026-05-24 23:55:34,0,2
A08072,U00927,C00041,CAM0044,2025-08-10 07:55:22,0,0
A08073,U00473,C00194,CAM0007,2026-04-08 03:30:39,1,0
A08074,U00129,C99999,CAM0008,2026-03-21 18:29:51,0,0
A08075,U00401,C00106,CAM0045,2025-02-10 15:29:08,0,1
A08076,U00595,C00006,CAM0010,2025-06-28 15:34:51,0,0
A08077,U00587,C00153,CAM0057,2025-10-14 02:07:01,0,1
A08078,U00487,C00092,CAM0045,2025-10-28 21:36:55,1,1
A08079,U00735,C00008,CAM0009,2025-07-05 08:58:53,0,1
A08080,U00162,C00139,CAM0015,2026-06-08 17:56:46,0,0
A08081,U00110,C00179,CAM0012,2025-07-10 15:49:19,1,0
A08082,U00140,C00197,CAM0049,2025-02-07 17:05:24,0,0
A08083,U00608,C00119,CAM0040,,1,0
A08084,U00503,C00197,CAM0021,2026-03-04 03:11:13,0,0
A08085,U00620,C00176,CAM0039,2026-01-12 03:22:07,0,0
A08086,U00846,C00242,CAM0036,2026-02-09 14:28:19,0,0
A08087,U00656,C00076,CAM0042,2025-03-26 00:33:12,1,1
A08088,U00764,C00034,CAM0038,2026-05-14 09:16:50,0,0
A08089,U00745,C00192,CAM0057,2026-04-26 18:50:15,1,0
A08090,U99999,C00086,CAM0015,2025-10-01 17:18:18,1,0
A08091,U00130,C00083,CAM0029,2026-09-13 00:20:42,1,0
A08092,U99999,C00101,CAM0029,2025-10-11 10:35:38,0,0
A08093,U00328,C00226,CAM0011,2025-01-28 11:34:23,1,0
A08094,U00832,C00149,CAM0051,2025-12-20 07:27:05,1,0
A08095,U00957,C00120,CAM0027,2025-01-11 07:07:46,0,0
A08096,U00670,C00003,CAM0059,2026-01-26 09:21:01,1,0
A08097,U00936,C00140,CAM0005,2026-03-21 08:04:41,1,1
A08098,U00652,C00081,CAM0039,2025-08-28 05:45:41,0,0
A08099,U00752,C00017,CAM0051,2026-07-17 10:27:41,1,0
A08100,U00283,C00161,CAM0016,2026-07-09 09:58:46,1,0
A08101,U00962,C00148,CAM0007,2025-05-22 04:48:32,1,1
A08102,U00608,C00167,CAM0024,2025-04-25 02:33:39,1,1
A08103,U00219,C00173,CAM0006,2026-01-19 18:10:59,1,0
A08104,U00808,C00102,CAM0032,2025-08-28 19:41:16,0,0
A08105,U00532,C00236,CAM0015,2025-03-19 07:08:56,1,1
A08106,U00860,C00130,CAM0006,2026-07-11 03:50:57,1,0
A08107,U00427,C00016,CAM0054,2025-11-04 05:31:50,1,0
A08108,U00624,C00009,CAM0003,2025-06-23 19:57:33,0,0
A08109,U00461,C00160,CAM0051,2025-08-11 03:14:57,1,1
A08110,U00458,C00158,,2025-10-10 16:30:47,1,0
A08111,U00312,C00209,CAM0032,2026-05-06 00:54:41,1,0
A08112,U00676,C00077,CAM0055,2025-12-03 03:38:02,0,0
A08113,U00255,C00064,CAM0001,2025-09-25 22:01:31,0,0
A08114,U00495,C00145,CAM0050,2025-10-11 01:17:00,0,0
A08115,U00143,C00003,CAM0030,2026-05-12 13:53:06,1,1
A08116,U00750,C00074,CAM0049,2026-02-04 05:27:43,0,0
A08117,U00695,C00035,CAM0024,2026-01-19 03:01:54,0,0
A08118,U00396,C99999,CAM0023,2026-03-10 22:09:09,0,0
A08119,U00465,C00080,CAM0043,2026-03-07 02:52:36,1,0
A08120,U00531,C00232,CAM0029,2026-02-12 18:33:32,1,0
A08121,U00616,C00139,CAM0041,2025-02-06 02:50:05,1,1
A08122,U00989,C00228,CAM0054,2026-03-21 19:31:25,0,0
A08123,U00771,C00139,CAM0008,2026-04-18 05:07:21,1,1
A08124,U00545,C00079,CAM0046,2025-04-29 23:24:44,0,0
A08125,U00577,C00197,CAM0005,2025-05-15 11:50:47,0,0
A08126,U00337,C00104,CAM0014,2025-02-14 02:04:56,1,0
A08127,U00681,C00246,CAM0024,2026-04-10 03:00:57,1,0
A08128,U00403,C00206,CAM0014,2026-01-31 01:46:33,0,1
A08129,U00767,C00020,CAM0029,2025-06-28 22:39:50,0,0
A08130,U00120,C00209,CAM0037,,0,0
A08131,U00973,C00240,CAM0012,2025-08-24 14:19:33,0,0
A08132,U00446,C00193,CAM0036,2026-02-10 10:09:06,0,0
A08133,U00151,C00131,CAM0033,2025-05-19 20:52:39,0,0
A08134,U00013,C00069,CAM0017,2025-01-25 22:24:26,0,0
A08135,U00314,C00125,CAM0019,2025-07-19 00:04:42,1,1
A08136,U00567,C00058,CAM0056,2026-04-15 21:01:23,0,0
A08137,U00400,C00179,CAM0057,2026-01-18 06:43:17,0,0
A08138,U00848,C00233,CAM0048,2025-07-22 20:56:03,0,0
A08139,U00799,C00217,CAM0034,2026-07-05 23:32:18,1,0
A08140,U00180,C00231,CAM0052,2025-06-15 14:06:08,1,0
A08141,U00152,C00238,CAM0052,2026-07-31 11:51:21,0,0
A08142,U00425,C00224,CAM0031,2025-02-17 16:55:34,0,0
A08143,U00425,C00147,CAM0002,2025-07-15 23:48:49,0,1
A08144,U00058,C00085,CAM0003,2025-10-13 01:01:17,1,0
A08145,U00338,C00022,CAM0051,2025-11-13 23:22:01,1,0
A08146,U00789,C00117,CAM0043,2025-07-14 01:52:46,0,0
A08147,U00902,C00108,CAM0056,2026-03-09 20:02:36,0,0
A08148,U00512,C00200,CAM0044,2025-02-11 20:01:52,1,0
A08149,U00430,C00063,CAM0012,2025-01-25 03:18:55,0,0
A08150,U00465,C00076,CAM0058,2025-10-03 05:21:05,0,-1
A08151,U00704,C00160,CAM0041,2025-03-19 19:44:00,1,1
A08152,U00606,C00199,CAM0004,2026-03-08 11:20:28,0,0
A08153,U00521,C00195,CAM0041,2026-04-13 23:11:46,0,0
A08154,U00696,C00009,CAM0039,2025-05-12 07:55:21,0,1
A08155,U00084,C00113,CAM0011,2025-08-25 11:13:58,1,0
A08156,U00139,C00061,CAM0009,2026-05-29 04:23:47,0,0
A08157,U00849,C00213,CAM0041,2026-04-29 10:22:57,0,1
A08158,U00587,C00017,CAM0059,2025-10-27 05:41:35,0,0
A08159,U00354,C00233,CAM0014,2025-05-29 01:46:25,0,0
A08160,U00372,C00088,CAM0054,2026-05-26 16:59:01,1,0
A08161,U00690,C00015,CAM0012,2025-05-27 14:10:38,1,0
A08162,U00601,C00150,CAM0009,2026-03-25 22:22:26,0,0
A08163,U00001,C00180,CAM0051,2025-09-16 12:53:05,1,1
A08164,U00549,C00144,CAM0004,2025-12-03 10:07:24,0,0
A08165,U00895,C00045,CAM0037,2025-03-11 14:37:51,1,1
A08166,U00216,C00068,CAM0011,2025-04-20 11:40:38,0,0
A08167,U00492,C00127,,2025-01-29 12:16:49,0,0
A08168,U00588,C00092,CAM0006,2026-01-05 15:07:06,0,1
A08169,U00684,C00106,CAM0029,2026-07-06 00:21:26,1,0
A08170,U00587,C00095,CAM0032,2025-12-28 00:38:41,0,0
A08171,U00539,C00171,CAM0016,2025-05-12 04:46:33,0,0
A08172,U00648,C00109,CAM0013,2025-04-19 05:40:30,0,1
A08173,U00250,C00172,CAM0040,2025-02-21 13:32:45,0,1
A08174,U00917,C00112,CAM0010,2025-10-29 07:07:09,0,1
A08175,U00907,C00044,CAM0025,2026-08-27 19:39:29,0,0
A08176,U00992,C00016,CAM0041,2025-11-25 14:11:33,0,0
A08177,U00764,C00080,CAM0054,2025-07-14 12:09:41,1,0
A08178,U00754,C00247,CAM0018,2026-05-31 06:10:15,1,0
A08179,U00935,C00168,CAM0041,2026-08-26 00:01:12,0,1
A08180,U00843,C00161,CAM0028,2025-08-26 13:06:30,1,0
A08181,U00110,C00144,CAM0038,2026-01-21 00:17:22,0,0
A08182,U00358,C00206,CAM0007,2025-11-02 00:10:49,yes,1
A08183,U00357,C00059,CAM0020,2026-08-06 01:57:24,1,0
A08184,U00881,C00012,CAM0038,2025-04-28 20:14:28,0,0
A08185,U00898,C00031,CAM0050,2025-06-27 05:20:19,0,1
A08186,U00967,C00004,CAM0033,2026-07-21 04:29:17,0,-1
A08187,U00863,C00244,CAM0055,2026-07-18 07:05:30,0,1
A08188,U00083,C00074,CAM0010,2025-08-18 16:18:51,1,1
A08189,U00941,C00101,CAM0007,2025-12-22 17:02:19,1,0
A08190,U00737,C00066,CAM0021,2026-02-18 23:18:09,1,
A08191,U00638,C00163,CAM0048,2025-05-18 21:26:31,1,0
A08192,U00879,C00099,CAM0004,2025-04-21 22:43:06,1,0
A08193,U00603,C00218,CAM0049,2025-06-10 08:08:28,0,0
A08194,U00540,C00238,CAM0011,2025-03-09 16:55:21,0,0
A08195,U00257,C00122,CAM0001,2026-02-27 03:06:37,1,1
A08196,U00285,C00240,CAM0036,2026-08-14 04:37:50,0,0
A08197,U00582,C00030,CAM0033,2026-03-07 20:55:40,1,0
A08198,U00743,C00115,CAM0018,2026-08-30 05:55:31,1,0
A08199,U00842,C00148,CAM0012,2025-12-05 02:58:40,1,0
A08200,U00657,C00250,CAM0016,2025-05-20 04:47:27,0,0
A08201,U00122,C00215,CAM0055,2025-10-07 16:33:39,1,0
A08202,U00744,C00132,CAM0052,2025-06-21 17:12:09,1,0
A08203,U00313,C00023,CAM0005,2025-02-05 06:17:02,1,0
A08204,U00883,C00131,CAM0054,2026-03-05 02:49:38,1,0
A08205,U00266,C00144,CAM0002,2025-11-12 15:36:49,1,1
A08206,U00678,C00105,CAM0032,2025-11-13 15:39:11,1,0
A08207,U00583,C00057,CAM0035,2025-01-12 10:21:32,0,0
A08208,U00444,C00105,CAM0001,2026-08-05 12:57:39,0,0
A08209,U00269,C00247,CAM0020,2025-02-15 22:36:36,0,0
A08210,U00985,C00091,CAM0005,2025-08-09 10:01:18,1,0
A08211,U00138,C00015,CAM0039,2025-01-24 14:54:05,1,0
A08212,U00186,C00065,CAM0016,2025-03-30 02:18:45,0,1
A08213,U00062,C00245,CAM0007,2025-07-24 07:28:03,0,0
A08214,U00667,C00115,CAM0033,2025-01-21 06:24:36,1,0
A08215,U00526,C00026,CAM0003,2026-04-17 19:45:31,0,1
A08216,U00949,C00047,CAM0001,2025-07-12 04:54:33,0,1
A08217,U00217,C00013,CAM0028,2025-07-06 07:30:16,1,0
A08218,U00250,C00110,CAM0049,2025-04-27 05:59:14,0,0
A08219,U00760,C00150,CAM0019,2026-02-25 09:53:04,0,0
A08220,U00675,C00022,,2026-03-23 01:30:49,1,1
A08221,U00260,C00002,CAM0053,2025-12-28 07:14:21,0,0
A08222,U00668,C00087,CAM0007,2025-09-15 10:07:43,1,0
A08223,U00220,C00218,,2026-06-10 14:50:42,1,0
A08224,U00814,C00023,CAM0037,2025-07-16 17:30:08,1,1
A08225,U00940,C00141,CAM0049,2026-02-26 18:27:48,0,0
A08226,U00888,C00010,CAM0007,2025-01-07 13:32:57,0,0
A08227,U00055,C00136,CAM0027,2026-02-25 13:58:46,0,0
A08228,U00419,C00053,CAM0041,2025-12-24 01:50:17,0,0
A08229,U00773,C00176,CAM0050,2025-11-17 00:37:37,0,1
A08230,U00158,C00037,CAM0015,2025-09-20 15:04:08,0,1
A08231,U00818,C00214,CAM0026,2025-05-02 01:24:46,0,1
A08232,U00273,C00225,CAM0001,2026-05-10 09:37:16,0,0
A08233,U00826,C00182,CAM0057,2026-08-12 02:21:04,0,0
A08234,U00997,C00167,CAM0012,2025-10-16 19:50:58,1,0
A08235,U00872,C00109,CAM0054,2026-02-15 00:54:54,1,1
A08236,U00609,C00154,CAM0056,2025-03-14 21:04:11,1,0
A08237,U00476,C00229,CAM0046,2026-02-06 04:24:46,0,0
A08238,U00798,C00175,CAM0051,2025-12-19 17:58:13,0,0
A08239,U00077,C00200,CAM0038,2026-02-12 18:30:12,1,0
A08240,U00387,C00037,CAM0050,2025-04-29 16:15:45,1,1
A08241,U00486,C00213,CAM0016,2025-08-26 10:06:52,0,0
A08242,U00278,C00040,CAM0056,2025-10-27 06:50:07,1,1
A08243,U00292,C00181,CAM0034,2026-05-29 15:27:49,1,0
A08244,U00894,C00242,CAM0049,2025-02-26 17:56:35,0,0
A08245,U00492,C00113,CAM0016,2025-01-15 18:26:31,1,0
A08246,U00275,C00204,CAM0015,2025-02-05 08:41:18,1,0
A08247,U00698,C00245,CAM0056,2026-01-26 20:05:43,0,1
A08248,U00198,C00130,CAM0009,2025-10-18 05:38:47,1,0
A08249,U00405,C00221,CAM0023,2026-03-19 11:20:30,1,0
A08250,U00115,C00002,CAM0031,2025-10-14 02:48:03,1,0
A08251,U00406,C00157,CAM0011,2025-04-12 12:50:42,1,0
A08252,U00159,C00007,CAM0039,2025-04-22 06:58:23,0,0
A08253,U00235,C00110,CAM0004,2025-09-19 20:45:55,1,1
A08254,U00627,C00176,CAM0011,2026-01-07 19:18:56,0,0
A08255,U00238,C00127,CAM0041,2025-04-14 16:15:40,1,0
A08256,U00269,C00213,CAM0058,2025-06-17 20:36:27,0,0
A08257,U00755,C00007,CAM0017,2025-12-30 04:47:40,1,0
A08258,U00626,C00071,CAM0018,2025-10-17 11:56:54,1,0
A08259,U00833,C00144,CAM0011,2025-10-29 09:49:37,0,1
A08260,U00486,C00150,CAM0026,2026-01-19 17:18:07,0,1
A08261,U00133,C00089,CAM0037,2026-03-16 04:11:41,1,2
A08262,U00004,C00021,CAM0032,2026-01-04 14:13:58,1,0
A08263,U00446,C00039,CAM0011,2026-07-26 12:13:18,0,1
A08264,U00073,C00076,CAM0028,2026-01-21 23:15:40,1,0
A08265,U00553,C00139,CAM0002,2025-09-01 13:04:53,0,0
A08266,U00544,C00051,CAM0060,2026-02-24 00:12:40,0,0
A08267,U00415,C00041,CAM0007,2026-05-24 20:34:31,1,0
A08268,U00491,C00146,CAM0023,,1,0
A08269,U00656,C00027,CAM0036,2025-11-05 14:37:26,0,1
A08270,U00960,C00155,CAM0043,2025-01-17 00:46:34,1,1
A08271,U00420,C00165,CAM0037,2026-04-21 01:47:06,0,1
A08272,U00995,C00029,CAM0050,,0,0
A08273,U00760,C00163,CAM0031,2025-03-20 15:40:39,1,0
A08274,U00555,C00202,CAM0046,2025-06-13 21:47:34,0,1
A08275,U00238,C00039,CAM0052,2025-09-10 04:54:55,0,0
A08276,U00329,C00230,CAM0019,2025-11-21 06:02:50,0,1
A08277,U00684,C00013,CAM0030,2026-08-31 00:50:00,1,0
A08278,U00946,C00232,CAM0042,,0,0
A08279,U00720,C00236,CAM0031,2026-03-16 23:53:36,0,0
A08280,U00311,C00154,CAM0040,2026-01-20 16:42:20,0,1
A08281,U00027,C00080,CAM0050,2025-09-20 03:25:31,1,0
A08282,U00126,C00061,CAM0021,2026-06-03 11:26:01,1,1
A08283,U00800,C00182,CAM0023,2026-03-15 02:29:35,0,0
A08284,U00203,C00129,CAM0020,2026-03-14 12:00:42,1,0
A08285,U00179,C00198,CAM0041,2026-06-26 01:53:20,1,0
A08286,U00350,C00170,CAM0039,2025-05-19 21:55:48,0,0
A08287,U00714,C00078,CAM0026,2025-06-04 06:04:16,0,1
A08288,U00833,C00140,CAM0045,2025-04-06 19:23:30,0,1
A08289,U00133,C00083,CAM0041,2026-04-13 09:58:29,0,0
A08290,U00224,C00090,CAM0004,2026-01-28 01:08:15,0,0
A08291,U00934,C00165,CAM0013,2026-08-31 23:37:06,0,0
A08292,U00691,C00085,CAM0038,2025-03-03 08:11:28,1,1
A08293,U00676,C00225,CAM0055,2025-03-21 23:35:09,0,1
A08294,U00973,C00225,CAM0019,2025-10-25 10:54:04,1,0
A08295,U00217,C00158,CAM0051,2026-04-29 15:31:33,0,0
A08296,U00864,C00209,CAM0028,2025-04-05 17:20:27,0,0
A08297,U00276,C00244,CAM0049,2026-05-30 15:17:06,1,0
A08298,U00508,C00138,CAM0012,2026-04-27 06:58:13,1,1
A08299,U00545,C00227,CAM0054,2026-01-13 18:58:15,1,0
A08300,U00335,C00002,CAM0030,2025-03-23 14:43:28,0,0
A08301,U00183,C00096,CAM0022,2026-05-19 04:18:55,0,0
A08302,U00776,C00059,CAM0011,2025-06-03 18:56:47,,0
A08303,U00593,C00120,CAM0051,2025-05-02 17:56:55,1,0
A08304,U00660,C00234,CAM0024,2025-09-10 15:48:48,1,1
A08305,U00840,C00173,CAM0046,2025-02-17 17:52:31,1,0
A08306,U00601,C00022,CAM0046,2026-05-15 18:05:47,1,0
A08307,U00494,C00011,CAM0060,2026-09-01 08:31:21,1,1
A08308,U00031,C00156,CAM0019,2026-08-27 04:52:34,1,1
A08309,U00498,C00094,CAM0036,2025-01-16 11:55:42,1,0
A08310,U00701,C00006,CAM0059,2025-02-21 09:51:35,0,0
A08311,U00613,C00219,CAM0022,2026-03-21 23:25:29,0,1
A08312,U00694,C00087,CAM0019,2026-06-27 03:52:51,0,0
A08313,U00917,C00144,CAM0050,2025-05-28 22:02:34,0,0
A08314,U00118,C00006,CAM0060,2026-07-05 04:33:21,0,0
A08315,U00433,C00076,CAM0001,2025-10-21 15:54:30,0,0
A08316,U00628,C00135,CAM0053,2026-05-09 23:58:22,0,0
A08317,U00950,C00017,CAM0039,2025-02-01 13:42:15,0,0
A08318,U00095,C00026,CAM0037,2025-01-10 15:04:53,0,0
A08319,U00952,C00072,CAM0053,2025-03-03 21:49:47,0,1
A08320,U00723,C00021,CAM0027,2025-12-30 14:54:24,0,1
A08321,U00537,C00168,CAM0059,2026-01-06 10:45:21,yes,0
A08322,U00891,C00001,CAM0049,2026-05-26 08:52:03,1,0
A08323,U00648,C00033,CAM0019,2026-02-24 11:35:49,0,0
A08324,U00419,C00208,CAM0008,2025-03-19 20:50:10,1,0
A08325,U00461,C00057,CAM0015,2026-05-19 12:47:05,1,0
A08326,U00579,C00031,CAM0034,2026-08-19 02:31:56,0,1
A08327,U00564,C00063,CAM0013,2025-05-13 22:59:00,1,1
A08328,U00738,C00105,CAM0052,2025-06-15 11:39:18,1,1
A08329,U00246,C00015,CAM0026,2025-01-25 16:44:10,0,1
A08330,U00715,C00031,CAM0031,2026-03-14 04:56:35,0,1
A08331,U00009,C00219,CAM0057,2026-06-14 20:45:06,1,1
A08332,U00478,C00229,CAM0016,2025-04-11 06:43:43,1,0
A08333,U00185,C00135,CAM0041,2026-07-20 19:40:30,0,0
A08334,U00608,C00089,CAM0004,2026-04-27 21:49:54,1,0
A08335,U00859,C00152,CAM0059,2026-04-19 10:24:23,0,0
A08336,U00520,C00011,CAM0037,2026-03-10 07:43:05,1,0
A08337,U00652,C00119,CAM0050,2026-08-19 00:33:38,0,0
A08338,U00782,C00161,CAM0023,2026-08-06 06:39:57,0,0
A08339,U00367,C00047,CAM0017,2025-09-01 01:02:01,1,1
A08340,U00477,C00177,CAM0032,2025-09-18 22:40:02,0,0
A08341,U00016,C00136,CAM0012,2026-09-09 08:25:51,0,0
A08342,U00926,C00249,CAM0019,2025-06-16 18:11:53,0,0
A08343,U00026,C00246,CAM0035,2026-04-23 23:34:25,1,1
A08344,U00812,C00030,CAM0053,2026-04-25 13:50:08,0,0
A08345,U00418,C00013,CAM0058,2026-04-04 12:11:21,0,0
A08346,U00398,C00143,CAM0037,2025-12-06 23:51:58,1,0
A08347,U00596,C00188,CAM0054,,1,0
A08348,U00135,C00218,CAM0057,2025-05-12 17:28:41,1,0
A08349,U00746,C00141,CAM0028,2025-09-25 14:09:50,0,1
A08350,U00084,C00186,CAM0014,2026-07-10 03:22:33,0,1
A08351,U00494,C00111,CAM0053,,1,0
A08352,U00606,C00078,CAM0040,2025-04-06 08:26:08,1,0
A08353,U00654,C00134,CAM0008,2026-08-30 04:04:57,0,0
A08354,U00618,C00226,CAM0032,2026-01-22 17:14:29,0,0
A08355,U00406,C00096,CAM0049,2026-03-10 04:02:06,1,0
A08356,U00467,C00092,CAM0052,2025-02-05 11:41:38,1,0
A08357,U00857,C00002,CAM0031,2026-07-02 00:52:10,0,0
A08358,U00604,C00187,CAM0032,2025-09-16 07:49:19,0,0
A08359,U00748,C00004,CAM0017,2025-11-17 16:25:29,1,1
A08360,U00223,C00148,CAM0016,2025-03-12 05:26:33,0,0
A08361,U00554,C00115,CAM0043,2026-09-15 09:46:32,0,1
A08362,U00756,C00047,CAM0003,2026-08-20 13:52:12,1,0
A08363,U00687,C00250,CAM0019,2025-12-26 21:50:27,1,0
A08364,U00846,C00208,CAM0007,2026-05-23 19:39:04,0,1
A08365,U00972,C00075,CAM0031,2025-07-12 06:29:20,1,0
A08366,U00575,C00027,CAM0009,2025-11-14 12:57:21,0,0
A08367,U00472,C99999,CAM0003,2025-02-05 07:47:33,1,1
A08368,U00974,C00077,CAM0034,2025-09-28 21:23:55,0,0
A08369,U00079,C00116,CAM0044,2025-09-07 02:47:24,0,1
A08370,U00877,C00117,CAM0025,2026-09-01 01:38:02,0,0
A08371,U00788,C00033,CAM0056,2025-10-22 23:40:37,0,0
A08372,U00374,C00147,CAM0006,2025-02-28 19:48:06,0,0
A08373,U00971,C00072,CAM0006,2025-09-07 22:08:21,0,0
A08374,U00881,C00058,CAM0033,2026-01-27 14:43:42,0,0
A08375,U00421,C00085,CAM0029,2025-04-04 21:28:01,1,0
A08376,U00080,C00055,CAM0001,2025-07-23 02:09:37,1,0
A08377,U00291,C00132,CAM0036,2026-05-12 23:32:37,1,0
A08378,U00402,C00153,CAM0028,2025-03-17 20:52:31,0,0
A08379,U00605,C00159,CAM0005,2025-05-15 14:18:08,0,1
A08380,U00422,C00121,CAM0031,2025-04-16 09:00:16,1,0
A08381,U00334,C00117,CAM0051,2026-02-08 01:07:15,1,0
A08382,U00351,C00212,CAM0045,2026-09-17 21:26:14,0,clicked
A08383,U00335,C00069,CAM0059,2026-03-09 08:44:27,0,1
A08384,U00826,C00200,CAM0056,2025-08-28 17:44:07,1,0
A08385,U00436,C00194,CAM0020,2026-01-22 03:36:06,1,0
A08386,U00062,C00096,CAM0040,2025-01-01 17:10:48,1,0
A08387,U00014,C00180,CAM0036,2025-07-13 11:27:19,0,1
A08388,U00599,C00241,CAM0010,2025-02-27 23:25:27,1,0
A08389,U00419,C00011,CAM0055,2026-05-21 04:41:43,1,0
A08390,U00316,C00172,CAM0007,2025-11-25 23:26:23,0,0
A08391,U00012,C00050,CAM0017,2025-10-19 11:31:03,1,0
A08392,U00849,C00219,CAM0034,2026-06-04 12:40:20,1,0
A08393,U00510,C00115,CAM0047,2025-03-02 12:56:42,1,0
A08394,U00269,C00135,CAM0002,2025-10-13 06:37:47,1,0
A08395,U00336,C00140,CAM0033,2025-07-23 07:49:44,1,0
A08396,U00272,C00143,CAM0008,2025-04-08 20:58:53,1,1
A08397,U00097,C00172,CAM0052,2026-08-31 01:30:20,1,1
A08398,U00047,C00150,CAM0035,2025-04-13 04:25:10,1,0
A08399,U00582,C00002,CAM0034,2026-03-18 00:10:09,0,0
A08400,U00217,C00031,CAM0049,2026-03-03 12:55:27,0,0
A08401,U00370,C00094,CAM0050,2026-08-17 02:18:48,0,0
A08402,U00703,C00174,CAM0052,2025-06-23 20:06:29,-1,0
A08403,U00733,C00060,CAM0011,2026-09-02 20:28:32,1,0
A08404,U00979,C00043,CAM0033,2025-11-29 13:24:55,1,0
A08405,U00262,C00221,CAM0056,2026-04-19 09:54:59,1,1
A08406,U00797,C00104,CAM0043,2026-06-04 17:21:29,1,0
A08407,U00914,C00228,CAM0019,2025-05-22 13:37:39,1,0
A08408,U00497,C00157,CAM0057,2025-07-07 08:47:29,1,1
A08409,U00055,C00148,CAM0029,2025-09-29 12:27:19,0,0
A08410,U00262,C00019,CAM0042,2025-12-09 22:40:26,1,0
A08411,U00841,C00074,CAM0022,2025-02-01 03:35:32,0,0
A08412,U00246,C00016,CAM0006,2026-04-30 17:02:57,1,0
A08413,U00810,C00036,CAM0035,2025-09-23 11:12:05,0,0
A08414,U00804,C00077,CAM0030,,1,0
A08415,U99999,C00237,CAM0052,2025-10-20 20:48:52,0,1
A08416,U00389,C00241,CAM0056,2026-02-12 16:37:57,1,0
A08417,U00600,C00142,CAM0038,2025-01-09 08:23:09,1,0
A08418,U00043,C00139,CAM0013,2026-04-27 20:57:52,1,1
A08419,U00185,C00211,CAM0004,2025-12-26 15:26:51,1,0
A08420,U00919,C00217,CAM0059,2025-06-05 03:49:31,1,0
A08421,U00191,C00043,CAM0034,2026-03-20 03:00:13,1,0
A08422,U00804,C00047,CAM0054,2025-10-26 00:57:17,1,0
A08423,U00227,C00201,CAM0026,2025-12-29 06:05:48,1,0
A08424,U00218,C00244,CAM0024,2025-05-14 23:57:31,1,0
A08425,U00947,C00124,CAM0027,2025-10-04 09:35:47,1,0
A08426,U00579,C00015,CAM0004,2026-04-05 16:08:30,1,0
A08427,U00593,C00182,CAM0033,2025-08-17 06:35:00,1,0
A08428,U00303,C00246,CAM0031,2025-02-18 05:28:27,0,0
A08429,U00003,C00086,CAM0009,2026-06-17 02:16:16,1,0
A08430,U00596,C00029,CAM0052,2025-08-08 05:56:32,1,0
A08431,U00640,C00116,CAM0002,2026-05-15 17:13:45,0,0
A08432,U00894,C00105,CAM0051,2026-03-13 13:02:11,0,1
A08433,U00791,C00247,CAM0014,2025-10-31 11:51:23,1,0
A08434,U00729,C00166,CAM0008,2025-06-29 04:48:15,0,0
A08435,U00042,C00117,CAM0005,2026-08-04 11:36:27,1,0
A08436,U00167,C00019,CAM0023,2025-11-05 23:16:16,0,0
A08437,U00391,C99999,CAM0035,2026-01-01 22:12:02,0,0
A08438,U00682,C00036,CAM0027,2026-03-15 03:28:10,0,0
A08439,U00072,C00078,CAM0033,2026-04-26 23:16:04,1,0
A08440,U00304,C00129,,2025-03-06 18:27:53,0,0
A08441,U00834,C00196,CAM0032,2025-09-16 16:05:23,1,0
A08442,U00728,C00223,CAM0016,2026-02-05 01:31:26,1,0
A08443,U00841,C00056,CAM0012,2025-06-25 02:38:49,1,1
A08444,U00631,C00149,CAM0056,2025-03-15 00:51:31,0,1
A08445,U00108,C00010,CAM0032,2025-04-28 12:43:41,1,0
A08446,U00384,C00097,CAM0012,2026-04-08 10:47:28,0,0
A08447,U00141,C00036,CAM0006,2025-02-14 18:20:45,1,0
A08448,U00211,C00119,CAM0040,2026-08-21 10:09:15,1,0
A08449,U00449,C00014,CAM0017,2025-11-15 12:35:36,1,1
A08450,U00529,C00207,CAM0009,2025-12-23 12:32:35,1,0
A08451,U00331,C00212,CAM0052,2026-02-26 06:55:51,1,0
A08452,U00716,C00142,CAM0060,2025-05-21 02:34:43,0,1
A08453,U00963,C00049,CAM0053,2025-01-26 21:22:51,1,0
A08454,U00464,C00117,CAM0030,2026-05-06 05:14:13,0,0
A08455,U00576,C00139,CAM0007,2025-04-30 02:51:32,1,1
A08456,U00143,C00062,CAM0007,2026-07-23 11:49:54,0,1
A08457,U00382,C00225,CAM0028,2026-04-09 12:06:42,1,0
A08458,U00131,C00034,CAM0053,2025-11-12 20:49:50,1,1
A08459,U00811,C00161,CAM0042,2026-04-01 23:37:47,0,1
A08460,U00581,C00019,CAM0050,2025-10-27 04:59:02,1,1
A08461,U00617,C00075,CAM0035,2026-01-12 05:32:05,0,0
A08462,U00182,C00083,CAM0026,2026-09-15 18:41:34,1,0
A08463,U00663,C00140,CAM0025,2025-04-11 11:13:35,1,1
A08464,U00305,C00049,CAM0023,2025-12-19 11:37:35,1,0
A08465,U00631,C00057,CAM0037,2026-06-07 05:56:34,1,0
A08466,U00082,C00221,CAM0033,2025-06-25 17:55:58,1,0
A08467,U00758,C00068,CAM0038,2025-03-01 05:44:56,1,0
A08468,U00396,C00024,CAM0045,2025-05-25 14:45:10,1,clicked
A08469,U00534,C00023,CAM0034,2025-04-11 21:11:13,0,0
A08470,U00931,C00066,CAM0023,2025-12-26 18:23:06,1,0
A08471,U00793,C00150,CAM0011,2026-05-13 15:42:16,0,0
A08472,U00044,C00223,CAM0059,2025-10-27 02:27:53,1,0
A08473,U00882,C00140,CAM0024,2026-01-22 22:26:14,0,0
A08474,U00769,C00155,CAM0042,2026-08-07 20:14:38,1,0
A08475,U00326,C00057,CAM0037,2026-03-06 07:29:50,1,0
A08476,U00367,C00087,CAM0008,2025-01-11 23:47:33,1,0
A08477,U00075,C00111,CAM0016,2026-03-13 16:56:05,1,0
A08478,U00593,C00204,CAM0052,2026-08-09 12:04:29,1,0
A08479,U00252,C00167,CAM0001,2025-05-18 10:18:18,1,0
A08480,U00473,C00178,CAM0009,2026-08-22 21:36:52,1,0
A08481,U00191,C00165,CAM0036,2026-07-13 01:43:48,0,0
A08482,U00495,C00201,CAM0021,2025-06-14 18:51:51,0,1
A08483,U00724,C00042,CAM0026,2025-02-19 10:00:22,0,0
A08484,U00808,C00084,CAM0028,2026-03-27 04:24:31,0,1
A08485,U00408,C00077,CAM0030,2025-10-29 15:56:01,1,0
A08486,U00895,C00162,CAM0060,2025-05-03 11:04:13,1,0
A08487,U00306,C00134,CAM0020,2025-11-05 02:24:46,1,0
A08488,U00023,C00139,CAM0020,2026-01-25 01:04:23,0,0
A08489,U00689,C00179,CAM0006,2025-06-02 11:58:34,0,0
A08490,U00276,C00038,CAM0043,2025-05-27 20:30:22,0,0
A08491,U00821,C00087,CAM0043,2026-09-01 22:29:49,0,1
A08492,U00813,C00094,CAM0001,2025-04-27 03:46:37,0,0
A08493,U00241,C00038,CAM0017,2025-07-14 04:57:38,0,0
A08494,U00236,C00038,CAM0051,2026-05-07 08:04:47,0,0
A08495,U00772,C00206,CAM0045,2025-09-12 06:12:59,1,1
A08496,U00570,C00055,CAM0014,2026-01-12 21:09:56,0,1
A08497,U00004,C00137,CAM0026,2025-06-03 16:36:43,2,0
A08498,U00963,C00035,CAM0058,2025-08-07 12:47:05,1,1
A08499,U00946,C00188,CAM0012,2025-03-10 13:24:14,0,0
A08500,U00208,C00243,CAM0012,2025-01-02 05:17:44,0,0
A08501,U00259,C00040,CAM0026,2026-03-26 15:57:05,1,0
A08502,U00016,C00214,CAM0005,2026-09-14 16:43:34,1,0
A08503,U00885,C00110,CAM0035,2026-01-06 22:35:06,0,1
A08504,U00770,C00086,CAM0028,2025-03-10 19:41:02,1,0
A08505,U00317,C00239,CAM0045,2025-06-01 13:51:42,1,0
A08506,U00259,C00195,CAM0030,2025-08-02 11:38:00,0,0
A08507,U00726,C00079,CAM0004,2025-10-17 01:09:06,0,0
A08508,U00270,C00057,CAM0010,2025-11-02 16:32:33,0,0
A08509,U00869,C00222,CAM0004,2026-08-08 05:57:11,0,1
A08510,U00212,C00104,CAM0038,2025-02-16 03:38:03,0,1
A08511,U00561,C00220,CAM0004,2026-09-10 15:23:14,1,1
A08512,U00860,C00193,CAM0049,2025-10-26 07:01:24,0,0
A08513,U00783,C00179,CAM0015,2025-05-18 08:53:20,-1,0
A08514,U00538,C00181,CAM0017,2025-06-15 01:28:24,0,0
A08515,U00467,C00089,CAM0045,2025-01-07 10:07:39,1,0
A08516,U00563,C00208,CAM0027,2025-01-13 19:24:00,1,0
A08517,U00993,C00043,CAM0040,2025-12-25 08:13:51,1,0
A08518,U00989,C00055,CAM0017,2025-11-24 21:40:12,0,0
A08519,U00512,C00202,CAM0016,2026-02-26 23:13:55,1,0
A08520,U00735,C00186,CAM0023,2025-09-19 04:33:32,1,0
A08521,U00098,C00246,CAM0023,2025-09-03 20:55:36,0,0
A08522,U00307,C00020,CAM0050,2026-02-09 15:22:20,1,0
A08523,U00796,C00008,CAM0053,2026-01-10 06:59:05,1,1
A08524,U00184,C00131,CAM0004,2026-04-22 05:17:54,1,0
A08525,U00948,C00072,CAM0052,2026-03-08 10:09:15,0,1
A08526,U00072,C00018,CAM0044,2025-04-24 12:27:35,0,1
A08527,U00243,C00032,CAM0018,2026-05-13 23:05:06,1,0
A08528,U00317,C00059,CAM0038,2025-07-23 10:56:43,0,0
A08529,U00755,C00124,CAM0032,2026-05-24 13:37:57,1,0
A08530,U00223,C00134,CAM0057,2026-05-13 07:02:33,0,0
A08531,U00294,C00078,CAM0011,2026-05-01 08:58:19,0,0
A08532,U00824,C00209,CAM0021,2025-07-23 07:52:34,1,clicked
A08533,U00788,C00107,CAM0044,2026-08-18 05:28:14,1,0
A08534,U00966,C00238,CAM0051,2025-12-31 06:18:32,1,0
A08535,U00012,C00024,CAM0030,2025-05-09 17:30:53,0,0
A08536,U00292,C00002,CAM0016,2025-02-07 07:15:35,0,0
A08537,U00331,C00249,CAM0023,2026-04-13 18:18:01,1,0
A08538,U00917,C00029,CAM0020,2025-03-24 05:47:24,0,1
A08539,U00482,C00176,CAM0047,2026-03-27 17:31:32,1,0
A08540,U00197,C00035,CAM0004,2025-06-22 17:16:00,0,0
A08541,U00800,C00005,CAM0047,2025-11-01 22:41:16,1,0
A08542,U00847,C00050,CAM0010,2025-02-20 13:57:41,0,0
A08543,U00167,C00064,CAM0001,2025-08-10 01:59:39,0,0
A08544,U00316,C00185,CAM0005,2025-08-05 11:16:38,0,1
A08545,U00115,C00127,CAM0038,2025-05-25 09:05:52,0,0
A08546,U00667,C00153,CAM0046,2025-06-25 16:56:10,0,0
A08547,U00206,C00095,CAM0060,2026-08-11 16:27:11,0,1
A08548,U00969,C00025,CAM0053,2026-04-03 06:35:04,0,0
A08549,U00812,C00050,CAM0027,2025-10-08 02:36:52,1,0
A08550,U00759,C00015,CAM0059,2025-12-23 11:01:44,1,0
A08551,U00535,C00160,CAM0006,2026-07-25 03:02:47,0,1
A08552,U00797,C00232,CAM0049,2025-04-25 06:45:23,1,0
A08553,U00834,C00029,CAM0031,2025-03-08 23:14:01,0,0
A08554,U00891,C00043,CAM0046,2025-05-31 21:39:27,0,0
A08555,U00437,C00129,CAM0035,2026-02-10 09:53:27,1,0
A08556,U00693,C00031,CAM0026,2025-06-06 13:26:41,2,1
A08557,U00102,C00094,CAM0020,2026-06-07 13:21:13,0,1
A08558,U00418,C00161,CAM0021,2025-03-30 14:16:01,1,0
A08559,U00217,C00092,CAM0002,2025-02-14 06:43:23,1,1
A08560,U00313,C00077,CAM0028,2025-04-16 16:24:53,1,1
A08561,U00335,C00049,CAM0009,2026-06-30 19:24:08,0,0
A08562,U00529,C00072,CAM0014,2026-06-01 18:54:25,1,0
A08563,U00020,C00145,CAM0029,2025-07-31 15:52:32,0,0
A08564,U00311,C00023,CAM0030,2026-02-28 20:11:28,0,0
A08565,U00862,C00125,CAM0005,2026-07-16 02:39:27,0,0
A08566,U00023,C00217,CAM0029,2025-03-21 11:32:20,1,0
A08567,U00782,C00234,CAM0048,2026-02-26 18:18:15,0,0
A08568,U00941,C00137,CAM0027,2026-05-27 00:23:07,0,
A08569,U00159,C00175,CAM0004,2025-02-24 01:13:55,0,0
A08570,U00426,C00248,CAM0050,2026-08-22 10:46:15,1,0
A08571,U00507,C00201,CAM0051,2026-09-13 11:54:55,0,0
A08572,U00969,C00231,CAM0004,2025-10-23 07:06:12,0,1
A08573,U00309,C00134,CAM0008,2026-02-02 16:08:01,1,0
A08574,U00231,C00027,CAM0021,,1,0
A08575,U00208,C00142,CAM0023,2025-04-19 15:27:36,0,0
A08576,U00181,C00154,CAM0005,2025-01-30 08:27:41,1,1
A08577,U00630,C00153,CAM0020,2026-01-05 01:13:20,1,0
A08578,U00753,C00195,CAM0052,2025-12-18 06:00:33,1,1
A08579,U00356,C00117,CAM0013,2025-02-14 19:25:04,1,1
A08580,U00790,C00037,CAM0059,2025-02-28 11:49:26,0,0
A08581,U00494,C00239,CAM0031,2025-03-23 13:04:00,1,1
A08582,U00915,C00043,CAM0027,2026-07-16 13:44:30,0,0
A08583,U00998,C00231,CAM0009,2026-08-25 22:26:44,1,0
A08584,U00497,C00034,CAM0008,2025-01-28 01:03:16,1,1
A08585,U00554,C00050,CAM0004,2026-01-24 21:36:05,0,1
A08586,U00725,C00010,CAM0007,2025-09-25 03:45:18,1,0
A08587,U00933,C00009,CAM0006,2025-10-10 03:08:47,1,0
A08588,U00523,C00238,CAM0021,2025-06-11 09:00:00,0,0
A08589,U00311,C00131,CAM0025,2026-05-26 08:05:00,1,1
A08590,U00684,C00097,CAM0047,2026-04-25 21:54:22,1,0
A08591,U00857,C00243,CAM0018,2026-07-02 00:08:47,0,1
A08592,U00190,C00028,CAM0039,2025-02-27 01:55:56,1,1
A08593,U00718,C00156,CAM0012,2026-09-07 20:46:04,0,0
A08594,U00951,C00142,CAM0053,2025-12-04 12:27:04,1,0
A08595,U00405,C00065,CAM0008,2026-04-12 16:50:01,1,0
A08596,U00593,C00118,CAM0046,2025-08-27 09:58:43,0,1
A08597,U00673,C00045,CAM0029,2026-09-02 06:51:25,0,0
A08598,U00074,C00061,CAM0060,2026-01-03 06:12:45,0,0
A08599,U00383,C00154,CAM0046,2025-03-10 15:10:44,0,0
A08600,U00190,C00118,CAM0038,2026-01-26 10:12:46,1,0
A08601,U00076,C00104,CAM0026,2026-05-21 15:52:57,0,0
A08602,U00785,C00226,CAM0005,2026-07-04 08:32:36,1,1
A08603,U00951,C00151,CAM0058,2026-08-07 21:43:58,0,0
A08604,U00641,C00143,CAM0022,2025-03-20 10:23:49,0,1
A08605,U00822,C00109,CAM0042,2025-11-15 21:51:46,1,1
A08606,U00491,C00031,CAM0056,2026-08-11 15:06:37,0,1
A08607,U00077,C00076,CAM0003,2026-07-08 12:46:18,0,0
A08608,U00328,C00226,CAM0025,2026-01-29 14:40:13,0,0
A08609,U00453,C00164,CAM0020,2026-08-08 23:41:58,0,1
A08610,U99999,C00249,CAM0047,2026-05-26 09:48:44,0,0
A08611,U00139,C00133,CAM0048,2025-06-09 18:59:42,0,1
A08612,U00291,C00184,CAM0011,2025-12-02 07:25:32,0,0
A08613,U00392,C00229,CAM0027,2025-08-20 13:59:28,0,0
A08614,U00610,C00018,CAM0017,2025-03-21 19:34:21,1,1
A08615,U00180,C00090,CAM0028,2026-07-07 09:04:49,0,0
A08616,U00004,C00024,CAM0038,2025-01-14 14:07:00,0,0
A08617,U00609,C00167,CAM0018,2025-09-13 12:53:15,1,1
A08618,U00398,C00093,CAM0038,2025-04-29 18:07:33,1,1
A08619,U00510,C00028,CAM0018,2026-08-05 14:46:15,1,0
A08620,U00621,C00113,CAM0028,2026-02-03 05:54:06,1,0
A08621,U99999,C00073,CAM0051,2026-03-18 00:44:16,1,0
A08622,U00136,C00180,CAM0023,2025-03-28 15:48:34,1,0
A08623,U00010,C00225,CAM0031,2026-06-04 11:36:35,0,1
A08624,U00574,C00178,CAM0047,2025-10-06 06:19:11,0,0
A08625,U00651,C00101,CAM0016,2025-06-09 03:43:12,0,0
A08626,U00015,C00048,CAM0050,2026-08-10 10:19:42,1,0
A08627,U00916,C00009,CAM0006,2026-03-02 11:24:11,0,0
A08628,U00332,C00172,CAM0021,,1,1
A08629,U00975,C00057,CAM0052,2026-05-22 20:20:24,1,0
A08630,U00821,C00049,CAM0034,2025-12-18 16:56:13,0,0
A08631,U00292,C00117,CAM0029,2025-01-13 22:40:09,0,0
A08632,U00529,C00217,CAM0047,2025-11-14 02:22:19,0,0
A08633,U00024,C00001,CAM0058,2025-06-08 23:10:56,1,1
A08634,U00260,C00119,CAM0018,2025-12-01 15:40:17,0,0
A08635,U00142,C00227,CAM0010,2026-01-15 12:01:47,1,1
A08636,U00864,C00081,CAM0050,,0,0
A08637,U00118,C00125,CAM0031,2025-02-02 11:40:21,0,0
A08638,U00273,C00093,CAM0047,2026-01-02 03:55:56,1,1
A08639,U00326,C00044,CAM0046,2025-07-08 06:05:07,0,0
A08640,U00552,C00199,CAM0003,2025-05-19 00:54:01,1,1
A08641,U00123,C00058,CAM0015,2025-06-03 15:45:54,0,1
A08642,U00379,C00203,CAM0031,2025-12-05 01:41:14,-1,0
A08643,U00281,C00221,CAM0002,2026-05-31 11:14:39,1,1
A08644,U00107,C00207,CAM0022,2026-05-25 13:49:41,0,0
A08645,U00586,C00180,CAM0009,2025-06-03 21:54:34,1,0
A08646,U00527,C00109,CAM0035,2025-12-05 02:47:21,1,0
A08647,U00869,C00224,CAM0056,2025-05-24 10:51:16,1,0
A08648,U00594,C00207,CAM0004,2025-09-02 10:39:24,1,0
A08649,U00065,C00111,CAM0050,2026-05-26 05:59:14,1,0
A08650,U99999,C00223,CAM0029,2025-02-21 06:03:57,1,0
A08651,U00875,C00122,CAM0017,2026-02-05 08:16:02,0,0
A08652,U00160,C00162,CAM0055,2025-09-14 04:41:15,1,0
A08653,U00233,C00131,CAM0042,2025-01-01 22:49:14,0,1
A08654,U00633,C00078,CAM0027,2025-10-22 23:07:39,1,1
A08655,U00686,C00004,CAM0020,2025-01-10 22:41:11,1,1
A08656,U00089,C00194,CAM0036,2026-02-13 16:29:32,1,1
A08657,U00531,C00154,CAM0060,2025-04-27 22:36:38,1,0
A08658,U00956,C00131,CAM0039,2025-09-19 03:05:50,0,1
A08659,U00760,C00043,CAM0051,2026-08-14 15:22:59,1,0
A08660,U00699,C00009,CAM0012,2025-05-29 16:08:09,1,1
A08661,U00105,C00152,CAM0007,2026-06-12 19:35:58,,0
A08662,U00868,C00130,CAM0053,2026-05-17 13:02:34,1,1
A08663,U00612,C00216,CAM0034,2026-02-21 23:14:31,0,1
A08664,U00266,C00050,CAM0048,2026-06-08 00:21:39,0,0
A08665,U00904,C00054,CAM0032,2025-04-10 14:51:56,0,1
A08666,U00895,C00172,CAM0047,2026-08-28 22:16:35,,0
A08667,U00464,C00062,CAM0013,2025-10-30 05:32:57,1,1
A08668,U00868,C00041,CAM0010,2025-07-01 02:42:02,1,0
A08669,U00879,C00058,CAM0048,2026-07-24 01:29:29,0,0
A08670,U00537,C00170,CAM0035,2025-06-08 11:33:53,1,0
A08671,U00726,C00049,CAM0035,2026-01-04 19:26:38,1,0
A08672,U00847,C00061,CAM0009,2026-04-29 21:17:19,0,0
A08673,U00518,C00153,CAM0004,2025-04-25 08:55:35,1,0
A08674,U00760,C00174,CAM0014,2026-07-30 12:14:23,1,0
A08675,U00514,C00150,CAM0025,2025-10-27 13:53:07,1,0
A08676,U00539,C00243,CAM0045,2025-03-24 12:57:25,0,0
A08677,U00277,C00209,CAM0060,2025-06-26 07:47:29,0,1
A08678,U00876,C00087,CAM0032,2025-02-27 22:55:37,1,1
A08679,U00218,C00010,CAM0041,2025-07-04 00:20:42,0,1
A08680,U00235,C00064,CAM0006,2025-12-25 03:29:38,1,0
A08681,U00773,C00222,CAM0048,2026-02-25 16:53:22,0,1
A08682,U00020,C00077,CAM0042,2026-02-16 11:55:42,1,0
A08683,U00703,C00206,CAM0054,2025-06-22 21:40:34,0,0
A08684,U00047,C00055,CAM0034,2026-02-27 04:14:49,1,0
A08685,U00355,C00154,CAM0038,2025-12-18 20:42:02,1,1
A08686,U00951,C00243,CAM0057,2026-04-10 05:40:27,0,0
A08687,U00393,C00235,CAM0012,2026-09-16 17:59:56,0,0
A08688,U00886,C00107,CAM0019,2025-11-07 07:33:14,0,0
A08689,U00945,C00231,CAM0051,2026-08-25 18:46:12,1,1
A08690,U00471,C00228,CAM0016,2026-06-18 19:28:14,1,1
A08691,U00794,C00070,CAM0017,2026-03-11 12:56:04,1,1
A08692,U00709,C00162,CAM0035,2026-04-22 22:24:50,1,1
A08693,U00058,C00061,CAM0037,2026-07-01 09:35:49,1,0
A08694,U00447,C00184,CAM0050,2025-07-28 19:21:17,1,0
A08695,U00913,C00104,CAM0026,2025-01-08 22:29:02,1,0
A08696,U00956,C00136,CAM0056,2025-07-16 04:04:01,1,0
A08697,U00773,C00081,CAM0008,2025-10-19 05:38:02,1,1
A08698,U00745,C00226,CAM0050,2026-09-10 10:16:18,0,0
A08699,U00605,C00127,CAM0045,2026-07-03 13:30:24,1,0
A08700,U00646,C00234,CAM0013,2025-12-24 15:13:21,0,0
A08701,U00364,C00175,CAM0051,2025-02-15 03:59:49,1,1
A08702,U00566,C00097,CAM0043,2025-07-24 11:17:46,0,0
A08703,U00494,C00054,CAM0050,2026-01-22 01:36:50,1,0
A08704,U00745,C00142,CAM0025,2026-04-04 02:03:41,0,0
A08705,U00037,C00088,CAM0056,2025-12-20 00:54:56,1,0
A08706,U00559,C00059,CAM0055,2025-07-21 20:05:54,1,0
A08707,U00119,C00193,CAM0018,2026-08-08 16:24:02,0,0
A08708,U00484,C00112,CAM0027,2025-11-26 14:07:42,0,1
A08709,U00810,C00115,CAM0009,2025-04-19 01:44:28,1,0
A08710,U00630,C00124,CAM0027,2025-05-06 19:09:10,yes,1
A08711,U00571,C00063,CAM0059,2025-03-04 22:40:08,0,0
A08712,U00331,C00243,CAM0002,2025-04-14 23:03:02,0,0
A08713,U00527,C00080,CAM0019,2026-06-28 18:04:02,1,1
A08714,U00884,C00094,CAM0016,2025-06-08 03:59:18,1,0
A08715,U00302,C00071,CAM0004,2026-08-31 03:40:07,0,0
A08716,U00173,C00173,CAM0036,2025-09-11 13:02:29,0,1
A08717,U00781,C00145,CAM0060,2026-05-07 00:02:00,1,0
A08718,U00276,C00115,CAM0027,2025-01-19 07:29:32,1,0
A08719,U00680,C00140,CAM0044,2025-08-13 23:56:03,1,0
A08720,U00497,C00138,CAM0046,2026-03-08 07:08:26,0,0
A08721,U00109,C00061,CAM0059,2025-06-08 02:24:06,1,0
A08722,U00115,C00067,CAM0013,2026-07-10 18:21:48,1,0
A08723,U00343,C00015,CAM0038,2026-05-30 21:05:27,1,0
A08724,U00311,C00087,CAM0020,2026-03-19 13:11:43,1,0
A08725,U00672,C00083,CAM0038,2026-02-18 23:48:20,1,0
A08726,U00737,C00150,CAM0045,2026-06-12 23:18:42,0,0
A08727,U00272,C00154,CAM0036,2025-06-06 09:59:13,0,0
A08728,U00785,C00215,CAM0038,2025-06-19 20:29:07,1,0
A08729,U00927,C00103,CAM0055,2025-11-15 17:37:40,1,1
A08730,U00324,C00208,CAM0045,2026-08-11 08:55:31,0,0
A08731,U00730,C00048,CAM0024,2026-03-19 21:14:31,1,0
A08732,U00843,C00067,CAM0003,2026-09-15 18:33:16,1,1
A08733,U00358,C00158,CAM0050,2026-03-30 00:36:54,1,0
A08734,U00609,C00101,CAM0057,2025-09-27 21:47:11,0,0
A08735,U00128,C00045,CAM0053,2026-02-16 07:08:33,0,0
A08736,U00953,C00184,CAM0054,2025-09-30 02:48:12,0,0
A08737,U00324,C00054,CAM0034,2025-10-10 15:41:17,0,1
A08738,U00043,C00051,CAM0035,2025-08-18 23:24:36,1,1
A08739,U00378,C00168,CAM0055,2025-12-16 10:22:00,1,0
A08740,U00593,C00209,CAM0012,2025-07-23 21:47:28,1,0
A08741,U00627,C00068,CAM0005,2025-09-10 22:56:59,0,0
A08742,U00933,C00038,CAM0010,2026-07-02 03:12:54,0,0
A08743,U00721,C00147,CAM0004,2026-04-15 08:25:51,1,1
A08744,U00380,C00016,CAM0011,2025-05-06 20:23:52,1,0
A08745,U00619,C00199,CAM0032,2026-08-21 16:14:09,1,1
A08746,U00660,C00213,CAM0001,2026-04-28 22:28:49,0,0
A08747,U00464,C00115,CAM0016,2025-05-16 01:21:23,1,0
A08748,U00451,C00134,CAM0041,2025-10-19 18:58:17,0,1
A08749,U00772,C00019,CAM0059,2025-05-20 12:26:51,1,0
A08750,U00336,C00194,CAM0024,2025-09-24 08:45:23,1,0
A08751,U00244,C00034,CAM0047,2026-07-30 09:46:53,1,0
A08752,U00944,C00155,CAM0031,2025-01-09 08:11:39,0,1
A08753,U00546,C00233,CAM0026,2025-07-30 04:16:43,0,0
A08754,U00676,C00247,CAM0015,2025-04-01 01:27:30,2,0
A08755,U00767,C00234,CAM0019,2025-10-06 12:35:13,0,1
A08756,U00268,C00125,CAM0060,2025-03-27 15:13:00,1,-1
A08757,U00514,C00158,CAM0057,2026-03-27 23:20:56,0,0
A08758,U00282,C00226,CAM0004,2025-05-25 17:41:26,1,0
A08759,U00758,C00037,CAM0030,2026-06-13 06:50:35,0,1
A08760,U00271,C00228,CAM0008,2025-08-08 22:28:35,1,0
A08761,U00773,C00125,CAM0058,2025-06-01 03:32:43,0,1
A08762,U00541,C00097,CAM0004,2025-05-03 14:06:28,0,2
A08763,U00001,C00190,CAM0052,2025-04-08 04:33:49,1,0
A08764,U00243,C00070,CAM0023,2025-12-28 07:47:53,1,0
A08765,U00557,C00132,CAM0033,2025-12-29 16:50:41,0,0
A08766,U00631,C00206,CAM0017,2025-03-27 11:12:11,0,0
A08767,U00988,C00191,CAM0006,2026-08-07 23:03:04,1,0
A08768,U00015,C00111,CAM0006,2025-11-08 10:48:00,0,0
A08769,U00045,C00128,CAM0012,2026-07-05 05:30:05,0,1
A08770,U00064,C00165,CAM0027,2025-03-26 18:48:44,1,0
A08771,U00622,C00075,CAM0045,2026-02-04 06:42:04,0,0
A08772,U00014,C00040,CAM0031,2025-12-24 14:54:01,1,0
A08773,U00274,C00187,CAM0007,2025-01-25 13:58:06,0,0
A08774,U00537,C00093,CAM0010,2025-04-13 00:16:16,1,0
A08775,U00892,C00219,CAM0008,2025-11-11 04:44:58,1,1
A08776,U00071,C00243,CAM0037,2026-07-23 10:21:05,0,0
A08777,U00140,C00183,CAM0033,2025-02-22 12:40:13,1,1
A08778,U00929,C00209,CAM0006,2025-10-27 09:38:08,0,0
A08779,U00044,C00057,CAM0002,2025-03-15 09:00:03,0,0
A08780,U00199,C00167,CAM0037,2026-05-25 13:57:09,1,0
A08781,U00225,C00234,CAM0022,2026-08-15 03:40:45,0,0
A08782,U00375,C00125,CAM0040,2026-09-10 03:16:03,1,0
A08783,U00707,C00204,CAM0026,2025-07-24 10:09:50,0,0
A08784,U00748,C00054,CAM0044,2026-01-14 06:27:11,0,0
A08785,U00745,C00207,CAM0021,2025-10-30 05:26:34,1,0
A08786,U00369,C00240,CAM0003,2026-03-13 09:14:33,1,0
A08787,U00457,C00105,CAM0027,2026-04-26 00:43:18,1,0
A08788,U00945,C00248,CAM0054,2026-01-07 11:37:21,0,1
A08789,U00314,C00102,CAM0043,2026-09-08 10:23:11,1,0
A08790,U00515,C00187,CAM0048,2026-05-31 20:36:21,0,0
A08791,U00960,C00108,CAM0041,2025-12-27 21:55:54,0,0
A08792,U00063,C00011,CAM0059,2025-12-30 07:25:39,0,0
A08793,U00906,C00065,CAM0025,2026-05-25 23:41:15,0,1
A08794,U00669,C00002,CAM0007,2025-09-22 11:30:22,1,0
A08795,U00461,C00242,CAM0053,2025-05-02 18:30:27,0,0
A08796,U00017,C00111,CAM0044,2026-04-28 07:57:18,1,1
A08797,U00807,C00129,CAM0019,2026-02-17 21:13:01,0,0
A08798,U00674,C00171,CAM0035,2026-07-25 04:55:19,1,0
A08799,U00440,C00123,CAM0023,2025-05-21 12:00:02,0,1
A08800,U00326,C00073,CAM0012,2025-01-23 08:19:43,0,0
A08801,U00177,C00202,CAM0038,2026-08-21 17:50:10,1,0
A08802,U00473,C00163,CAM0038,2026-06-30 00:47:46,0,0
A08803,U00277,C00032,CAM0015,2026-03-10 15:28:47,0,0
A08804,U00632,C00029,CAM0019,2025-01-21 10:39:26,1,0
A08805,U00362,C00111,CAM0035,2025-03-14 22:31:58,0,0
A08806,U00635,C00164,CAM0017,2025-02-07 08:22:49,0,0
A08807,U00990,C00096,CAM0014,2026-02-02 13:45:34,0,1
A08808,U00139,C00054,CAM0027,2025-03-05 13:52:42,0,0
A08809,U00466,C00215,CAM0044,2026-01-19 03:57:37,1,0
A08810,U00097,C00041,CAM0043,2025-08-18 09:29:29,0,1
A08811,U00940,C00173,CAM0040,2026-06-11 07:35:27,1,0
A08812,U00222,C00169,CAM0056,2026-04-05 09:03:04,0,0
A08813,U00664,C00198,CAM0003,2025-08-22 18:32:22,0,0
A08814,U00848,C00212,CAM0011,2025-08-07 06:57:18,1,0
A08815,U00730,C00175,CAM0049,2026-07-15 11:51:24,1,0
A08816,U00276,C00047,CAM0016,2026-09-09 20:24:17,1,0
A08817,U00429,C00142,CAM0029,2025-01-25 07:16:26,0,0
A08818,U00076,C00101,CAM0053,2026-01-14 18:30:07,1,0
A08819,U00883,C00033,CAM0010,2025-01-12 20:33:53,yes,0
A08820,U00403,C00014,CAM0030,2025-11-20 14:49:01,0,1
A08821,U00211,C00209,CAM0010,2025-12-15 22:50:01,1,0
A08822,U00756,C00089,CAM0025,2025-04-04 22:46:02,0,0
A08823,U00241,C00150,CAM0016,2025-06-09 10:42:41,0,0
A08824,U00249,C00045,CAM0004,2025-02-01 09:19:30,0,0
A08825,U00915,C00244,CAM0047,2026-07-11 07:22:18,1,0
A08826,U00030,C00173,CAM0043,2025-12-11 18:00:48,1,0
A08827,U00556,C00023,CAM0044,2025-07-12 16:50:16,1,0
A08828,U00661,C00033,CAM0039,2025-03-20 22:17:28,1,0
A08829,U00435,C00026,CAM0034,2025-09-09 06:15:57,1,1
A08830,U00159,C00078,CAM0032,2026-09-11 02:40:42,0,1
A08831,U00711,C00085,CAM0043,2026-03-02 18:41:40,0,0
A08832,U99999,C00178,CAM0006,2025-09-13 06:51:37,1,0
A08833,U00805,C00201,CAM0004,2026-05-17 04:54:48,0,0
A08834,U00077,C00013,CAM0036,2025-05-03 16:52:41,1,1
A08835,U00251,C00029,CAM0025,2025-08-11 05:57:08,0,1
A08836,U00336,C00095,CAM0053,2025-10-19 17:27:00,0,0
A08837,U00903,C00006,CAM0002,2025-01-15 13:48:57,0,0
A08838,U00017,C00232,CAM0039,2025-07-26 07:45:14,1,0
A08839,U00750,C00137,CAM0038,2026-05-22 13:47:56,1,1
A08840,U00232,C00021,CAM0037,2025-12-31 22:00:59,1,0
A08841,U00215,C00051,CAM0037,2025-09-25 11:19:19,1,0
A08842,U00235,C00115,CAM0005,2025-02-27 18:06:40,1,0
A08843,U00885,C00250,CAM0045,2026-01-06 07:13:37,1,0
A08844,U00663,C00152,CAM0024,2025-06-13 15:24:32,0,0
A08845,U00108,C00081,CAM0047,2026-05-12 16:37:43,0,0
A08846,U00036,C00193,CAM0010,2026-01-07 23:15:36,1,clicked
A08847,U00902,C00101,CAM0020,2026-04-15 21:02:07,1,0
A08848,U00429,C00039,CAM0033,2025-12-21 14:56:49,1,0
A08849,U00269,C00060,CAM0018,2025-04-26 20:31:37,1,1
A08850,U00853,C00017,CAM0040,2025-05-01 03:01:51,0,0
A08851,U00805,C00045,CAM0052,2026-04-28 02:30:45,1,1
A08852,U00140,C00038,CAM0040,2025-05-30 05:02:46,1,0
A08853,U00208,C00237,CAM0013,2026-07-03 06:14:32,1,0
A08854,U00668,C00169,CAM0022,2025-06-20 03:40:22,1,0
A08855,U00968,C00128,CAM0053,2025-02-03 09:02:46,1,0
A08856,U00005,C00167,CAM0009,2026-05-12 09:06:57,0,0
A08857,U00952,C00077,CAM0021,2025-02-21 08:09:44,1,0
A08858,U00564,C00210,CAM0051,2025-03-26 20:42:45,1,1
A08859,U00935,C00187,CAM0037,2025-04-14 15:56:52,0,0
A08860,U00434,C00203,CAM0001,2026-05-03 03:57:47,0,0
A08861,U00732,C00181,CAM0004,,0,1
A08862,U00511,C00064,CAM0046,2025-01-18 12:46:40,1,0
A08863,U00082,C00070,CAM0060,2025-02-22 04:19:16,0,0
A08864,U00670,C00061,CAM0052,2026-08-07 16:07:03,0,1
A08865,U00288,C00110,CAM0047,2026-03-25 13:56:49,1,1
A08866,U00130,C00064,CAM0032,2025-09-09 00:44:48,1,0
A08867,U00169,C00010,CAM0018,2025-05-27 15:48:50,1,0
A08868,U00385,C00068,CAM0036,2025-06-22 23:37:05,0,0
A08869,U00301,C00063,CAM0039,2025-01-31 17:01:46,0,0
A08870,U00378,C00195,CAM0042,2025-04-21 23:05:01,1,0
A08871,U00272,C00115,CAM0040,2026-09-14 05:16:50,0,0
A08872,U00972,C00045,CAM0009,2025-08-15 15:31:34,1,0
A08873,U00499,C00008,CAM0030,2026-06-20 03:49:09,1,0
A08874,U00275,C00036,CAM0043,2025-01-24 10:38:30,1,0
A08875,U00297,C00069,CAM0003,2026-05-28 17:58:40,0,1
A08876,U00088,C00015,CAM0055,2026-06-27 00:17:08,0,1
A08877,U00584,C00234,CAM0042,2025-09-21 19:03:05,1,0
A08878,U00676,C00197,CAM0011,2026-02-24 01:59:35,0,0
A08879,U00483,C00221,CAM0014,2026-08-13 15:02:06,1,0
A08880,U00863,C00068,CAM0056,2026-08-04 22:01:57,1,0
A08881,U00070,C00210,CAM0025,2025-11-19 07:39:15,1,1
A08882,U00634,C00239,CAM0012,2026-01-12 15:36:45,0,0
A08883,U00032,C00098,CAM0020,2025-06-29 05:22:54,1,0
A08884,U00107,C00034,CAM0046,2025-06-28 13:19:01,1,1
A08885,U00830,C00178,CAM0011,2025-06-29 00:10:01,1,0
A08886,U00058,C00065,CAM0003,2026-07-29 13:14:45,1,0
A08887,U00332,C00122,CAM0022,2026-05-10 10:26:53,1,0
A08888,U00885,C00218,CAM0023,2026-05-18 10:12:36,1,1
A08889,U00019,C00204,CAM0052,2026-08-16 07:01:59,0,1
A08890,U00598,C00053,CAM0023,2025-03-19 12:05:31,1,0
A08891,U00756,C00026,CAM0012,2025-11-11 16:46:18,0,0
A08892,U00521,C99999,CAM0012,2025-04-20 20:47:43,0,-1
A08893,U00126,C00203,CAM0011,2026-07-08 00:21:09,0,0
A08894,U00787,C00053,CAM0006,2026-03-10 14:56:46,1,0
A08895,U00511,C00113,CAM0024,2025-02-26 00:54:33,1,0
A08896,U00457,C00053,CAM0033,2026-09-13 01:41:46,0,0
A08897,U00781,C00230,CAM0036,2025-07-30 17:59:02,0,0
A08898,U00539,C00171,CAM0003,2026-01-21 19:01:06,0,0
A08899,U00800,C00199,CAM0049,2025-03-02 16:22:34,1,0
A08900,U00012,C00065,CAM0060,2025-02-02 21:16:40,0,0
A08901,U00531,C00013,CAM0040,2025-08-22 07:11:23,1,0
A08902,U00697,C00211,CAM0060,2026-05-09 07:05:26,1,0
A08903,U00797,C00002,CAM0023,,1,1
A08904,U00544,C00221,CAM0021,2025-05-19 03:55:52,1,0
A08905,U00475,C00062,CAM0004,2025-04-22 04:00:47,0,0
A08906,U00350,C00240,CAM0058,2025-05-29 19:16:15,0,1
A08907,U00138,C00050,CAM0006,2025-09-04 10:13:14,1,0
A08908,U00190,C00153,CAM0033,2025-07-19 09:32:54,0,0
A08909,U00792,C00002,CAM0037,2025-03-19 10:04:37,0,1
A08910,U00098,C00031,CAM0053,2025-07-13 14:36:45,0,-1
A08911,U00239,C00149,CAM0040,2025-04-22 10:10:18,0,0
A08912,U00448,C00005,CAM0007,2025-07-19 02:36:08,0,0
A08913,U00948,C00058,CAM0004,2025-07-22 10:30:07,1,0
A08914,U00866,C00176,CAM0059,2025-12-13 08:57:46,1,0
A08915,U00209,C00186,CAM0045,2025-04-11 05:37:38,0,0
A08916,U00398,C00180,CAM0048,2025-01-24 08:41:07,0,1
A08917,U00245,C00030,CAM0051,2025-02-14 14:51:42,0,0
A08918,U00379,C00016,CAM0009,2025-10-18 20:48:03,1,0
A08919,U00811,C00213,CAM0057,2026-03-15 05:52:20,1,0
A08920,U00448,C00162,CAM0006,2025-10-18 19:01:16,1,0
A08921,U00454,C00080,CAM0058,2025-04-03 17:11:22,0,0
A08922,U00009,C00031,CAM0047,2026-05-18 03:37:04,0,0
A08923,U00326,C00190,CAM0038,2026-04-14 19:08:10,0,0
A08924,U00480,C00163,CAM0005,2025-10-16 19:43:55,1,1
A08925,U00724,C00101,CAM0039,2025-11-20 15:17:07,0,0
A08926,U00291,C00169,CAM0058,2026-06-06 18:49:17,0,0
A08927,U00413,C00048,CAM0019,2025-01-30 18:00:37,1,0
A08928,U00235,C00006,CAM0012,2026-09-07 19:52:54,1,0
A08929,U00953,C00181,CAM0018,2025-07-09 04:32:40,0,0
A08930,U00039,C00131,CAM0009,2026-09-07 21:16:49,0,0
A08931,U00361,C00007,CAM0012,2026-07-10 14:13:35,1,0
A08932,U00188,C00149,CAM0034,2026-01-05 14:57:08,0,0
A08933,U00301,C00088,CAM0006,2025-07-30 22:36:11,0,0
A08934,U00555,C00130,CAM0022,2025-11-28 03:58:17,0,1
A08935,U00739,C00197,CAM0060,2026-04-12 22:30:21,1,0
A08936,U00698,C00203,CAM0041,2025-05-18 02:16:26,1,0
A08937,U00294,C00060,CAM0015,2026-03-11 03:38:36,0,0
A08938,U00289,C00094,CAM0036,2025-05-14 12:51:49,1,0
A08939,U00475,C00020,CAM0022,2026-02-28 23:32:32,0,1
A08940,U00118,C00195,CAM0053,2025-03-11 23:57:58,1,
A08941,U00191,C00029,CAM0030,2026-01-19 14:24:12,0,0
A08942,U00055,C00090,CAM0018,2025-07-15 00:49:35,1,0
A08943,U00017,C00103,CAM0019,2025-10-18 13:43:17,0,0
A08944,U00334,C00142,CAM0007,2026-05-02 09:20:54,1,0
A08945,U00348,C00067,CAM0010,2025-05-19 04:36:31,0,0
A08946,U00292,C00229,CAM0002,2026-09-07 19:57:47,1,0
A08947,U00127,C00017,CAM0041,2025-06-19 07:16:16,1,1
A08948,U00403,C00041,CAM0057,2025-04-18 04:43:23,1,0
A08949,U00886,C00183,CAM0025,2026-03-05 14:38:00,1,0
A08950,U00673,C00217,CAM0045,2025-01-20 08:02:48,1,0
A08951,U00987,C00007,CAM0058,2025-08-07 11:15:53,1,0
A08952,U00643,C00050,CAM0038,2025-05-20 12:53:19,0,0
A08953,U00515,C00085,CAM0054,2026-05-24 14:28:15,0,1
A08954,U00899,C00230,CAM0053,2025-01-06 14:33:16,0,1
A08955,U00323,C00004,CAM0057,2026-06-03 19:37:50,1,1
A08956,U00658,C00043,CAM0032,2026-03-31 19:35:01,0,0
A08957,U00015,C00147,CAM0007,2025-03-31 16:42:16,1,1
A08958,U00132,C00176,CAM0025,2026-05-14 19:10:10,0,1
A08959,U00937,C00131,CAM0040,2025-05-23 13:44:08,0,0
A08960,U00097,C00173,CAM0001,2026-04-15 04:46:32,0,0
A08961,U00019,C00149,CAM0050,2025-05-29 15:22:57,1,0
A08962,U00113,C00062,CAM0018,2026-04-15 16:24:06,0,1
A08963,U00206,C00070,CAM0039,2025-04-13 03:48:57,1,0
A08964,U00425,C00205,CAM0043,2025-07-25 11:08:14,0,0
A08965,U00290,C00223,CAM0040,2026-07-13 01:45:03,1,0
A08966,U00834,C00074,CAM0035,2025-02-24 07:17:06,0,0
A08967,U00948,C00089,CAM0054,2025-11-26 06:25:54,1,0
A08968,U00388,C00060,CAM0027,2025-07-19 22:57:27,0,1
A08969,U00420,C00163,CAM0058,2025-08-19 05:43:27,1,0
A08970,U00659,C00071,CAM0047,2025-06-23 18:58:08,1,1
A08971,U00113,C00013,CAM0058,2026-01-21 09:07:30,1,0
A08972,U00127,C00123,CAM0029,2025-02-15 20:15:27,0,0
A08973,U00746,C00047,CAM0015,2025-07-27 03:32:57,1,1
A08974,U00392,C00086,CAM0036,2026-03-25 14:15:40,0,0
A08975,U00206,C00166,CAM0035,2026-01-04 15:26:07,0,1
A08976,U00192,C00117,CAM0026,2026-09-06 14:45:47,1,1
A08977,U00484,C00196,CAM0034,2026-08-28 20:56:27,1,0
A08978,U00681,C00040,CAM0052,2025-07-13 22:04:14,0,0
A08979,U00385,C00028,CAM0005,2026-04-22 20:45:31,0,0
A08980,U00287,C00248,CAM0035,2025-08-27 03:16:17,1,0
A08981,U00788,C00116,CAM0004,2026-06-07 16:54:11,0,clicked
A08982,U00708,C00068,CAM0046,2025-11-18 08:23:14,1,0
A08983,U00827,C00149,CAM0035,2026-05-29 21:13:03,0,0
A08984,U00899,C00093,CAM0025,2025-08-30 16:20:19,0,0
A08985,U00100,C00027,CAM0038,2025-05-23 15:36:00,0,0
A08986,U00228,C00016,CAM0040,2025-03-27 05:33:28,0,1
A08987,U00501,C00242,CAM0029,2025-07-19 01:45:26,1,0
A08988,U00208,C00204,CAM0039,2025-01-01 12:31:41,1,0
A08989,U00419,C00233,CAM0053,2025-04-07 18:58:14,0,0
A08990,U00528,C00169,CAM0058,2026-06-28 10:19:47,0,0
A08991,U00753,C00235,CAM0004,2025-11-15 05:56:15,0,1
A08992,U00972,C00125,CAM0059,2025-08-23 20:48:28,0,1
A08993,U00286,C00178,CAM0054,2025-10-09 18:47:30,1,0
A08994,U00423,C00132,CAM0006,2026-09-01 06:13:51,1,0
A08995,U00452,C00225,CAM0026,2026-04-27 16:16:51,1,0
A08996,U00362,C00132,CAM0025,2025-11-23 13:37:14,1,0
A08997,U00753,C00009,CAM0017,2026-07-22 05:18:30,1,1
A08998,U00740,C00025,CAM0035,2026-05-07 17:50:40,0,0
A08999,U00819,C00039,CAM0060,2025-01-23 01:13:41,1,0
A09000,U00745,C00013,CAM0025,2025-08-27 05:16:11,0,0
A09001,U00518,C00180,CAM0048,2025-12-22 08:10:56,1,0
A09002,U00771,C00077,CAM0033,2025-02-01 18:42:35,0,0
A09003,U00032,C00038,CAM0047,2026-05-11 09:22:07,1,1
A09004,U00431,C00076,CAM0054,2025-10-28 06:03:51,0,0
A09005,U00236,C00042,CAM0037,2026-02-06 11:16:14,0,0
A09006,U00225,C00240,CAM0028,2025-04-06 10:16:03,1,1
A09007,U00766,C00151,CAM0004,2025-01-16 14:23:18,1,0
A09008,U00945,C00021,CAM0048,2026-01-08 05:08:45,1,0
A09009,U00847,C00131,CAM0002,2025-05-05 03:13:04,0,0
A09010,U00279,C00046,CAM0043,2026-03-19 03:58:12,0,0
A09011,U00546,C00004,CAM0027,2026-03-27 18:26:09,1,0
A09012,U00206,C00024,CAM0060,2026-04-18 22:34:42,0,0
A09013,U00504,C00203,CAM0026,2026-04-12 15:11:49,0,0
A09014,U00892,C00030,CAM0003,2025-06-25 22:58:42,0,0
A09015,U00020,C00044,CAM0057,2025-10-31 06:28:07,1,0
A09016,U00323,C00178,CAM0030,2025-01-25 07:46:35,0,1
A09017,U00445,C00179,CAM0014,2025-03-04 19:40:40,1,1
A09018,U00074,C00051,CAM0034,2025-11-02 03:02:06,0,1
A09019,U00021,C00030,CAM0032,2026-09-18 07:06:47,1,0
A09020,U00620,C00011,CAM0047,2025-10-29 13:03:07,0,0
A09021,U00261,C00244,CAM0021,2025-03-14 01:42:29,0,0
A09022,U00600,C00097,CAM0052,2025-04-10 11:52:25,1,0
A09023,U00679,C00078,CAM0058,2026-03-26 12:04:57,0,1
A09024,U00571,C00012,CAM0005,2025-09-04 08:32:49,1,0
A09025,U00895,C00027,CAM0017,2025-02-11 03:02:54,0,0
A09026,U00141,C00172,CAM0022,2025-01-10 15:00:29,0,1
A09027,U00341,C00077,CAM0022,2025-02-13 04:20:58,1,0
A09028,U00685,C00144,CAM0004,2025-03-25 01:27:25,1,0
A09029,U00683,C00081,CAM0022,2026-05-09 21:56:13,0,0
A09030,U00633,C00013,CAM0041,2025-06-03 07:26:46,1,1
A09031,U00929,C00230,CAM0037,2025-08-14 05:09:07,1,1
A09032,U00386,C00072,CAM0026,2025-06-21 16:02:15,1,1
A09033,U00900,C00233,CAM0010,2025-04-16 22:42:58,1,0
A09034,U00327,C00199,CAM0050,2026-09-06 04:00:58,0,1
A09035,U00464,C00101,CAM0016,2025-01-31 17:57:02,1,0
A09036,U00066,C00249,CAM0058,2025-09-19 12:39:01,0,0
A09037,U00088,C00065,CAM0007,2025-04-15 17:49:04,0,0
A09038,U00113,C00121,CAM0044,2025-06-16 00:21:18,0,1
A09039,U00642,C00076,CAM0055,2025-04-09 03:22:49,1,0
A09040,U00804,C00021,CAM0021,2025-06-23 22:59:35,0,1
A09041,U00197,C00050,CAM0052,2026-07-15 15:30:34,1,1
A09042,U00245,C00221,CAM0007,2026-03-03 21:02:17,0,0
A09043,U00689,C00052,CAM0047,2025-04-29 17:07:22,0,0
A09044,U00517,C00175,CAM0059,2025-08-24 14:37:59,0,0
A09045,U00575,C00055,CAM0058,2026-08-17 09:18:19,1,0
A09046,U00165,C00091,CAM0043,2025-02-20 16:21:37,0,1
A09047,U00643,C00216,CAM0039,2025-01-09 22:16:22,1,0
A09048,U00971,C00249,CAM0060,2026-01-15 22:36:23,1,1
A09049,U00654,C00119,CAM0020,2025-08-28 12:06:33,1,0
A09050,U00666,C00002,CAM0025,2025-01-03 20:24:57,0,0
A09051,U00004,C00221,CAM0004,2026-04-26 16:27:12,1,0
A09052,U00006,C00148,CAM0006,2026-07-04 10:43:49,0,0
A09053,U00890,C00171,CAM0013,2025-04-28 10:37:40,0,1
A09054,U00395,C00166,CAM0043,2026-05-23 00:25:52,0,0
A09055,U00314,C00141,CAM0018,2025-12-18 02:45:11,0,0
A09056,U00269,C00118,CAM0012,2026-06-05 21:36:01,1,0
A09057,U00492,C00019,CAM0012,2026-05-06 18:53:57,1,1
A09058,U00479,C00044,CAM0034,2025-01-06 11:17:03,1,0
A09059,U00054,C00013,CAM0053,2026-04-11 14:38:29,0,0
A09060,U00356,C00072,CAM0028,2025-10-21 16:48:31,0,1
A09061,U00775,C00154,CAM0030,2026-02-27 03:18:29,1,0
A09062,U00645,C00093,CAM0021,2025-06-11 07:26:23,1,0
A09063,U00086,C00104,CAM0050,2026-03-03 15:17:24,1,1
A09064,U00943,C00181,CAM0033,2025-02-03 06:24:10,1,0
A09065,U00363,C00122,CAM0012,2025-08-11 00:20:27,1,1
A09066,U00309,C00191,CAM0054,2025-03-16 06:28:56,1,0
A09067,U00341,C99999,CAM0031,2025-09-04 22:54:35,1,0
A09068,U00618,C00209,CAM0059,2025-07-18 15:32:38,0,1
A09069,U00389,C00018,CAM0003,2026-04-11 10:19:08,1,0
A09070,U00699,C00062,CAM0001,2025-10-12 19:25:03,0,0
A09071,U00676,C00180,CAM0038,2025-06-04 17:19:20,1,0
A09072,U00491,C00091,CAM0040,2026-07-11 20:22:58,0,1
A09073,U00943,C00017,CAM0047,2025-02-28 07:31:52,1,1
A09074,U00795,C00206,CAM0050,2026-04-03 10:07:17,0,2
A09075,U00313,C00041,CAM0045,2025-06-13 12:27:23,1,1
A09076,U00821,C00093,CAM0046,2026-07-27 15:31:38,1,0
A09077,U00227,C00218,CAM0009,2025-07-07 16:39:22,1,0
A09078,U00667,C00173,CAM0029,2026-08-06 08:54:47,1,0
A09079,U00257,C00021,CAM0038,2025-08-02 02:25:09,1,1
A09080,U00805,C00236,CAM0028,2025-08-13 01:13:56,1,0
A09081,U00202,C00164,CAM0030,2025-01-20 15:47:53,1,0
A09082,U00172,C00035,CAM0008,2026-02-20 13:49:41,1,0
A09083,U00589,C00057,CAM0049,2025-05-24 18:44:39,0,1
A09084,U00342,C00099,CAM0030,2025-01-21 23:56:24,0,1
A09085,U00249,C00207,CAM0032,2025-11-06 20:28:22,0,0
A09086,U00620,C00156,CAM0034,2026-05-19 01:11:34,0,0
A09087,U00580,C00023,CAM0031,2026-04-16 02:57:49,0,0
A09088,U00681,C00163,CAM0040,2025-02-13 03:34:43,1,1
A09089,U00721,C00223,CAM0041,2025-12-04 19:05:54,1,0
A09090,U00507,C00011,CAM0059,2025-11-17 05:06:47,0,0
A09091,U00599,C00144,CAM0029,2026-06-13 06:38:43,0,1
A09092,U00785,C00209,CAM0005,2025-02-04 07:20:47,0,0
A09093,U00067,C00069,CAM0046,2025-09-06 10:56:31,0,0
A09094,U00918,C00023,CAM0049,2026-07-06 05:21:35,1,0
A09095,U00133,C00177,CAM0035,2026-03-16 16:57:38,0,0
A09096,U00277,C00022,CAM0024,2025-10-02 01:38:10,1,0
A09097,U00805,C00091,CAM0013,2025-03-25 19:55:16,1,0
A09098,U00958,C00124,CAM0057,2025-01-09 04:34:57,1,0
A09099,U00526,C00180,CAM0023,2025-11-17 22:53:14,1,0
A09100,U00451,C00089,CAM0060,2025-01-19 04:31:29,1,1
A09101,U00376,C00221,CAM0035,2025-08-01 10:32:42,1,0
A09102,U99999,C00079,CAM0009,2025-04-12 14:12:11,0,0
A09103,U00103,C00236,CAM0052,2025-05-17 18:01:06,0,1
A09104,U00722,C00082,CAM0050,2025-11-23 16:34:17,0,1
A09105,U00176,C00106,CAM0024,2026-06-29 04:59:08,1,1
A09106,U00074,C00040,CAM0055,2025-05-10 01:19:11,0,1
A09107,U00938,C00167,CAM0002,2025-02-15 09:05:29,0,0
A09108,U00809,C00087,CAM0041,2026-01-26 05:12:01,0,0
A09109,U00173,C00059,CAM0033,2025-09-21 09:06:45,0,1
A09110,U00057,C00226,CAM0008,2026-03-25 13:02:44,0,0
A09111,U00902,C00061,CAM0009,2026-06-30 18:28:18,1,0
A09112,U00909,C00190,CAM0029,2025-10-27 01:46:28,1,1
A09113,U00286,C00215,CAM0006,2025-11-29 21:25:57,0,0
A09114,U00143,C00224,CAM0014,2025-01-25 14:22:13,1,0
A09115,U00979,C00030,CAM0060,2026-03-26 09:57:35,1,0
A09116,U00267,C00182,CAM0018,2026-02-02 11:13:44,0,1
A09117,U00236,C00192,CAM0025,2025-02-21 11:04:00,0,1
A09118,U00869,C00027,CAM0012,2026-07-16 00:49:34,1,0
A09119,U00589,C00136,CAM0013,2025-06-03 09:21:30,1,0
A09120,U00267,C00212,CAM0046,2026-04-14 00:02:24,0,1
A09121,U00485,C00115,CAM0030,2025-11-29 11:33:41,0,0
A09122,U00484,C00213,CAM0009,2025-12-06 01:32:13,0,1
A09123,U00049,C00096,CAM0028,2025-02-23 13:08:49,1,0
A09124,U00570,C00158,CAM0010,2025-06-22 00:49:04,1,0
A09125,U00646,C00191,CAM0005,2025-03-10 07:08:53,1,0
A09126,U00581,C00177,CAM0046,2026-03-30 00:32:15,0,0
A09127,U00888,C00040,CAM0022,2025-02-08 04:13:23,1,1
A09128,U00239,C00155,CAM0029,2026-09-18 23:18:49,0,0
A09129,U00034,C00062,CAM0053,2025-06-21 12:31:03,0,0
A09130,U00511,C00156,CAM0060,,1,0
A09131,U00640,C00120,CAM0006,2025-01-19 09:40:57,0,0
A09132,U00880,C00198,CAM0045,2025-09-16 20:01:23,0,0
A09133,U00490,C00060,CAM0060,2026-04-08 19:21:02,yes,0
A09134,U00427,C00148,CAM0030,2026-06-29 06:58:22,1,1
A09135,U00868,C00183,CAM0011,2025-12-25 14:06:25,1,1
A09136,U00687,C00157,CAM0003,2026-03-21 15:51:31,0,0
A09137,U00955,C00198,CAM0052,2025-08-15 18:13:48,0,1
A09138,U00464,C00100,CAM0046,2025-09-18 16:14:20,0,0
A09139,U00807,C00103,CAM0015,2026-07-14 15:52:38,0,0
A09140,U00095,C00147,CAM0042,2026-04-25 21:36:47,1,0
A09141,U00450,C00047,,2026-08-07 15:33:01,1,1
A09142,U00287,C00170,CAM0050,2025-10-22 10:07:02,1,0
A09143,U00737,C00026,CAM0057,2025-12-03 23:28:25,0,1
A09144,U00069,C00174,CAM0018,2026-09-09 22:32:45,0,0
A09145,U00139,C00181,CAM0008,2025-07-13 17:30:09,0,0
A09146,U00182,C00086,CAM0056,2026-05-21 07:49:21,0,1
A09147,U00366,C00194,CAM0004,2026-04-23 00:02:55,1,0
A09148,U00138,C00021,CAM0022,2025-01-03 09:38:22,1,1
A09149,U00260,C00202,CAM0018,2025-09-18 09:42:03,1,0
A09150,U00700,C00014,CAM0040,2026-02-28 22:30:46,1,0
A09151,U00809,C00200,CAM0039,2025-02-20 01:15:39,0,0
A09152,U00322,C00198,CAM0060,2025-08-03 13:12:59,0,0
A09153,U99999,C00118,CAM0052,2026-01-11 13:16:55,0,0
A09154,U00332,C00080,CAM0040,2025-11-07 00:38:18,0,0
A09155,U00325,C00081,CAM0038,2026-01-31 09:56:03,0,1
A09156,U00924,C00207,CAM0003,2025-10-04 03:51:58,1,0
A09157,U00792,C00063,CAM0015,2025-05-31 05:43:42,1,1
A09158,U00326,C00174,CAM0060,2025-10-13 04:18:33,1,0
A09159,U00498,C00089,CAM0022,2025-10-13 10:17:20,1,0
A09160,U00249,C00185,CAM0044,2025-05-25 14:46:47,1,0
A09161,U00847,C00076,CAM0053,2026-04-10 21:21:52,1,0
A09162,U00900,C00203,CAM0050,2025-09-02 02:41:22,0,0
A09163,U00255,C00015,CAM0042,2025-09-05 19:51:58,1,0
A09164,U00712,C00162,CAM0045,2025-03-19 05:28:43,1,0
A09165,U00500,C00037,CAM0032,2025-12-17 21:25:32,0,0
A09166,U00906,C00001,CAM0010,2026-07-02 10:53:50,1,0
A09167,U00028,C00120,CAM0060,2025-11-17 21:47:27,1,0
A09168,U00894,C00140,CAM0049,2025-01-28 21:59:56,0,0
A09169,U00718,C00130,CAM0045,2025-12-08 12:20:22,0,0
A09170,U00923,C00016,CAM0001,2025-01-05 18:58:52,2,0
A09171,U00782,C00208,CAM0047,2025-08-11 11:47:25,0,0
A09172,U00211,C00038,CAM0013,2025-09-26 15:43:34,0,0
A09173,U00362,C00162,CAM0029,2025-10-09 15:37:41,1,0
A09174,U00916,C00075,CAM0048,2025-04-19 23:20:18,0,0
A09175,U00248,C00140,CAM0058,2025-07-02 09:18:44,0,1
A09176,U00613,C00004,CAM0033,2026-08-31 02:25:46,1,1
A09177,U00013,C00150,CAM0045,,1,1
A09178,U00322,C00229,CAM0059,2026-08-04 14:32:25,-1,0
A09179,U00770,C00178,CAM0032,2025-12-02 03:06:26,1,0
A09180,U00862,C00209,CAM0021,2026-03-02 08:41:17,1,1
A09181,U00673,C00108,CAM0051,2025-10-03 05:02:19,0,0
A09182,U00642,C00022,CAM0041,2026-01-13 20:48:46,0,0
A09183,U00562,C00199,CAM0006,2025-05-14 16:49:36,1,0
A09184,U00391,C00155,CAM0018,2025-10-07 15:55:02,1,0
A09185,U00844,C00169,CAM0018,2026-02-17 20:24:31,0,0
A09186,U00713,C00074,CAM0019,2025-07-09 23:11:45,0,0
A09187,U00170,C00223,CAM0046,2026-06-01 11:14:51,0,1
A09188,U00463,C00172,CAM0023,2025-08-15 10:18:01,1,0
A09189,U00597,C00097,CAM0039,2026-09-17 19:47:14,0,0
A09190,U00461,C00045,CAM0006,2025-09-16 23:46:34,0,0
A09191,U00152,C00029,CAM0017,2025-09-25 23:11:11,0,0
A09192,U00791,C00010,CAM0039,2026-01-16 18:36:35,0,0
A09193,U00181,C00004,CAM0003,2025-01-28 16:00:53,1,0
A09194,U00925,C00051,CAM0016,2026-03-10 11:42:07,1,0
A09195,U00059,C00211,CAM0060,2025-02-02 13:42:20,1,0
A09196,U00086,C00193,CAM0057,2025-06-14 09:29:50,0,0
A09197,U00837,C00237,CAM0051,2025-02-17 20:37:45,1,0
A09198,U00143,C00205,CAM0002,2026-09-14 14:29:05,1,1
A09199,U00101,C00140,CAM0030,2026-05-05 13:36:00,1,0
A09200,U00558,C00091,CAM0050,2025-04-05 10:36:35,1,0
A09201,U00512,C00079,CAM0025,2026-02-14 11:47:29,1,1
A09202,U00255,C00208,CAM0059,2026-08-19 14:49:52,0,1
A09203,U00870,C00249,CAM0023,2025-01-23 04:52:49,1,0
A09204,U00059,C00080,CAM0009,2026-02-03 17:45:17,0,0
A09205,U00176,C00045,CAM0048,2025-12-30 10:33:49,1,1
A09206,U00901,C00168,CAM0048,2025-12-25 06:26:31,0,0
A09207,U00764,C00059,CAM0015,2025-08-28 17:05:36,0,0
A09208,U00100,C00177,CAM0059,2026-06-07 13:33:18,,1
A09209,U00448,C00160,CAM0030,2025-05-16 14:38:05,0,0
A09210,U00734,C00107,CAM0058,2025-01-18 19:15:52,0,0
A09211,U00840,C00006,CAM0036,2025-07-17 22:18:29,1,1
A09212,U00969,C00180,CAM0001,2026-03-25 01:52:29,1,0
A09213,U00143,C00198,CAM0010,2025-09-11 03:30:47,0,1
A09214,U00838,C00030,CAM0043,2026-07-07 03:33:36,1,1
A09215,U00421,C00212,CAM0035,2025-08-12 05:41:37,0,0
A09216,U00742,C00138,CAM0036,2026-03-04 17:43:20,0,0
A09217,U00789,C00020,CAM0024,2025-08-18 13:30:43,0,0
A09218,U00292,C00119,CAM0001,2025-09-02 11:47:26,0,0
A09219,U00227,C00065,CAM0022,2026-06-06 20:06:01,0,0
A09220,U00482,C00144,CAM0025,2026-09-17 21:35:18,0,0
A09221,U00066,C00017,CAM0053,2026-08-24 16:31:25,1,0
A09222,U00806,C00210,CAM0043,2025-07-02 12:31:04,0,0
A09223,U00583,C00141,CAM0013,2025-07-21 21:21:47,0,1
A09224,U00530,C00209,CAM0053,2026-07-08 16:10:56,1,0
A09225,U00254,C00124,CAM0020,2026-02-16 17:07:51,0,0
A09226,U00801,C00076,CAM0033,2025-06-06 12:33:53,1,0
A09227,U00723,C00154,CAM0038,2026-05-08 16:20:00,1,0
A09228,U00633,C00080,CAM0047,2025-01-01 08:54:16,0,1
A09229,U00760,C00186,CAM0016,2025-02-15 23:27:46,1,0
A09230,U00106,C00013,CAM0011,2025-11-27 02:02:19,1,0
A09231,U00008,C00222,CAM0025,2026-01-05 22:08:10,1,0
A09232,U00719,C00008,CAM0022,2025-12-20 01:50:18,1,0
A09233,U00250,C00197,CAM0018,2025-08-18 17:16:19,0,0
A09234,U00399,C00121,CAM0017,2026-03-05 04:28:38,0,0
A09235,U00956,C00048,CAM0010,2025-09-26 01:01:50,1,0
A09236,U00345,C00247,CAM0026,2025-03-14 00:07:09,1,1
A09237,U00404,C00194,CAM0047,2026-02-04 15:57:18,1,0
A09238,U00262,C00147,CAM0049,2026-02-20 03:18:07,0,1
A09239,U00942,C00215,CAM0032,2026-01-11 21:06:54,1,0
A09240,U00597,C00051,CAM0037,2025-06-03 01:33:40,,0
A09241,U00219,C00208,CAM0044,2025-08-25 14:09:24,1,1
A09242,U00278,C00127,CAM0051,2026-04-24 17:05:13,0,0
A09243,U00646,C00076,CAM0054,2025-04-30 15:19:10,1,1
A09244,U00258,C00120,CAM0041,2025-07-17 09:21:43,0,0
A09245,U00731,C00202,CAM0002,2025-10-13 04:52:37,1,0
A09246,U00416,C00028,CAM0034,2025-08-12 01:55:14,1,0
A09247,U00851,C00135,CAM0029,2025-01-09 03:23:22,1,0
A09248,U00474,C00141,CAM0033,2026-03-21 13:21:42,1,0
A09249,U00543,C00096,CAM0051,2025-05-04 23:00:49,0,0
A09250,U00130,C00157,CAM0059,2025-11-28 00:16:50,0,0
A09251,U00270,C00164,CAM0060,2025-02-13 10:59:04,0,0
A09252,U00268,C00103,CAM0011,2025-06-09 14:32:14,1,0
A09253,U00393,C00090,CAM0056,2025-02-01 14:14:17,1,0
A09254,U00068,C00008,CAM0025,2026-07-18 06:57:41,0,0
A09255,U00551,C00104,CAM0037,2025-05-31 23:55:00,1,1
A09256,U00186,C00062,CAM0050,2025-08-28 05:14:22,1,1
A09257,U00296,C00231,CAM0026,2026-03-28 18:32:21,0,0
A09258,U00812,C00158,CAM0017,2026-01-24 00:34:16,1,0
A09259,U00102,C99999,CAM0056,2025-11-02 02:34:10,1,1
A09260,U00141,C00105,CAM0043,2025-01-09 20:50:27,0,0
A09261,U00221,C00028,CAM0029,2025-05-28 11:17:17,1,0
A09262,U00828,C00195,CAM0012,2025-06-14 18:15:45,1,
A09263,U00521,C00127,CAM0017,2026-09-11 18:15:36,1,0
A09264,U00648,C00205,CAM0034,2026-08-28 20:47:17,1,2
A09265,U00773,C00242,CAM0011,2026-05-11 16:29:22,1,1
A09266,U00599,C00087,CAM0036,2025-08-15 03:15:36,0,0
A09267,U00536,C00185,CAM0012,2025-06-06 20:04:49,1,0
A09268,U00415,C00126,CAM0043,2026-05-18 21:51:02,1,0
A09269,U00241,C00002,CAM0056,2025-01-13 20:42:21,1,0
A09270,U00392,C00136,CAM0023,2026-08-24 04:49:16,1,0
A09271,U00902,C00025,CAM0012,2026-06-07 09:42:55,1,1
A09272,U00134,C00075,CAM0033,,0,0
A09273,U00901,C00124,CAM0022,2026-03-18 17:28:57,1,0
A09274,U00355,C00055,CAM0041,2025-08-06 18:24:39,0,0
A09275,U00091,C00050,CAM0012,2026-07-05 09:33:29,0,0
A09276,U00888,C00012,CAM0014,2025-12-16 03:36:27,0,0
A09277,U00604,C00018,CAM0045,2025-07-31 03:37:39,1,1
A09278,U00078,C00085,CAM0028,2025-09-22 14:59:59,1,0
A09279,U00645,C00208,CAM0055,2025-07-08 20:18:02,1,1
A09280,U00612,C00229,CAM0016,2026-05-17 13:47:25,0,0
A09281,U00559,C00032,CAM0015,2025-10-29 21:03:38,0,0
A09282,U00691,C00100,CAM0054,2025-09-02 12:34:08,0,0
A09283,U00532,C00065,CAM0032,2025-10-17 00:46:21,1,0
A09284,U00091,C00122,,2025-11-05 06:25:25,0,1
A09285,U00018,C00179,CAM0011,2025-12-30 23:57:24,0,0
A09286,U00875,C00192,CAM0058,2026-06-23 02:19:21,0,0
A09287,U00451,C00079,CAM0037,2025-09-15 22:47:36,1,1
A09288,U00697,C00040,CAM0051,2025-08-13 13:31:59,0,0
A09289,U00761,C00188,CAM0045,2025-08-05 14:13:39,1,0
A09290,U00594,C00102,CAM0052,2026-08-31 19:39:52,1,1
A09291,U00752,C00165,CAM0028,2025-03-28 11:03:27,1,0
A09292,U00984,C00095,CAM0004,2025-06-13 15:45:21,0,0
A09293,U00726,C00044,CAM0047,2025-03-21 16:49:44,1,0
A09294,U00260,C00245,CAM0049,2025-10-18 08:17:47,1,1
A09295,U00656,C00030,CAM0049,2025-01-12 08:13:51,1,0
A09296,U00367,C00015,CAM0050,2026-01-30 21:21:28,0,0
A09297,U00474,C00132,CAM0051,2026-04-27 08:44:37,0,1
A09298,U00044,C00165,CAM0055,2026-04-04 05:05:38,0,1
A09299,U00055,C00065,CAM0045,2026-05-13 13:42:53,1,0
A09300,U00499,C00065,CAM0027,2025-03-12 07:16:38,0,0
A09301,U00544,C00161,CAM0054,2025-01-06 19:20:35,0,0
A09302,U00142,C00111,CAM0039,2025-05-12 09:26:23,1,1
A09303,U00629,C00145,CAM0010,2026-04-13 07:44:52,1,0
A09304,U00765,C00203,CAM0016,2026-03-19 19:24:27,0,0
A09305,U99999,C00224,CAM0001,2025-05-23 07:09:38,1,0
A09306,U00244,C00020,CAM0051,2026-06-16 13:05:15,0,0
A09307,U00044,C00077,CAM0057,2025-12-30 15:36:43,0,0
A09308,U00771,C00238,CAM0047,2025-05-17 18:00:19,1,0
A09309,U00616,C00059,CAM0048,2025-11-05 13:11:22,0,1
A09310,U00310,C00121,CAM0028,2026-09-01 08:33:16,0,1
A09311,U00021,C00250,CAM0049,2025-11-07 08:15:08,0,0
A09312,U00760,C00035,CAM0042,2025-09-28 19:28:30,1,0
A09313,U00170,C00006,CAM0018,2026-01-21 07:10:27,0,1
A09314,U00433,C00244,CAM0038,2025-12-08 11:12:05,0,0
A09315,U00227,C00193,CAM0049,2026-04-20 07:08:39,1,0
A09316,U00347,C00077,CAM0003,2025-05-05 02:54:31,0,1
A09317,U00161,C00172,CAM0013,2026-09-07 10:53:12,1,0
A09318,U00886,C00204,CAM0045,2026-02-20 22:21:49,0,0
A09319,U00675,C00139,CAM0001,2025-03-18 06:07:40,1,0
A09320,U00570,C00160,CAM0052,2025-12-30 16:04:48,0,1
A09321,U00974,C00058,CAM0036,2025-03-30 11:58:47,1,0
A09322,U00141,C00206,CAM0046,2026-02-05 17:59:37,0,0
A09323,U00284,C00166,CAM0040,2025-12-31 20:18:06,1,1
A09324,U00209,C00129,CAM0004,2025-04-06 08:56:17,0,1
A09325,U00793,C00214,CAM0034,2025-07-19 12:09:01,1,0
A09326,U00684,C00171,,2026-02-04 05:20:06,1,0
A09327,U00061,C00102,CAM0040,2025-04-14 16:02:53,0,1
A09328,U00393,C00235,CAM0017,2025-03-10 12:14:23,0,0
A09329,U00584,C00221,CAM0058,2025-02-15 14:05:09,1,0
A09330,U00691,C00058,CAM0029,2026-06-12 02:35:36,0,1
A09331,U00016,C00147,CAM0031,2026-07-21 01:42:47,0,0
A09332,U00379,C00031,CAM0005,2025-08-29 07:56:55,1,0
A09333,U00871,C00120,CAM0033,2025-06-08 21:02:02,1,0
A09334,U00878,C00137,CAM0021,2026-04-01 21:57:15,1,1
A09335,U00733,C00201,CAM0033,2026-08-15 03:08:05,0,0
A09336,U00263,C00209,CAM0007,2025-04-25 13:59:11,1,0
A09337,U00617,C00039,CAM0023,2026-07-04 17:09:32,1,0
A09338,U00280,C00137,CAM0051,2025-06-28 20:12:28,0,0
A09339,U00983,C00210,CAM0048,2025-01-31 03:24:38,1,0
A09340,U00354,C00194,CAM0045,2025-11-16 14:13:30,1,1
A09341,U00953,C00205,CAM0058,,1,0
A09342,U00913,C00222,CAM0048,2026-04-19 17:39:52,1,1
A09343,U00015,C00059,CAM0005,2025-04-12 19:12:50,1,0
A09344,U00485,C00024,CAM0004,2025-11-20 12:16:35,-1,0
A09345,U00101,C00195,CAM0031,2026-03-06 08:10:51,1,0
A09346,U00835,C00038,CAM0059,2025-10-03 03:11:23,0,0
A09347,U00036,C00014,CAM0030,2026-03-19 21:05:51,0,0
A09348,U00967,C00096,CAM0025,2025-10-23 19:03:49,1,1
A09349,U00521,C00071,CAM0049,2026-09-15 03:39:45,1,0
A09350,U00569,C00026,CAM0007,2025-10-12 02:28:12,1,1
A09351,U00787,C00111,CAM0058,2025-12-14 06:51:31,0,0
A09352,U00047,C00027,CAM0007,2026-04-03 09:57:24,1,0
A09353,U00018,C00175,CAM0028,2025-10-17 03:55:16,0,1
A09354,U00885,C00204,CAM0007,2025-05-01 03:13:01,1,1
A09355,U00266,C99999,CAM0022,2025-07-24 19:49:35,0,0
A09356,U00361,C00209,CAM0001,2025-10-29 10:12:49,1,1
A09357,U00303,C00182,CAM0050,2026-04-01 15:40:35,0,1
A09358,U00505,C00054,CAM0008,2026-06-04 13:48:35,1,0
A09359,U00048,C00249,CAM0027,2025-04-17 01:09:47,1,0
A09360,U00696,C00240,CAM0016,2025-04-26 07:31:21,0,0
A09361,U00017,C00018,CAM0048,2026-06-26 00:28:30,2,0
A09362,U00643,C00053,CAM0028,2025-07-25 19:54:35,1,0
A09363,U00133,C00190,CAM0049,2025-09-06 19:07:59,1,0
A09364,U00406,C00179,CAM0020,2025-07-15 06:44:29,1,0
A09365,U00138,C00075,CAM0029,2026-03-05 21:37:53,1,0
A09366,U00035,C00239,CAM0009,2025-01-08 14:16:51,0,1
A09367,U00999,C00078,CAM0017,2026-04-14 01:41:17,1,1
A09368,U00010,C00021,CAM0007,2025-01-01 02:10:20,1,1
A09369,U00782,C00222,CAM0054,2025-07-18 23:59:38,1,0
A09370,U00989,C00188,CAM0002,2025-05-11 15:21:39,0,1
A09371,U00609,C00083,CAM0048,2025-09-22 00:38:26,0,0
A09372,U00806,C00146,CAM0034,2025-12-21 21:34:20,0,0
A09373,U00910,C00201,CAM0056,2025-05-22 20:37:07,0,1
A09374,U00329,C00039,CAM0004,2025-01-20 09:10:27,0,0
A09375,U00860,C00218,CAM0048,2026-04-13 12:36:05,0,1
A09376,U00954,C00228,CAM0041,2025-12-02 23:15:53,1,1
A09377,U00024,C00065,CAM0010,2025-10-28 10:54:26,1,1
A09378,U00882,C00014,CAM0024,2025-11-25 07:31:03,0,1
A09379,U00405,C00072,CAM0041,2025-01-13 09:51:02,0,0
A09380,U00835,C00202,CAM0042,2025-03-19 18:25:50,1,0
A09381,U00180,C00055,CAM0027,2025-08-08 21:52:30,1,0
A09382,U00397,C00040,CAM0059,2025-10-04 09:51:17,1,0
A09383,U00165,C00102,CAM0023,2026-07-15 10:49:14,0,1
A09384,U00228,C00010,CAM0020,2025-07-16 13:10:07,0,1
A09385,U00860,C00228,CAM0030,2026-05-21 04:50:14,0,0
A09386,U00597,C00237,CAM0020,2025-09-22 17:50:59,0,0
A09387,U00658,C00035,CAM0041,2025-09-14 07:12:48,1,0
A09388,U00034,C00207,CAM0015,2025-10-20 13:08:34,0,1
A09389,U00822,C00173,CAM0009,2026-02-02 19:35:10,-1,0
A09390,U00037,C00170,CAM0034,2025-11-30 21:02:44,1,0
A09391,U00423,C00046,CAM0038,2026-01-31 00:06:36,1,0
A09392,U00215,C00162,CAM0009,2026-09-13 15:01:55,1,0
A09393,U00763,C00189,CAM0001,2026-09-14 14:59:51,0,0
A09394,U00002,C00101,CAM0039,2026-01-14 19:30:40,1,0
A09395,U00419,C00241,CAM0057,2025-08-15 10:45:07,1,1
A09396,U00504,C00218,CAM0059,2025-06-09 10:08:29,0,0
A09397,U00975,C00160,CAM0027,2026-02-28 18:22:16,0,0
A09398,U00318,C00009,CAM0056,2026-02-18 19:15:20,0,0
A09399,U00567,C00022,CAM0013,2025-04-03 01:03:48,1,0
A09400,U00375,C00030,CAM0050,2026-03-19 06:28:06,1,1
A09401,U00314,C00187,CAM0056,2025-04-18 06:53:04,0,0
A09402,U00980,C00180,CAM0003,2025-11-14 22:30:43,0,0
A09403,U00950,C00153,CAM0047,2026-04-22 15:04:34,0,0
A09404,U00089,C00044,CAM0042,2026-01-05 05:11:39,1,1
A09405,U00782,C00016,CAM0010,2025-06-13 19:45:25,1,0
A09406,U00702,C00023,CAM0023,2025-12-20 20:46:20,1,0
A09407,U00356,C00190,CAM0005,2025-03-07 15:21:43,0,0
A09408,U00840,C00054,CAM0025,2025-02-10 22:21:43,1,0
A09409,U00499,C00121,CAM0046,2026-05-12 07:38:22,0,0
A09410,U00071,C00059,CAM0006,2025-07-15 18:57:23,0,1
A09411,U00444,C00055,CAM0059,2025-04-08 12:06:22,1,1
A09412,U00759,C00058,CAM0049,2025-06-22 20:07:24,1,0
A09413,U00670,C00192,CAM0053,2025-09-14 19:21:28,0,1
A09414,U00438,C00117,CAM0023,2025-01-05 19:51:51,0,0
A09415,U00977,C00084,CAM0006,2025-01-10 00:27:29,0,0
A09416,U00870,C00001,CAM0048,2026-01-17 15:00:20,1,1
A09417,U00159,C00013,CAM0051,2025-02-02 12:33:16,0,1
A09418,U00199,C00037,CAM0032,2025-05-15 19:13:43,0,0
A09419,U00130,C00177,,2025-01-20 15:50:53,0,0
A09420,U00999,C00159,CAM0022,2026-05-11 14:44:10,0,0
A09421,U00289,C00119,CAM0052,2025-07-17 09:17:23,0,0
A09422,U00496,C00087,CAM0045,2025-07-25 07:31:11,0,1
A09423,U00384,C00161,CAM0018,2025-05-18 13:17:25,1,0
A09424,U00346,C00001,CAM0058,2026-03-13 02:40:13,0,1
A09425,U00255,C00163,CAM0041,2026-05-28 19:21:52,1,1
A09426,U00635,C00142,CAM0037,2026-09-14 04:04:01,1,1
A09427,U00021,C00147,CAM0057,2025-05-21 06:13:51,1,1
A09428,U00271,C00222,CAM0003,2025-03-24 23:40:09,0,0
A09429,U00283,C00047,CAM0011,2025-01-02 10:10:04,0,0
A09430,U00346,C00132,CAM0024,2026-08-21 11:38:00,0,1
A09431,U00341,C00215,CAM0057,,1,0
A09432,U00340,C00219,CAM0037,,1,0
A09433,U00242,C00160,CAM0029,2026-07-24 13:13:12,1,0
A09434,U00145,C00036,CAM0043,2025-06-22 05:41:35,1,0
A09435,U00689,C00207,CAM0032,2025-07-20 18:03:28,0,1
A09436,U00121,C00031,CAM0049,2025-12-06 11:58:49,0,0
A09437,U00742,C00192,CAM0048,2025-08-20 06:01:03,0,0
A09438,U00727,C00153,CAM0016,2026-05-23 21:20:00,0,0
A09439,U00804,C00172,CAM0055,2025-06-18 00:57:59,1,0
A09440,U00599,C00208,CAM0044,2026-02-01 11:28:57,0,0
A09441,U00202,C00195,CAM0019,2025-04-28 05:09:20,1,0
A09442,U00035,C00024,CAM0024,2025-12-11 20:58:24,1,0
A09443,U00031,C00195,CAM0037,2026-07-24 04:26:26,0,0
A09444,U00653,C00145,CAM0048,2025-11-14 14:36:44,0,0
A09445,U00812,C00249,CAM0042,2025-12-23 22:36:04,2,0
A09446,U00751,C00149,CAM0051,2025-01-02 21:30:11,1,1
A09447,U00516,C00064,CAM0035,2025-08-26 14:33:25,0,0
A09448,U00709,C00050,CAM0026,2025-03-26 23:21:15,0,0
A09449,U00838,C00054,CAM0028,2026-04-22 05:32:03,1,0
A09450,U00575,C00238,CAM0057,2025-01-20 18:20:38,1,0
A09451,U00858,C00157,CAM0050,2025-02-06 08:39:32,0,0
A09452,U00799,C00089,CAM0058,2025-04-15 12:53:32,1,1
A09453,U00313,C00154,CAM0035,2026-08-05 09:22:10,1,1
A09454,U00490,C00077,CAM0049,2026-02-04 07:52:50,1,0
A09455,U00259,C00039,CAM0053,2025-02-28 07:49:51,0,0
A09456,U00468,C00014,CAM0024,2026-06-12 13:59:30,1,0
A09457,U00396,C00111,CAM0049,2025-08-23 15:01:20,1,1
A09458,U00459,C00099,CAM0048,2025-05-01 15:50:48,0,0
A09459,U00381,C00225,CAM0004,2025-05-27 00:07:23,0,0
A09460,U00833,C00029,CAM0004,2025-02-14 19:07:51,0,0
A09461,U00013,C00186,CAM0053,2025-05-13 14:28:14,1,0
A09462,U00182,C00092,CAM0035,2025-03-18 23:50:40,0,1
A09463,U00857,C00050,CAM0060,2026-06-14 14:41:56,0,0
A09464,U00481,C00193,CAM0032,2026-08-08 16:25:24,1,0
A09465,U00248,C00024,CAM0004,2026-05-02 14:57:48,1,0
A09466,U00685,C00075,CAM0026,2026-02-01 09:22:30,0,0
A09467,U00590,C00003,CAM0009,2025-10-06 11:29:18,1,0
A09468,U00866,C00197,CAM0047,2026-03-02 21:42:48,0,0
A09469,U00394,C00046,CAM0046,2025-02-28 23:30:18,1,0
A09470,U00674,C00155,CAM0047,2025-05-10 11:09:16,0,0
A09471,U00039,C00111,CAM0057,2025-10-16 00:58:56,0,1
A09472,U00833,C00118,CAM0037,2025-05-18 14:41:30,1,0
A09473,U00089,C00126,CAM0004,2026-09-11 17:04:07,0,0
A09474,U00554,C00109,CAM0041,2026-02-02 17:53:04,0,1
A09475,U00265,C00202,CAM0032,2026-08-14 07:54:58,0,0
A09476,U00998,C00242,CAM0021,2025-05-24 02:34:14,1,0
A09477,U00795,C00016,CAM0043,2025-07-13 00:23:22,0,0
A09478,U00874,C00174,CAM0017,2026-07-07 15:03:02,0,0
A09479,U00361,C00213,CAM0034,2025-03-31 14:33:11,0,0
A09480,U00470,C00098,CAM0017,2026-01-22 17:48:29,0,1
A09481,U00617,C00201,CAM0056,2026-06-25 08:27:05,1,0
A09482,U00054,C00087,CAM0037,2026-05-12 13:16:19,0,0
A09483,U00754,C00204,CAM0057,2026-08-21 16:37:52,1,0
A09484,U00379,C00167,CAM0021,2025-10-13 10:55:41,0,0
A09485,U00698,C00060,CAM0012,2025-12-07 10:01:49,1,0
A09486,U00373,C00051,CAM0057,2025-05-11 11:21:55,1,0
A09487,U00649,C00045,CAM0060,2025-07-09 13:54:30,0,0
A09488,U00419,C00151,CAM0004,2025-11-08 04:17:54,1,
A09489,U00058,C00248,CAM0034,2026-08-27 06:08:10,1,0
A09490,U00863,C00160,CAM0002,2026-09-19 15:37:26,-1,0
A09491,U00109,C00141,CAM0056,2025-11-11 03:41:53,0,0
A09492,U00166,C00174,CAM0034,2025-08-18 04:35:30,0,0
A09493,U00844,C00065,CAM0009,2026-08-12 20:57:22,0,0
A09494,U00572,C00137,CAM0029,2025-04-18 06:22:22,1,0
A09495,U00486,C00101,CAM0044,2025-12-19 07:11:04,0,1
A09496,U00278,C00146,CAM0058,2025-08-17 06:09:58,0,0
A09497,U00413,C00149,CAM0021,2025-10-26 18:52:04,0,0
A09498,U00486,C00165,CAM0008,2025-08-04 00:13:21,1,0
A09499,U00087,C00177,CAM0033,2026-09-02 19:58:18,1,1
A09500,U00376,C00159,CAM0016,2025-01-24 17:48:10,0,0
A09501,U00181,C00186,CAM0059,2026-07-10 12:18:38,0,0
A09502,U00537,C00075,CAM0042,2025-07-20 17:43:56,0,1
A09503,U00232,C00183,CAM0014,2025-07-14 12:51:34,0,0
A09504,U00867,C00023,CAM0056,2025-11-12 11:50:08,1,1
A09505,U00291,C00092,CAM0003,2026-08-31 09:13:37,1,1
A09506,U00274,C00013,CAM0039,2025-12-20 12:04:48,1,1
A09507,U00473,C00119,CAM0051,2025-07-29 20:20:56,1,0
A09508,U00698,C00189,CAM0020,2025-05-14 18:51:34,0,1
A09509,U00680,C00042,CAM0018,2025-07-21 04:03:47,0,0
A09510,U00634,C00143,CAM0011,2025-10-22 19:05:26,0,0
A09511,U00019,C00130,CAM0007,2026-09-03 21:31:56,0,1
A09512,U00863,C00092,CAM0053,2026-04-30 16:58:50,1,1
A09513,U00824,C00180,CAM0030,2026-06-22 03:39:40,1,1
A09514,U00215,C00156,CAM0044,2025-10-08 08:41:41,1,0
A09515,U00846,C00146,CAM0042,2025-04-15 14:42:20,1,0
A09516,U00790,C00227,CAM0022,2025-04-04 02:09:08,1,0
A09517,U00739,C00115,CAM0050,2025-03-01 13:40:47,1,0
A09518,U00893,C00062,CAM0009,2025-08-30 22:59:16,0,1
A09519,U00613,C00013,CAM0031,2025-02-17 08:51:51,0,0
A09520,U00274,C00173,CAM0011,2026-06-12 17:29:15,1,0
A09521,U00615,C00129,CAM0051,2026-03-29 17:08:39,1,1
A09522,U00826,C00142,CAM0042,2025-09-08 21:46:47,0,1
A09523,U00776,C00052,CAM0007,2026-06-10 16:02:05,1,1
A09524,U00857,C00034,CAM0034,2025-09-29 21:05:02,0,0
A09525,U00717,C00063,CAM0014,2025-03-06 20:16:02,0,1
A09526,U00297,C00241,CAM0046,2025-07-26 09:43:34,1,1
A09527,U00740,C00210,CAM0032,2025-11-02 17:32:29,yes,0
A09528,U00257,C00011,CAM0025,2025-09-02 13:06:49,1,0
A09529,U00117,C00233,CAM0010,2025-01-28 10:55:45,0,0
A09530,U00248,C00056,CAM0014,2026-02-19 06:00:48,0,0
A09531,U00868,C00200,CAM0053,2026-06-11 04:07:56,0,0
A09532,U00682,C00078,CAM0047,2025-05-04 06:27:23,1,0
A09533,U00815,C00165,CAM0027,2025-10-31 11:14:59,0,1
A09534,U00530,C00142,CAM0014,2025-03-27 22:34:15,1,1
A09535,U00990,C00204,CAM0041,2025-05-04 09:49:47,0,0
A09536,U00359,C00209,CAM0050,2026-02-07 14:04:38,1,0
A09537,U00277,C00133,CAM0034,2025-09-12 01:48:04,1,1
A09538,U00547,C00203,CAM0018,2025-01-17 08:34:54,1,0
A09539,U00971,C00088,CAM0008,2025-03-08 01:46:31,0,0
A09540,U00823,C00152,CAM0021,2026-04-11 12:06:44,1,1
A09541,U00787,C00127,CAM0047,2026-03-30 14:47:52,0,0
A09542,U00850,C00124,CAM0045,2025-01-27 06:45:34,0,1
A09543,U00887,C00110,CAM0001,2026-07-15 19:00:49,0,0
A09544,U00734,C00070,CAM0060,2025-01-01 08:45:33,1,0
A09545,U00792,C00115,CAM0028,2026-07-27 05:46:59,0,1
A09546,U00956,C99999,CAM0027,2026-05-22 23:48:11,0,0
A09547,U00173,C00140,CAM0028,2026-04-02 06:56:02,0,0
A09548,U00181,C00041,CAM0002,2026-01-23 13:47:36,1,0
A09549,U00599,C00036,CAM0049,2025-09-10 17:20:47,1,1
A09550,U00568,C00149,CAM0035,2025-05-22 05:15:59,1,1
A09551,U99999,C00119,CAM0032,2025-02-05 16:11:47,1,0
A09552,U00917,C00011,CAM0051,2025-11-26 20:20:01,0,1
A09553,U00257,C00008,CAM0050,2026-08-28 17:44:16,1,0
A09554,U00549,C00084,CAM0048,2026-05-19 15:49:54,1,0
A09555,U00841,C00246,CAM0020,2025-08-31 23:48:50,0,0
A09556,U00109,C00246,CAM0018,2025-03-19 14:44:33,0,1
A09557,U00449,C00175,CAM0042,2026-06-06 23:15:45,0,0
A09558,U00605,C00018,CAM0046,2025-07-05 16:56:07,1,0
A09559,U00838,C00140,CAM0021,2025-10-25 09:33:31,0,0
A09560,U00096,C00138,CAM0027,2025-03-19 08:34:29,0,0
A09561,U00652,C00082,CAM0008,2026-08-03 14:27:53,1,1
A09562,U00133,C00221,CAM0025,2026-06-24 23:21:49,0,1
A09563,U00364,C00236,CAM0040,2025-10-19 09:13:22,0,1
A09564,U00208,C00081,CAM0004,2025-05-20 06:21:47,0,0
A09565,U00219,C00017,CAM0017,2025-05-03 14:32:52,0,0
A09566,U00357,C00077,CAM0035,2025-01-31 16:16:03,0,0
A09567,U00630,C00104,CAM0003,2026-04-03 20:19:45,0,0
A09568,U00259,C00120,CAM0034,2025-10-05 04:12:37,0,0
A09569,U00772,C00082,CAM0043,2025-12-22 21:04:59,1,0
A09570,U00737,C00020,CAM0052,2025-07-01 15:33:50,0,0
A09571,U00958,C00144,CAM0015,2025-07-28 13:17:27,1,0
A09572,U00008,C00149,CAM0059,2025-06-06 07:48:16,1,0
A09573,U00550,C00212,CAM0053,2025-08-26 14:30:43,0,0
A09574,U00125,C00232,CAM0035,2025-10-10 12:58:41,1,0
A09575,U00795,C00212,CAM0017,2025-10-05 10:41:23,0,0
A09576,U00164,C00109,CAM0010,2026-05-22 09:37:08,1,1
A09577,U00756,C00184,CAM0001,2026-08-01 11:57:58,0,0
A09578,U00960,C00098,CAM0010,2026-05-25 16:54:26,0,0
A09579,U00301,C00097,CAM0025,2026-02-28 14:01:58,0,0
A09580,U00962,C00189,CAM0053,2025-04-14 04:09:41,0,0
A09581,U00680,C00055,CAM0060,2025-11-07 09:38:35,0,0
A09582,U00280,C00240,CAM0044,2025-04-23 19:35:45,1,1
A09583,U00928,C00050,CAM0044,2025-08-19 07:05:32,0,0
A09584,U00880,C00088,CAM0056,2026-08-23 11:12:03,0,0
A09585,U00192,C00024,CAM0014,2025-05-21 00:15:50,1,0
A09586,U00442,C00227,CAM0044,2025-12-30 19:08:33,0,0
A09587,U00871,C00214,CAM0027,2026-03-03 22:56:18,0,0
A09588,U00701,C00243,CAM0058,2025-09-22 14:03:49,0,0
A09589,U00046,C00006,CAM0010,2025-05-22 18:48:33,0,1
A09590,U00026,C00102,CAM0022,2026-08-04 04:50:26,0,0
A09591,U00256,C00057,CAM0034,2025-05-20 23:06:33,0,0
A09592,U00282,C00154,CAM0051,2025-04-09 16:31:04,1,0
A09593,U00767,C00242,CAM0012,2025-08-11 23:50:44,0,0
A09594,U00941,C00098,CAM0060,2025-06-20 06:48:53,1,0
A09595,U00488,C00164,CAM0021,2025-11-16 02:27:34,0,1
A09596,U00666,C00020,CAM0012,2025-03-27 17:08:09,0,1
A09597,U00153,C00161,CAM0005,2025-03-07 06:40:22,1,1
A09598,U00303,C00218,CAM0041,2025-06-19 00:06:34,1,0
A09599,U00481,C00190,CAM0030,2025-04-28 10:23:16,1,0
A09600,U00642,C00038,CAM0046,2025-04-20 11:20:32,1,0
A09601,U00881,C00244,CAM0025,2025-06-02 09:28:47,1,0
A09602,U00813,C00206,CAM0044,2025-06-25 18:12:18,2,0
A09603,U00224,C00203,CAM0029,2025-12-05 10:43:23,1,0
A09604,U00156,C00216,CAM0055,2025-05-11 10:59:59,1,0
A09605,U00291,C00037,CAM0013,2025-11-04 19:25:13,1,0
A09606,U00429,C00249,CAM0050,2025-01-22 10:27:17,-1,0
A09607,U00256,C00161,CAM0009,2025-07-13 02:52:08,1,0
A09608,U00179,C00248,CAM0006,2025-06-16 23:03:39,1,0
A09609,U00140,C00078,CAM0034,2026-06-03 22:08:38,1,0
A09610,U00179,C00227,CAM0030,2026-09-17 11:25:00,0,
A09611,U00464,C00107,CAM0032,2026-09-17 19:25:20,0,1
A09612,U00970,C00146,CAM0060,2026-05-25 02:18:26,1,0
A09613,U00035,C00099,CAM0035,2026-07-30 09:34:42,0,0
A09614,U00658,C00132,CAM0010,2026-02-06 06:32:55,1,0
A09615,U00020,C00084,CAM0015,2025-01-05 00:19:23,0,0
A09616,U00398,C00086,CAM0055,2025-07-12 18:18:47,0,0
A09617,U01000,C00194,CAM0006,2026-08-20 00:00:08,0,0
A09618,U00425,C00176,CAM0038,2025-02-22 03:42:26,0,0
A09619,U00202,C00048,CAM0049,2025-01-17 12:13:51,1,0
A09620,U00512,C00159,CAM0056,2025-08-11 00:43:19,1,0
A09621,U00399,C00113,CAM0001,2025-09-27 17:57:11,0,0
A09622,U00393,C00142,CAM0052,2025-11-04 02:57:16,0,1
A09623,U00226,C00128,CAM0022,2026-06-09 03:03:56,0,0
A09624,U00957,C00189,CAM0058,2026-04-04 03:48:43,0,1
A09625,U00819,C00067,CAM0005,2025-07-07 12:38:12,1,1
A09626,U00995,C00166,CAM0037,2026-05-09 19:35:36,1,0
A09627,U00821,C00078,CAM0004,2025-10-04 03:41:53,0,0
A09628,U00625,C00069,CAM0003,2026-04-24 20:08:50,1,1
A09629,U00608,C99999,CAM0018,2026-04-14 18:19:23,1,0
A09630,U00413,C00131,CAM0048,2025-04-20 06:50:24,1,0
A09631,U00296,C00217,CAM0013,2025-03-22 07:32:04,0,0
A09632,U00074,C00182,CAM0050,2026-06-13 20:54:04,0,0
A09633,U00928,C00169,CAM0038,2025-04-25 13:28:18,1,1
A09634,U00447,C00235,CAM0057,2026-05-12 05:03:26,1,0
A09635,U00097,C00128,CAM0043,2026-09-12 17:17:25,1,0
A09636,U00247,C00143,CAM0044,2025-11-29 07:15:01,0,1
A09637,U00896,C00053,CAM0003,2025-05-30 19:10:10,0,1
A09638,U00238,C00229,CAM0037,,1,0
A09639,U00111,C00230,CAM0033,2026-05-01 01:14:32,1,0
A09640,U00541,C00078,CAM0035,2025-06-01 00:09:51,0,0
A09641,U00511,C00151,CAM0014,2025-02-04 22:17:09,1,0
A09642,U00045,C00013,CAM0028,2025-11-08 12:40:55,1,0
A09643,U00226,C00095,CAM0025,2026-05-30 12:33:20,1,0
A09644,U00162,C00075,CAM0014,2026-02-19 07:51:19,0,0
A09645,U00975,C00067,CAM0004,2026-03-19 23:38:57,0,0
A09646,U00102,C00191,CAM0026,2025-01-13 01:47:02,0,0
A09647,U00355,C00234,CAM0053,2025-06-11 12:45:58,0,1
A09648,U00359,C00068,CAM0013,2025-03-15 00:19:22,1,0
A09649,U00240,C00180,CAM0003,2025-09-19 00:58:49,1,1
A09650,U00392,C00155,CAM0036,2025-10-16 05:41:33,0,0
A09651,U00705,C00248,CAM0002,2025-12-24 19:22:54,0,0
A09652,U00765,C00226,CAM0050,2026-04-26 20:29:36,0,0
A09653,U00484,C00078,CAM0004,2026-08-29 17:30:39,0,0
A09654,U00234,C00109,CAM0025,2025-10-23 10:49:41,1,0
A09655,U00466,C00088,CAM0053,2026-08-11 15:11:28,0,0
A09656,U00984,C00194,CAM0027,2025-07-08 15:17:44,1,1
A09657,U00082,C00248,CAM0032,2025-03-01 10:54:41,1,0
A09658,U00393,C00089,CAM0011,2026-03-23 22:32:56,0,0
A09659,U00891,C00203,CAM0014,2025-11-26 16:08:23,1,0
A09660,U00059,C00102,,2025-12-17 03:12:29,1,1
A09661,U00663,C00147,CAM0034,2025-12-27 16:49:56,1,0
A09662,U00411,C00113,CAM0003,2025-12-20 06:24:14,0,0
A09663,U00121,C00049,CAM0042,2025-05-27 13:49:00,1,0
A09664,U00665,C00088,CAM0013,2025-12-31 15:49:25,1,0
A09665,U00484,C00121,CAM0022,2025-09-06 18:09:20,1,0
A09666,U00177,C00222,CAM0040,2025-05-18 16:24:30,0,1
A09667,U00376,C00249,CAM0042,2025-05-14 01:13:45,1,1
A09668,U00629,C99999,CAM0049,2026-08-11 22:03:15,1,1
A09669,U00007,C00111,CAM0019,2026-08-28 02:40:13,1,0
A09670,U00762,C00183,CAM0015,2025-05-08 23:30:48,0,2
A09671,U00745,C00057,CAM0032,2026-07-06 14:16:47,1,0
A09672,U00865,C00135,CAM0029,2025-11-01 20:43:49,1,1
A09673,U00014,C00030,CAM0029,2025-05-13 05:13:11,yes,0
A09674,U00074,C00146,CAM0033,2025-06-07 23:15:50,1,0
A09675,U00870,C00243,CAM0006,2025-12-03 20:08:56,1,1
A09676,U00877,C00107,CAM0033,2026-07-15 09:04:17,0,0
A09677,U00870,C00115,CAM0023,2025-12-14 15:34:19,1,0
A09678,U00112,C00135,CAM0012,2026-05-02 20:05:44,0,0
A09679,U00683,C00086,CAM0040,2026-01-21 12:35:17,0,0
A09680,U00842,C00210,CAM0057,2025-06-22 10:24:58,0,0
A09681,U00847,C00249,CAM0057,2025-09-03 06:40:18,0,0
A09682,U00793,C00105,CAM0051,2025-03-04 16:58:57,1,0
A09683,U00034,C00014,CAM0022,2025-07-15 02:11:43,0,0
A09684,U00346,C00036,CAM0057,2025-01-14 14:39:57,1,0
A09685,U00473,C00149,CAM0018,2025-12-21 07:18:07,1,0
A09686,U00906,C00099,CAM0016,2025-11-04 14:38:59,0,1
A09687,U00155,C00248,CAM0038,,1,0
A09688,U00452,C00214,CAM0035,2025-07-20 01:02:19,1,0
A09689,U00617,C00054,CAM0040,2026-08-10 06:18:23,1,0
A09690,U00317,C00206,CAM0030,2026-01-06 18:28:31,0,0
A09691,U00244,C00053,CAM0022,2025-07-31 15:22:22,1,0
A09692,U00983,C00069,CAM0049,2025-04-12 06:44:07,0,0
A09693,U00867,C00177,CAM0009,,1,0
A09694,U00160,C00107,CAM0043,2026-01-06 18:47:41,0,1
A09695,U00922,C00146,CAM0036,2025-04-29 19:15:54,1,0
A09696,U00588,C00131,CAM0040,2026-09-15 08:00:44,1,0
A09697,U00256,C00076,CAM0052,2025-01-26 04:57:12,0,0
A09698,U00358,C00157,CAM0032,2026-06-07 10:43:32,0,0
A09699,U00186,C00124,CAM0024,2025-10-16 02:03:01,1,0
A09700,U00528,C00068,CAM0053,2026-04-21 00:54:16,1,0
A09701,U00039,C00234,CAM0011,2026-04-16 16:23:28,0,0
A09702,U00577,C00140,CAM0016,2025-07-18 21:23:03,1,1
A09703,U00301,C00144,CAM0051,2026-02-25 17:46:07,1,2
A09704,U00749,C00049,CAM0037,2025-06-25 00:46:40,0,0
A09705,U00472,C00184,CAM0012,2026-03-05 09:48:52,1,0
A09706,U00140,C00119,CAM0055,2026-01-20 13:11:41,0,0
A09707,U00329,C00077,CAM0028,2026-06-30 03:11:05,0,0
A09708,U00434,C00024,CAM0038,2026-06-11 01:58:37,0,0
A09709,U00540,C00032,CAM0008,2025-05-29 17:57:01,0,1
A09710,U00999,C00185,CAM0038,2026-01-14 00:42:07,1,0
A09711,U00024,C00024,CAM0003,2025-07-14 07:54:41,0,0
A09712,U00523,C00178,CAM0054,2026-04-18 02:59:58,0,0
A09713,U00990,C00016,CAM0045,2025-01-07 05:47:27,0,0
A09714,U00486,C00187,CAM0023,2026-03-18 11:00:22,1,0
A09715,U00179,C00187,CAM0026,2025-06-04 17:39:09,1,0
A09716,U00970,C00123,CAM0049,2025-02-27 14:00:03,1,1
A09717,U00321,C00014,CAM0007,2026-09-02 04:06:32,yes,1
A09718,U00215,C00169,CAM0032,2026-07-31 07:56:15,1,0
A09719,U00802,C00200,CAM0058,2025-07-26 22:22:46,1,0
A09720,U00050,C00172,CAM0029,2025-06-21 19:30:49,1,0
A09721,U00430,C00030,CAM0041,2025-07-18 13:20:49,0,1
A09722,U00175,C00083,CAM0010,2025-07-16 03:09:30,0,0
A09723,U00898,C00067,CAM0006,2025-11-17 02:06:58,1,0
A09724,U00774,C00088,CAM0015,2025-09-26 01:50:27,0,0
A09725,U00710,C00142,CAM0020,2025-08-17 09:51:32,1,0
A09726,U00909,C00029,CAM0016,2026-07-14 23:23:36,1,0
A09727,U00489,C00167,CAM0054,2026-01-08 03:41:47,1,0
A09728,U00090,C00230,CAM0036,2025-08-03 04:23:19,0,1
A09729,U00842,C00194,CAM0031,2025-07-08 03:03:38,0,0
A09730,U00541,C00114,CAM0029,2025-09-07 17:24:59,0,0
A09731,U00029,C00158,CAM0051,2026-08-18 22:44:31,0,0
A09732,U00453,C00029,CAM0040,2025-12-25 06:37:44,0,0
A09733,U00492,C00032,CAM0059,2026-06-02 04:21:15,1,0
A09734,U00495,C99999,CAM0013,2025-08-28 10:11:22,0,0
A09735,U00700,C00082,CAM0004,,0,1
A09736,U00754,C00175,CAM0013,2025-12-29 06:25:20,0,1
A09737,U00538,C00093,CAM0019,2025-01-17 05:29:33,1,0
A09738,U00966,C00079,CAM0045,2025-07-20 11:01:33,1,0
A09739,U00210,C00116,CAM0013,2025-03-11 22:59:19,0,0
A09740,U00646,C00034,CAM0009,2026-02-07 09:57:11,1,0
A09741,U00984,C00041,CAM0040,2026-02-22 19:52:39,1,1
A09742,U00873,C00233,CAM0024,2026-07-24 21:40:40,0,0
A09743,U00320,C00128,CAM0018,2026-01-31 01:02:01,1,1
A09744,U00730,C00008,CAM0050,2026-05-29 19:56:00,0,0
A09745,U00704,C00168,CAM0032,2026-01-03 12:03:04,1,0
A09746,U00729,C00046,CAM0043,2026-01-11 20:46:01,0,0
A09747,U00520,C00018,CAM0043,2025-02-27 19:54:36,0,0
A09748,U00829,C00123,CAM0032,2025-02-19 17:51:45,0,1
A09749,U00061,C00151,CAM0051,2025-10-11 00:10:53,1,0
A09750,U00295,C00098,CAM0056,2025-05-19 00:43:33,0,0
A09751,U00902,C00210,CAM0052,2025-03-03 08:04:01,1,1
A09752,U00885,C00184,CAM0007,2026-04-27 18:45:21,0,0
A09753,U00549,C00250,CAM0044,2025-09-10 23:23:42,0,0
A09754,U00046,C00043,CAM0041,2026-06-27 02:57:25,1,0
A09755,U00774,C00053,CAM0039,2025-04-04 12:18:59,1,1
A09756,U00903,C00182,CAM0023,2026-08-28 23:32:15,2,1
A09757,U00768,C00015,CAM0030,2026-03-30 06:10:13,1,1
A09758,U00316,C00172,CAM0033,2025-09-06 04:43:59,1,0
A09759,U00895,C00003,CAM0049,2025-03-26 02:10:51,1,0
A09760,U00785,C00114,CAM0042,,1,0
A09761,U00300,C00171,CAM0040,2025-08-29 13:01:36,1,0
A09762,U00457,C00114,CAM0059,2025-11-12 08:50:47,1,0
A09763,U00354,C00245,CAM0045,2025-03-19 09:29:08,0,0
A09764,U00923,C00117,CAM0039,2025-06-27 21:27:10,1,0
A09765,U00101,C00219,CAM0012,2026-06-19 23:25:37,1,0
A09766,U00533,C00238,CAM0022,2026-07-31 01:02:03,1,0
A09767,U00442,C00247,CAM0043,2025-04-25 10:14:00,1,0
A09768,U00441,C00211,,2026-05-28 08:20:07,0,0
A09769,U00445,C00083,CAM0023,2026-02-21 00:18:21,0,0
A09770,U00221,C00006,CAM0024,2025-05-16 12:56:10,0,1
A09771,U00658,C00121,CAM0016,2025-07-05 05:41:08,1,0
A09772,U00198,C00134,CAM0034,2025-10-27 09:30:51,0,0
A09773,U00112,C00019,CAM0022,2025-10-15 14:45:17,1,0
A09774,U00822,C00088,CAM0014,2025-08-23 04:44:50,1,0
A09775,U00790,C00228,CAM0018,2025-12-21 01:16:43,0,0
A09776,U00857,C00052,CAM0044,2026-01-20 17:55:05,0,0
A09777,U00332,C00038,CAM0011,2025-04-16 00:21:15,1,0
A09778,U00245,C00078,CAM0036,2025-02-24 13:45:43,0,0
A09779,U00026,C00169,CAM0059,2025-09-03 16:35:42,1,0
A09780,U00419,C00167,CAM0013,2025-04-25 01:16:25,0,0
A09781,U00471,C00004,CAM0026,2025-12-29 11:12:30,0,0
A09782,U00684,C00015,CAM0002,2025-12-22 18:41:07,0,1
A09783,U00807,C00174,CAM0008,2025-03-04 00:26:23,0,0
A09784,U00569,C00056,CAM0031,2025-01-10 12:15:23,0,0
A09785,U00163,C00029,CAM0009,2025-05-18 04:17:32,0,0
A09786,U00622,C00048,CAM0048,2025-03-04 14:46:13,1,1
A09787,U00334,C00212,CAM0024,2026-02-16 06:24:37,0,1
A09788,U00424,C00041,CAM0039,2026-04-08 06:12:08,1,1
A09789,U00019,C00057,CAM0005,2025-07-01 02:01:10,0,0
A09790,U00651,C00056,CAM0057,2026-04-09 00:22:22,0,0
A09791,U00020,C00151,CAM0050,2026-01-31 02:37:04,1,0
A09792,U00979,C00065,CAM0016,2025-03-11 20:28:19,1,0
A09793,U00868,C00148,CAM0005,2025-07-08 23:30:05,1,0
A09794,U00014,C00078,CAM0039,2026-08-14 14:51:42,1,0
A09795,U00263,C00030,CAM0046,2026-01-26 15:53:29,1,1
A09796,U00959,C00105,CAM0032,2025-12-03 07:28:38,0,0
A09797,U00278,C00095,CAM0012,2026-03-12 22:58:09,0,0
A09798,U00453,C00222,CAM0017,2025-03-14 21:43:30,0,0
A09799,U00459,C00103,CAM0034,2026-01-19 01:34:23,0,0
A09800,U00625,C00173,CAM0048,2025-03-18 20:07:17,1,0
A09801,U00733,C00165,CAM0045,2026-09-16 17:06:50,1,1
A09802,U00761,C00036,CAM0051,2026-04-30 22:55:45,1,1
A09803,U00256,C00111,CAM0029,2026-01-02 13:59:00,0,1
A09804,U00871,C00043,CAM0009,2026-04-11 11:09:56,0,1
A09805,U00698,C00212,CAM0017,2026-04-24 08:41:07,1,0
A09806,U00007,C00232,CAM0042,2026-07-18 12:07:38,1,0
A09807,U00385,C00246,CAM0029,2025-04-29 09:14:28,0,0
A09808,U00073,C00022,CAM0039,2025-03-27 08:34:34,0,0
A09809,U00470,C00075,CAM0013,2026-03-29 06:55:32,0,0
A09810,U00525,C00057,CAM0057,2025-01-01 21:22:23,0,0
A09811,U00008,C00135,CAM0029,2026-02-05 15:07:08,1,0
A09812,U00291,C00068,CAM0046,2026-02-20 17:22:10,1,0
A09813,U00633,C00181,CAM0028,2026-06-02 06:26:21,1,0
A09814,U00254,C00183,CAM0013,2026-02-18 14:25:14,1,0
A09815,U00443,C00156,CAM0050,2026-05-01 00:26:24,0,0
A09816,U00032,C00200,CAM0055,2025-06-16 04:12:56,0,0
A09817,U00533,C00080,CAM0050,2026-08-27 18:32:28,0,0
A09818,U00422,C00017,CAM0056,2025-07-22 06:37:31,0,0
A09819,U00567,C00060,CAM0008,2025-02-26 05:00:59,1,0
A09820,U00286,C00122,CAM0003,2026-08-10 21:16:05,0,0
A09821,U00605,C99999,CAM0004,2026-06-29 12:37:33,1,0
A09822,U00538,C00088,CAM0057,2026-05-18 11:53:45,1,1
A09823,U00957,C00134,CAM0049,2026-04-16 05:19:53,1,0
A09824,U00026,C00223,CAM0039,2026-01-10 00:14:57,1,0
A09825,U00880,C00153,CAM0049,2026-01-03 14:59:50,0,0
A09826,U00012,C00187,CAM0047,2026-07-08 06:29:39,1,1
A09827,U00431,C00120,CAM0045,2026-03-17 10:24:33,0,0
A09828,U00945,C00197,CAM0054,2025-11-22 19:12:17,1,0
A09829,U00872,C00156,CAM0039,2026-02-28 03:45:58,0,0
A09830,U00637,C00121,CAM0052,2026-05-03 00:41:04,0,1
A09831,U00950,C00169,CAM0048,2025-02-08 15:42:31,1,1
A09832,U00397,C00138,CAM0028,2025-09-21 20:30:45,1,1
A09833,U00423,C00038,CAM0039,2026-04-16 02:59:05,0,0
A09834,U00338,C00180,CAM0036,2026-07-02 05:39:42,0,1
A09835,U00847,C00155,CAM0010,2025-08-15 03:35:52,0,0
A09836,U00322,C00151,CAM0020,2025-03-08 09:33:14,0,0
A09837,U00537,C00053,CAM0043,2026-05-04 10:49:42,1,1
A09838,U00463,C00082,CAM0021,,0,1
A09839,U00983,C00241,CAM0033,2025-06-24 08:25:59,0,0
A09840,U00928,C00170,CAM0047,2026-04-05 18:35:48,0,0
A09841,U00368,C00059,CAM0012,2026-03-21 19:16:50,1,0
A09842,U00811,C00016,CAM0059,2026-03-18 06:59:03,0,1
A09843,U00665,C00222,CAM0023,2026-06-05 06:44:53,0,0
A09844,U00773,C00126,CAM0013,,0,0
A09845,U00666,C00133,CAM0012,2026-01-18 23:13:11,1,0
A09846,U00809,C00186,CAM0005,2025-05-25 03:43:12,1,1
A09847,U00521,C00185,CAM0041,2025-02-22 02:11:47,1,1
A09848,U00723,C00090,CAM0038,,0,0
A09849,U00648,C00042,CAM0059,2025-02-12 13:23:11,0,1
A09850,U00626,C00003,CAM0012,2025-06-02 23:59:02,0,1
A09851,U00112,C00037,CAM0021,2025-03-06 14:55:49,0,0
A09852,U00075,C00105,CAM0030,2025-01-21 04:05:35,1,0
A09853,U00757,C00134,CAM0039,2025-02-10 16:44:10,1,1
A09854,U00470,C00027,CAM0038,2026-05-08 20:51:08,1,1
A09855,U00672,C00109,CAM0005,2025-10-18 21:11:54,1,0
A09856,U00363,C00010,CAM0021,2026-04-30 21:37:34,1,0
A09857,U00770,C00007,CAM0006,2025-12-19 03:10:27,1,0
A09858,U00506,C00131,CAM0045,2025-08-14 17:46:51,1,1
A09859,U00600,C00232,CAM0041,2025-06-20 14:21:07,1,1
A09860,U00172,C00131,CAM0030,2026-02-17 10:47:43,1,0
A09861,U00392,C00076,CAM0050,2025-07-11 22:27:19,0,1
A09862,U00082,C00188,CAM0035,2026-03-18 01:25:17,1,2
A09863,U00342,C00111,CAM0056,2026-01-12 01:58:37,1,0
A09864,U00872,C00202,CAM0053,2026-01-09 23:14:01,1,0
A09865,U00791,C00146,CAM0027,2025-03-13 04:25:13,1,
A09866,U00235,C00245,CAM0058,2026-08-21 03:25:07,0,0
A09867,U00627,C00215,CAM0018,2025-11-02 07:09:46,1,0
A09868,U00416,C00172,CAM0011,2025-10-05 09:30:02,1,0
A09869,U00864,C00198,CAM0034,2026-08-02 00:22:58,1,0
A09870,U00192,C00173,CAM0054,2026-02-08 15:46:20,1,1
A09871,U00284,C00220,CAM0031,2025-05-27 20:06:11,0,1
A09872,U00270,C00052,CAM0023,2025-06-30 00:53:42,1,1
A09873,U00087,C00207,CAM0048,2025-07-05 07:15:04,1,0
A09874,U00658,C00083,CAM0008,2026-06-04 07:34:32,0,0
A09875,U00315,C00103,CAM0015,2025-09-30 14:54:20,0,0
A09876,U00259,C00182,CAM0059,2026-07-14 14:53:42,1,0
A09877,U00697,C00073,CAM0012,2026-05-17 01:44:17,1,0
A09878,U00085,C00123,CAM0053,,0,0
A09879,U00111,C00057,CAM0014,2026-02-03 11:34:32,0,0
A09880,U00622,C00020,CAM0051,2025-01-19 20:27:44,1,1
A09881,U00558,C00080,CAM0019,2026-06-29 07:17:30,0,0
A09882,U00455,C00157,CAM0005,2025-12-13 16:08:06,0,0
A09883,U00183,C00151,CAM0009,2026-01-12 16:44:36,1,1
A09884,U00043,C00033,CAM0019,2025-10-08 13:34:57,0,0
A09885,U00646,C00130,CAM0039,2026-07-26 23:08:45,1,0
A09886,U00045,C00114,CAM0047,2026-02-03 00:19:18,0,0
A09887,U00429,C00189,CAM0018,2025-07-01 15:10:02,0,0
A09888,U00495,C00016,CAM0021,2025-03-20 17:38:06,0,0
A09889,U00746,C00119,CAM0050,2026-03-20 23:41:37,0,0
A09890,U00860,C00031,CAM0048,2026-03-26 12:19:48,0,1
A09891,U00829,C00187,CAM0012,2026-04-03 05:52:23,0,1
A09892,U00046,C00096,CAM0052,2026-03-13 12:47:33,0,0
A09893,U00677,C00008,CAM0028,2026-05-02 01:31:34,1,0
A09894,U00750,C00141,CAM0057,2025-10-14 06:04:54,0,-1
A09895,U00860,C00197,CAM0045,2026-06-15 06:02:59,0,0
A09896,U00041,C00047,,2026-01-02 17:41:06,1,0
A09897,U00005,C00029,CAM0019,2025-05-19 23:15:10,0,0
A09898,U00957,C00124,CAM0031,2026-07-02 12:43:30,0,0
A09899,U00711,C00137,CAM0041,2026-01-28 10:48:32,1,0
A09900,U00279,C00005,CAM0039,2026-02-02 04:07:40,0,1
A09901,U00106,C00088,CAM0011,2025-08-04 01:50:44,0,0
A09902,U00383,C00013,CAM0017,2025-12-11 06:01:22,1,0
A09903,U00791,C00166,CAM0008,2025-01-06 04:48:00,1,0
A09904,U00941,C00003,CAM0037,2026-05-26 10:14:13,0,0
A09905,U00420,C00214,CAM0033,2026-09-01 17:57:04,1,0
A09906,U00463,C00096,CAM0010,2025-12-09 16:39:27,1,1
A09907,U00139,C00007,CAM0004,2026-03-16 19:58:57,0,0
A09908,U00251,C00099,CAM0028,2026-02-24 12:54:45,0,0
A09909,U00486,C00194,CAM0017,2026-05-12 21:46:03,1,0
A09910,U00297,C00147,CAM0055,2025-02-24 22:18:43,1,1
A09911,U00150,C00119,CAM0060,2025-10-11 21:12:08,1,0
A09912,U00728,C00238,CAM0049,,0,0
A09913,U00912,C00068,CAM0047,2025-10-20 04:54:40,0,1
A09914,U00821,C00108,CAM0025,2026-02-27 08:54:31,1,0
A09915,U00639,C00031,CAM0006,2025-05-16 07:49:43,0,0
A09916,U00831,C00219,CAM0042,2026-05-17 03:15:02,1,1
A09917,U00471,C00095,CAM0011,2026-05-25 20:59:38,0,0
A09918,U00477,C00169,CAM0059,2025-08-21 23:22:40,1,0
A09919,U00240,C00048,CAM0019,2025-04-09 06:49:44,1,0
A09920,U00735,C00174,CAM0018,2026-07-17 07:00:19,1,1
A09921,U00884,C00243,CAM0050,2026-06-10 10:12:34,1,0
A09922,U00491,C00105,CAM0054,2026-03-04 19:32:10,0,1
A09923,U00140,C00239,CAM0027,2026-09-14 06:26:59,1,0
A09924,U00839,C00197,CAM0020,2025-02-19 16:19:52,0,0
A09925,U00443,C00115,CAM0025,2026-06-07 08:27:51,1,0
A09926,U00355,C00137,CAM0038,2025-06-10 07:35:08,0,0
A09927,U00382,C00182,CAM0047,2025-08-05 23:55:13,0,0
A09928,U00961,C00053,CAM0054,2026-01-14 22:56:24,1,0
A09929,U00006,C00113,CAM0026,2025-02-03 03:31:05,1,1
A09930,U00534,C00172,CAM0013,2025-11-10 07:35:55,0,1
A09931,U00491,C00069,CAM0041,2025-10-09 05:52:47,1,0
A09932,U00398,C00064,CAM0045,2025-04-02 01:00:19,0,0
A09933,U00925,C00241,CAM0009,2025-09-25 01:24:49,0,0
A09934,U00338,C00038,CAM0028,2026-07-21 10:20:26,0,0
A09935,U00258,C00052,CAM0048,2026-08-11 13:15:26,0,1
A09936,U00172,C00248,CAM0052,2025-09-04 23:25:28,1,0
A09937,U00675,C00157,,2025-11-10 09:09:45,0,1
A09938,U00637,C00225,CAM0031,2026-06-07 09:16:32,0,0
A09939,U00547,C00247,CAM0010,2025-12-27 07:52:55,0,0
A09940,U00857,C00008,,2026-09-05 21:50:52,1,0
A09941,U00073,C00221,CAM0024,2025-02-14 15:14:28,0,0
A09942,U00871,C00195,CAM0007,2026-09-09 10:28:29,0,0
A09943,U00537,C00020,CAM0049,2025-05-30 04:15:41,0,0
A09944,U00875,C00072,CAM0025,2025-09-20 14:25:53,1,0
A09945,U00185,C00110,CAM0039,2025-09-30 09:19:01,1,0
A09946,U00448,C00175,CAM0048,2025-09-12 10:39:31,1,0
A09947,U00582,C00100,CAM0018,2026-03-26 07:09:33,1,0
A09948,U00077,C00236,CAM0035,2025-09-18 16:33:21,0,1
A09949,U00209,C00124,CAM0058,2025-10-29 08:28:45,0,1
A09950,U00625,C00127,CAM0021,2026-02-03 04:09:16,1,0
A09951,U00735,C00091,CAM0011,2025-12-27 12:43:01,1,0
A09952,U00624,C00184,CAM0057,2026-01-14 01:28:03,0,0
A09953,U00554,C00056,CAM0025,2025-05-12 13:32:08,1,0
A09954,U00302,C00051,CAM0052,2025-08-14 06:50:01,1,0
A09955,U00622,C00118,CAM0057,2025-05-03 13:05:47,1,1
A09956,U00637,C00185,CAM0037,2026-09-12 16:49:13,1,0
A09957,U00248,C00176,CAM0060,2025-12-06 23:00:33,0,1
A09958,U00094,C00223,CAM0037,2025-07-29 10:43:52,1,1
A09959,U00936,C00142,CAM0007,2026-09-16 13:55:54,1,1
A09960,U00878,C00064,CAM0029,2025-02-02 15:16:52,1,0
A09961,U00867,C00018,CAM0024,2025-01-20 07:49:01,1,0
A09962,U00519,C00035,CAM0001,2026-08-30 02:05:19,0,0
A09963,U00259,C00202,CAM0010,2025-12-19 05:09:29,1,1
A09964,U00986,C00141,CAM0042,2025-03-06 09:30:54,0,1
A09965,U00194,C00204,CAM0045,2026-01-22 13:44:10,0,0
A09966,U00225,C00137,CAM0043,2025-07-03 18:22:21,0,0
A09967,U00533,C00016,CAM0018,2025-11-07 01:30:08,0,0
A09968,U00338,C00183,CAM0059,2026-05-03 22:14:14,0,0
A09969,U00214,C00207,CAM0057,2026-07-22 03:26:07,1,1
A09970,U00320,C00047,CAM0029,2026-07-11 00:24:26,1,0
A09971,U00838,C00176,CAM0011,2025-02-27 21:49:56,1,0
A09972,U00879,C00040,CAM0038,2026-04-04 01:09:47,1,1
A09973,U00164,C00017,CAM0050,2025-11-06 13:51:36,0,0
A09974,U00525,C00016,CAM0011,2025-03-15 20:30:40,0,0
A09975,U00225,C00083,CAM0019,2026-07-31 10:52:45,0,0
A09976,U00749,C00209,CAM0053,2025-11-15 05:21:13,0,0
A09977,U00977,C00176,CAM0007,2026-08-14 08:01:42,1,0
A09978,U00148,C00216,CAM0023,2026-04-22 12:24:32,0,0
A09979,U00172,C00127,CAM0031,2025-09-08 21:56:09,1,0
A09980,U00720,C00124,CAM0022,2025-08-15 11:12:15,0,1
A09981,U00534,C00034,CAM0018,2025-11-21 18:31:12,0,0
A09982,U00381,C00079,CAM0021,2025-11-17 18:49:13,1,0
A09983,U00307,C00111,CAM0033,2025-04-22 05:44:50,1,0
A09984,U00961,C00234,CAM0034,2025-09-25 14:00:01,0,0
A09985,U00738,C00248,CAM0018,2025-08-20 17:21:33,0,0
A09986,U00351,C00128,CAM0030,2026-04-25 15:44:36,0,0
A09987,U00578,C00189,CAM0038,2026-09-02 21:05:15,0,1
A09988,U00732,C00006,,2026-06-07 00:04:50,1,0
A09989,U00665,C00015,CAM0012,2026-07-15 20:16:48,1,1
A09990,U00857,C00122,CAM0054,2025-02-06 13:03:36,1,0
A09991,U00947,C00002,CAM0035,2025-09-09 13:24:48,1,0
A09992,U00093,C00144,CAM0006,2025-07-25 04:41:02,1,0
A09993,U00512,C00059,CAM0047,2025-02-26 02:00:43,0,0
A09994,U00199,C00136,CAM0060,2025-06-20 05:43:45,1,0
A09995,U00822,C00066,CAM0009,2025-03-15 05:26:33,0,1
A09996,U00287,C00068,CAM0027,2026-02-20 23:27:09,0,1
A09997,U00853,C00241,CAM0012,2025-10-29 07:38:02,0,0
A09998,U00608,C00176,CAM0005,2026-06-15 14:09:57,0,1
A09999,U00351,C00118,CAM0052,2026-02-07 09:06:39,1,0
A10000,U00347,C00052,CAM0042,2025-03-31 18:00:57,0,0
A01347,U00641,C00029,CAM0032,2026-02-26 10:32:12,1,0
A05280,U00566,C00086,CAM0028,2025-01-06 19:33:23,0,1
A05891,U00752,C00149,CAM0046,2026-01-16 21:17:33,0,1
A03229,U00846,C00169,CAM0012,2025-09-09 22:52:22,1,0
A05450,U00968,C00211,CAM0050,2025-10-14 04:53:14,0,0
A04990,U00895,C00151,CAM0029,2026-02-15 23:47:07,1,0
A05715,U00819,C00190,CAM0059,2026-06-24 22:10:33,1,1
A08360,U00223,C00148,CAM0016,2025-03-12 05:26:33,0,0
A07299,U00899,C00109,CAM0052,2026-01-28 19:33:52,0,0
A07187,U00216,C00161,CAM0021,2026-04-19 02:23:56,0,0
A00934,U00888,C00188,CAM0009,2025-08-22 04:26:56,0,1
A04608,U00873,C00070,CAM0026,2025-03-10 02:55:12,0,0
A04823,U00206,C00022,CAM0031,2026-07-07 15:04:47,1,0
A07427,U00353,C00162,CAM0019,2026-02-08 12:47:39,1,0
A09324,U00209,C00129,CAM0004,2025-04-06 08:56:17,0,1
A08798,U00674,C00171,CAM0035,2026-07-25 04:55:19,1,0
A05487,U00531,C00096,CAM0011,2025-01-22 02:06:35,1,0
A09256,U00186,C00062,CAM0050,2025-08-28 05:14:22,1,1
A02264,U00232,C00098,CAM0042,2025-06-25 04:00:05,0,0
A02981,U00595,C00119,CAM0039,2026-02-08 11:05:07,1,0
A05741,U00674,C00007,CAM0046,2026-03-02 14:05:39,0,0
A06117,U00631,C00134,CAM0003,2025-12-24 23:23:09,0,0
A05926,U00057,C00231,CAM0029,2026-03-18 12:42:31,1,1
A03212,U00360,C00069,CAM0015,2025-02-19 05:55:42,1,1
A02077,U00066,C00237,CAM0057,2025-07-18 13:00:16,1,clicked
A09233,U00250,C00197,CAM0018,2025-08-18 17:16:19,0,0
A00832,U00107,C00056,CAM0005,2025-03-13 18:01:11,1,0
A08909,U00792,C00002,CAM0037,2025-03-19 10:04:37,0,1
A09340,U00354,C00194,CAM0045,2025-11-16 14:13:30,1,1
A06243,U00230,C00166,CAM0001,2025-03-08 20:54:25,0,0
A06297,U00432,C00219,CAM0056,2026-09-07 03:05:25,0,1
A09866,U00235,C00245,CAM0058,2026-08-21 03:25:07,0,0
A00510,U00171,C00187,,2025-12-12 08:54:30,0,0
A02030,U00399,C00087,CAM0039,2025-11-29 14:40:27,0,1
A02645,U00711,C00164,CAM0045,2026-09-16 13:03:26,0,1
A05388,U00838,C00099,CAM0025,2026-06-19 02:38:48,0,0
A09169,U00718,C00130,CAM0045,2025-12-08 12:20:22,0,0
A01167,U00711,C00222,CAM0001,2026-07-10 20:18:59,1,1
A07158,U00359,C00023,CAM0003,2026-03-09 11:40:14,1,0
A00168,U00798,C00092,CAM0031,2026-06-12 14:40:10,0,1
A05326,U00432,C00087,CAM0039,2025-04-28 00:14:05,1,1
A05860,U00538,C00173,CAM0010,2025-06-24 20:27:09,0,0
A04378,U00478,C00026,CAM0055,2025-08-02 00:39:39,1,1
A06070,U00092,C00039,CAM0005,2025-08-04 13:35:21,1,0
A07599,U00976,C00118,CAM0010,2025-11-17 09:34:36,1,0
A04435,U00635,C00004,CAM0056,2026-04-14 13:09:23,1,0
A06523,U00283,C00164,CAM0014,2025-11-06 10:01:44,0,0
A05247,U00432,C00090,CAM0045,2025-12-12 03:32:59,0,0
A05549,U00622,C00038,CAM0038,2025-05-28 14:07:11,0,1
A08743,U00721,C00147,CAM0004,2026-04-15 08:25:51,1,1
A08806,U00635,C00164,CAM0017,2025-02-07 08:22:49,0,0
A06298,U00176,C00153,CAM0054,2026-07-13 06:12:20,1,0
A07432,U00541,C00019,CAM0007,2025-08-11 23:41:50,0,0
A09510,U00634,C00143,CAM0011,2025-10-22 19:05:26,0,0
A07598,U00228,C00221,CAM0022,2026-01-18 00:56:14,yes,1
A08335,U00859,C00152,CAM0059,2026-04-19 10:24:23,0,0
A07606,U00979,C00243,,2026-01-11 19:46:22,1,0
A09693,U00867,C00177,CAM0009,,1,0
A05851,U00084,C00030,CAM0027,2026-07-21 22:49:40,1,0
A09360,U00696,C00240,CAM0016,2025-04-26 07:31:21,0,0
A03159,U00925,C00073,CAM0017,2026-01-05 17:46:32,1,0
A04395,U00174,C00058,CAM0020,2026-02-02 21:23:43,1,0
A09609,U00140,C00078,CAM0034,2026-06-03 22:08:38,1,0
A02914,U00493,C00214,CAM0056,2026-01-01 20:19:26,1,0
A00734,U00019,C00007,CAM0060,2025-05-06 09:12:25,1,1
A07495,U00022,C00228,CAM0057,2026-07-23 16:30:01,1,1
A08431,U00640,C00116,CAM0002,2026-05-15 17:13:45,0,0
A02338,U00422,C00156,CAM0035,2025-03-19 07:35:14,1,0
A04304,U00531,C00011,CAM0043,2026-03-17 12:48:07,0,0
A00948,U00647,C00015,CAM0028,2026-06-23 10:10:43,0,1
A04967,U00234,C00098,CAM0023,2026-07-07 16:38:19,1,0
A03101,U00054,C00190,CAM0013,2026-02-24 09:44:47,1,0
A04725,U00396,C00223,CAM0021,2025-02-25 14:55:22,0,1
A09403,U00950,C00153,CAM0047,2026-04-22 15:04:34,0,0
A03405,U00749,C00196,CAM0016,2025-02-20 19:58:24,0,0
A05236,U00493,C00141,CAM0047,2025-04-22 00:37:33,0,1
A00655,U00239,C00246,CAM0048,2025-03-26 21:32:19,1,0
A02832,U00645,C00142,CAM0053,2026-04-16 01:17:54,0,0
A02773,U00466,C00235,CAM0004,2026-05-22 12:37:02,0,0
A08824,U00249,C00045,CAM0004,2025-02-01 09:19:30,0,0
A00192,U00780,C00214,CAM0024,2026-09-08 11:51:52,0,0
A09467,U00590,C00003,CAM0009,2025-10-06 11:29:18,1,0
A06988,U00006,C00249,CAM0026,2026-01-02 20:38:28,1,1
A04272,U00948,C00228,CAM0055,2025-05-09 19:15:03,1,0
A01524,U00804,C00037,CAM0051,2026-03-26 22:17:31,0,0
A08639,U00326,C00044,CAM0046,2025-07-08 06:05:07,0,0
A06860,U00257,C00225,CAM0046,2025-08-11 07:44:10,1,1
A03864,U00553,C00075,CAM0026,2025-12-05 11:46:37,0,0
A06540,U00252,C00232,CAM0012,2025-11-06 08:30:45,0,0
A07376,U00996,C00124,CAM0040,2025-10-16 12:05:10,0,1
A03336,U00516,C00135,CAM0018,2025-03-09 13:15:04,1,0
A07179,U00730,C00176,CAM0041,2025-03-13 02:34:30,0,0
A07214,U00077,C00182,CAM0040,2026-08-02 05:07:37,0,0
A09399,U00567,C00022,CAM0013,2025-04-03 01:03:48,1,0
A03261,U00223,C00029,CAM0018,2025-12-29 06:01:59,1,1
A05734,U00301,C00233,CAM0035,2026-03-20 22:00:01,1,0
A04738,U00021,C00116,CAM0045,2025-05-10 09:03:10,1,0
A08919,U00811,C00213,CAM0057,2026-03-15 05:52:20,1,0
A09517,U00739,C00115,CAM0050,2025-03-01 13:40:47,1,0
A04080,U00978,C00155,CAM0045,2025-06-25 14:48:10,1,1
A00287,U00622,C00007,CAM0016,2026-07-10 21:19:51,1,0
A08011,U00281,C00039,CAM0022,2025-03-02 19:05:30,0,0
A00310,U00293,C00055,CAM0057,2026-09-12 03:08:04,1,0
A00150,U00048,C00105,CAM0040,2025-11-08 19:13:18,1,1
A00012,U99999,C00112,CAM0046,2025-05-06 21:55:49,0,0
A04978,U00275,C00158,CAM0018,2025-07-27 15:04:50,0,0
A09775,U00790,C00228,CAM0018,2025-12-21 01:16:43,0,0
A01907,U00438,C00095,CAM0043,2025-06-13 10:01:16,1,0
A04363,U00366,C00165,CAM0030,2025-07-29 12:55:37,1,0
A01846,U00056,C00097,CAM0020,2026-09-15 15:46:20,0,1
A02530,U00915,C00112,CAM0044,2026-08-12 04:44:17,0,0
A08585,U00554,C00050,CAM0004,2026-01-24 21:36:05,0,1
A00777,U00431,C00026,CAM0005,2026-04-09 21:20:12,1,0
A04438,U00121,C00102,CAM0049,2026-07-03 17:51:03,1,1
A09149,U00260,C00202,CAM0018,2025-09-18 09:42:03,1,0
A09668,U00629,C99999,CAM0049,2026-08-11 22:03:15,1,1
A05395,U00942,C00104,CAM0008,2026-05-28 06:12:04,1,1
A07675,U00027,C00155,CAM0048,2025-02-28 00:50:43,1,1
A08569,U00159,C00175,CAM0004,2025-02-24 01:13:55,0,0
A04034,U00209,C00025,CAM0017,2025-04-11 19:21:23,0,0
