subscription_id,user_id,plan,start_date,status
S00001,U00404,Family,2024-12-08,cancelled
S00002,U00253,Basic,2025-02-18,expired
S00003,U00157,Family,2025-11-07,paused
S00004,U00139,Standard,2026-07-28,active
S00005,U00724,Premium,2026-03-25,cancelled
S00006,U00319,Standard,2024-07-04,cancelled
S00007,U00942,Gold,2026-04-06,cancelled
S00008,U00284,Premium,2024-11-06,active
S00009,U00606,Standard,2026-04-04,paused
S00010,U00010,Basic,2024-12-12,expired
S00011,U00530,Family,,cancelled
S00012,U00232,Standard,2024-07-27,active
S00013,U00850,Standard,2025-08-10,paused
S00014,U00896,Premium,2025-11-01,active
S00015,U00131,Basic,2024-12-28,expired
S00016,U00812,Standard,2026-07-17,expired
S00017,U00972,Standard,2025-03-29,paused
S00018,U00957,Standard,2024-08-29,cancelled
S00019,U00026,Family,2025-09-29,cancelled
S00020,U00076,Basic,2026-06-28,paused
S00021,U00666,Family,2026-03-14,cancelled
S00022,U00854,Basic,2025-01-14,cancelled
S00023,U00425,Standard,2025-10-24,expired
S00024,U00234,Family,2024-12-14,expired
S00025,U00970,,2025-01-29,paused
S00026,U00537,Basic,2025-10-06,expired
S00027,U00720,Standard,2025-08-23,paused
S00028,U00119,Family,2025-07-10,
S00029,U00392,Standard,2026-07-26,paused
S00030,U00764,Family,2025-07-28,cancelled
S00031,U00415,Standard,2025-03-08,paused
S00032,U00313,Premium,2024-09-07,cancelled
S00033,U00079,Premium,2024-09-01,cancelled
S00034,U00869,Family,2026-07-08,cancelled
S00035,U00849,Premium,2026-02-11,expired
S00036,U00316,Standard,2026-03-17,active
S00037,U00504,Premium,2025-10-27,paused
S00038,U00577,Standard,2025-11-19,cancelled
S00039,U00233,Family,2025-04-29,paused
S00040,U00606,Basic,2024-10-05,cancelled
S00041,U00004,Standard,2026-05-11,active
S00042,U00974,Basic,2025-11-18,unknown
S00043,U00402,Basic,,active
S00044,U00549,Premium,2025-03-02,active
S00045,,Family,2026-01-07,active
S00046,U00521,Family,2026-04-04,paused
S00047,U00137,Basic,2026-05-26,active
S00048,U00968,Standard,2026-05-14,cancelled
S00049,U00977,Standard,2025-02-16,active
S00050,U00766,Family,2025-12-22,expired
S00051,U00130,Standard,2025-09-14,cancelled
S00052,U00136,Standard,2024-11-25,active
S00053,U00271,PREM,2026-07-22,paused
S00054,U00824,Premium,2026-01-13,cancelled
S00055,U00800,Standard,2025-12-23,cancelled
S00056,U00317,Family,2026-01-10,active
S00057,U00689,Family,2024-06-05,ACTIVE 
S00058,U00182,Basic,2025-09-07,expired
S00059,U00771,Basic,2024-12-02,paused
S00060,U00064,Premium,2025-01-19,active
S00061,U00526,Premium,2024-09-15,expired
S00062,U00146,Basic,2026-03-23,active
S00063,UNKNOWN,Standard,2025-04-19,active
S00064,U00557,Standard,2026-02-28,paused
S00065,U00349,Standard,2026-06-16,cancelled
S00066,U00351,Family,2026-04-09,expired
S00067,U00115,Basic,2025-01-23,active
S00068,U00261,Standard,2024-12-11,expired
S00069,U00482,Family,2025-08-30,cancelled
S00070,U00406,Basic,2026-06-27,cancelled
S00071,U00583,Standard,2025-08-19,cancelled
S00072,U00985,Basic,2025-01-16,paused
S00073,U00949,Premium,2026-06-30,paused
S00074,U00035,Premium,2025-04-17,active
S00075,U00982,Family,2025-12-11,active
S00076,U00452,Standard,2026-08-06,paused
S00077,U00379,Premium,2026-06-24,active
S00078,U00259,Basic,2025-07-16,active
S00079,U00888,Premium,2025-07-21,cancelled
S00080,U00939,Standard,2025-09-15,ACTIVE 
S00081,U00303,Basic,2026-08-27,cancelled
S00082,U00763,Premium,2026-08-06,paused
S00083,U00848,Premium,2025-08-13,cancelled
S00084,U00905,Family,2025-07-08,cancelled
S00085,U00495,Family,2025-01-03,
S00086,U00141,Basic,2025-08-23,cancelled
S00087,U00785,Premium,2025-12-24,paused
S00088,U00478,Standard,2025-12-06,cancelled
S00089,UNKNOWN,Premium,2025-02-01,paused
S00090,U00670,Family,2024-06-01,paused
S00091,U00157,Premium,2025-04-18,cancelled
S00092,U00814,Premium,2025-09-02,cancelled
S00093,U00653,Family,2024-06-04,cancelled
S00094,U00478,Family,,cancelled
S00095,U00932,Standard,2025-10-31,paused
S00096,U00213,Basic,2024-10-03,paused
S00097,U00386,Family,2026-02-14,expired
S00098,U00447,Basic,2025-06-27,expired
S00099,U00202,Family,2026-02-09,cancelled
S00100,U00524,Family,2024-12-25,cancelled
S00101,U00513,Premium,2025-12-01,cancelled
S00102,U00803,Standard,2024-06-08,cancelled
S00103,U00131,Premium,2025-07-02,paused
S00104,U00165,Basic,2024-12-30,expired
S00105,U00297,Premium,2024-12-12,unknown
S00106,U00927,Premium,2024-09-15,expired
S00107,U00661,Standard,2025-01-20,cancelled
S00108,U00744,Premium,2025-03-02,cancelled
S00109,U00319,Premium,2024-06-24,active
S00110,U00377,Basic,2024-10-26,paused
S00111,U00673,Basic,2026-06-10,cancelled
S00112,,,2025-07-21,paused
S00113,U00982,Standard,2026-06-21,paused
S00114,U00943,Family,2026-08-22,cancelled
S00115,U00639,Premium,2025-05-07,expired
S00116,U00173,Basic,2025-08-10,active
S00117,U00248,Basic,2026-02-23,paused
S00118,U00725,Basic,2024-11-02,active
S00119,U00367,Standard,2026-03-01,active
S00120,U00474,Premium,2026-02-05,cancelled
S00121,U00490,Family,2026-07-08,paused
S00122,U00098,Basic,2025-12-03,active
S00123,,Premium,2026-05-11,expired
S00124,U00397,Premium,2026-99-99,expired
S00125,U00197,Premium,2024-06-21,active
S00126,U00130,Premium,2025-08-18,expired
S00127,U00689,Premium,2025-05-04,expired
S00128,U00591,Family,2024-12-06,expired
S00129,U00338,Premium,2026-06-29,paused
S00130,U00557,Standard,2025-10-28,cancelled
S00131,U00628,Basic,2024-06-29,paused
S00132,U00238,Basic,2025-05-10,expired
S00133,U00206,Premium,2025-11-05,expired
S00134,U00170,Standard,2024-06-15,expired
S00135,U00516,Standard,2026-04-11,paused
S00136,U00195,Premium,2025-07-10,expired
S00137,U00687,Family,2024-06-25,expired
S00138,U00853,Family,,active
S00139,U00626,Premium,2026-04-07,expired
S00140,U00056,Basic,2026-03-14,expired
S00141,U00560,Premium,2026-05-18,active
S00142,U00967,Family,2026-06-27,paused
S00143,U00891,Basic,2024-12-18,paused
S00144,U00456,Standard,2026-04-03,paused
S00145,U00775,Family,2025-01-19,active
S00146,U00210,Basic,2025-02-16,active
S00147,U00309,Family,2026-06-01,cancelled
S00148,U00389,Premium,2025-02-22,active
S00149,U00111,Premium,2026-02-07,cancelled
S00150,U00153,Basic,2025-07-07,paused
S00151,U00423,Premium,not-a-date,active
S00152,U00737,Standard,2025-01-12,cancelled
S00153,U00435,Basic,2025-02-26,unknown
S00154,U00433,Gold,2026-05-08,active
S00155,U00731,Premium,2025-08-19,cancelled
S00156,U99999,Premium,2025-01-23,active
S00157,U00645,Basic,2026-05-23,paused
S00158,U00574,Premium,2024-06-24,cancelled
S00159,U00252,Family,2025-01-11,paused
S00160,U00871,Standard,2025-03-18,active
S00161,U00201,Basic,2025-11-11,cancelled
S00162,U00732,Basic,2024-11-04,expired
S00163,U00192,Family,2025-09-24,paused
S00164,U00077,Family,2026-07-19,active
S00165,U00464,Basic,2026-06-15,paused
S00166,U00047,Premium,2025-04-30,cancelled
S00167,U99999,Premium,2024-07-09,active
S00168,U00583,Premium,2024-11-13,unknown
S00169,U00973,Basic,2025-11-11,expired
S00170,U00153,Family,2025-10-17,expired
S00171,U00581,Family,2025-07-27,expired
S00172,U00212,Premium,2024-08-16,active
S00173,U00444,Family,2026-01-07,cancelled
S00174,U00079,Family,2024-07-24,active
S00175,U00876,Family,2026-06-16,active
S00176,U00803,Family,2024-11-30,cancelled
S00177,U00087,Basic,2025-08-05,cancelled
S00178,U00355,Family,2026-08-02,cancelled
S00179,U00449,Basic,2024-08-14,cancelled
S00180,U00418,Standard,2025-07-05,paused
S00181,U00907,Basic,2026-08-17,active
S00182,U00080,Family,2025-09-26,expired
S00183,U00493,Standard,2026-05-04,active
S00184,U00645,Standard,not-a-date,active
S00185,U00034,Family,2024-12-23,expired
S00186,U00322,Family,2024-10-24,active
S00187,UNKNOWN,Family,2024-10-10,expired
S00188,U00263,Family,2025-11-21,cancelled
S00189,U00275,Premium,2024-06-21,cancelled
S00190,U00510,Basic,2025-08-05,active
S00191,U00704,Premium,2024-11-12,paused
S00192,U00601,Basic,2026-08-17,active
S00193,U00344,Family,2025-10-31,active
S00194,U00194,Standard,2024-09-02,paused
S00195,U00540,Basic,2025-01-18,paused
S00196,U00382,Family,2026-04-04,paused
S00197,U00973,Premium,2024-07-05,active
S00198,U00176,Standard,2025-10-03,cancelled
S00199,U00405,Standard,2025-08-29,expired
S00200,U00336,Standard,2024-12-30,expired
S00201,U00982,Premium,2026-06-07,
S00202,U00966,Basic,2025-09-26,expired
S00203,U00075,Standard,2024-07-22,
S00204,U00969,Standard,2025-09-05,expired
S00205,U00094,Basic,2024-08-20,expired
S00206,U00578,Basic,2024-11-16,expired
S00207,U00595,Family,2024-10-27,active
S00208,U00048,Premium,2025-08-04,cancelled
S00209,U00297,Premium,2026-01-27,
S00210,U00461,Standard,2024-06-16,cancelled
S00211,U00909,Basic,2026-08-20,expired
S00212,U00878,Basic,2025-09-02,expired
S00213,U00128,Standard,2025-04-29,expired
S00214,U00237,Basic,2025-09-05,active
S00215,U00749,PREM,2024-08-14,active
S00216,U00034,Family,,cancelled
S00217,U00053,Basic,2024-10-30,active
S00218,U00564,Premium,2025-07-21,cancelled
S00219,U99999,Basic,2025-07-07,active
S00220,U00063,Standard,2025-04-07,cancelled
S00221,U00928,Premium,2025-04-26,cancelled
S00222,U00092,Standard,2025-09-13,active
S00223,U00259,Basic,2026-06-16,active
S00224,U00828,Standard,2025-03-29,paused
S00225,U00699,Family,2025-02-05,paused
S00226,U00056,Basic,2024-12-25,paused
S00227,U00640,Family,2024-12-12,cancelled
S00228,U00413,Standard,,expired
S00229,U00245,Premium,2025-10-13,active
S00230,U00753,Premium,2025-04-21,active
S00231,U00523,Premium,,paused
S00232,U00358,Basic,2025-12-20,cancelled
S00233,U00752,Family,2025-12-28,active
S00234,U00753,Family,2026-06-03,active
S00235,U00996,Premium,2024-10-26,expired
S00236,U00068,Premium,2025-01-14,paused
S00237,U00385,Family,2025-12-13,active
S00238,U00767,Basic,2025-11-04,paused
S00239,U00310,Standard,2024-06-04,expired
S00240,U00700,Premium,2026-05-27,active
S00241,U00389,Standard,2024-09-03,paused
S00242,U00353,Standard,2025-07-31,paused
S00243,U00067,Standard,2025-05-25,active
S00244,U00776,Basic,2025-05-23,expired
S00245,U00204,Standard,2025-07-04,expired
S00246,U00180,Basic,2024-10-10,expired
S00247,U00314,Premium,2024-09-03,paused
S00248,U00829,Standard,2026-01-03,active
S00249,U00523,Basic,2026-08-23,paused
S00250,U00710,Family,2026-01-13,paused
S00251,U00580,Premium,2025-09-21,paused
S00252,U00006,Family,2024-12-10,expired
S00253,U00864,Basic,2026-02-24,expired
S00254,U00839,Family,2024-08-29,expired
S00255,U00435,Standard,2026-04-11,cancelled
S00256,U00406,Family,2024-08-03,paused
S00257,U00795,Family,2025-12-04,active
S00258,U00376,Standard,2026-01-07,expired
S00259,U00231,PREM,2025-11-04,expired
S00260,U00324,Premium,2025-06-10,active
S00261,U00715,Family,2026-01-17,expired
S00262,U00386,Basic,2025-04-07,active
S00263,UNKNOWN,Basic,2024-07-08,expired
S00264,U00129,Premium,2024-09-15,active
S00265,U00387,Basic,2026-01-09,expired
S00266,U00515,Family,2024-12-20,paused
S00267,U00360,Premium,2026-07-15,cancelled
S00268,U00319,Premium,2024-07-07,cancelled
S00269,U00983,Premium,2026-03-10,active
S00270,U00981,Basic,2025-10-05,paused
S00271,U00338,Family,2024-12-14,cancelled
S00272,U00604,Basic,2024-11-10,cancelled
S00273,U00313,Standard,2025-08-22,expired
S00274,U00498,Premium,2024-10-07,paused
S00275,U00574,Standard,2024-12-20,expired
S00276,U00741,Basic,2026-02-22,cancelled
S00277,U00739,Family,2024-10-11,paused
S00278,U00653,Basic,2024-07-25,active
S00279,U00648,Family,2024-06-21,active
S00280,U00342,Basic,2024-06-22,active
S00281,U00713,Family,2025-03-16,paused
S00282,U00252,PREM,2025-04-14,cancelled
S00283,U00191,Premium,2025-03-15,paused
S00284,U00019,Family,2026-05-06,paused
S00285,U00916,Premium,2024-08-12,active
S00286,UNKNOWN,Premium,2025-09-21,paused
S00287,U00619,Standard,2026-07-04,expired
S00288,U00292,Standard,2025-09-29,cancelled
S00289,U00200,Gold,2024-08-17,expired
S00290,U00912,Standard,2024-10-23,paused
S00291,U00966,Basic,2026-99-99,expired
S00292,U00889,Family,2025-10-10,paused
S00293,U00983,Basic,2025-05-29,expired
S00294,U00627,Premium,2024-12-20,unknown
S00295,U00925,Standard,2025-04-20,paused
S00296,U00029,Standard,2025-05-11,expired
S00297,U00629,Standard,2025-05-14,paused
S00298,U00893,Premium,2026-01-24,cancelled
S00299,U00625,Gold,2025-06-15,paused
S00300,U00832,Premium,2025-02-04,expired
S00301,U00121,Premium,2024-06-30,active
S00302,U00244,Family,2026-05-21,active
S00303,U00804,Basic,2026-04-16,cancelled
S00304,U00463,Premium,2024-12-03,expired
S00305,U00316,Family,2024-09-24,expired
S00306,U00024,Family,2024-07-24,active
S00307,U00424,Basic,2025-09-13,expired
S00308,U00159,Family,2025-04-06,expired
S00309,U00423,Premium,2026-02-13,active
S00310,U00392,Basic,2025-02-23,paused
S00311,U00251,Standard,2025-06-29,paused
S00312,U00586,Premium,2026-03-16,
S00313,U00017,Standard,2026-06-02,expired
S00314,U00917,Basic,2025-12-04,active
S00315,U00274,Premium,2024-11-02,expired
S00316,U00169,Standard,2026-03-28,cancelled
S00317,U00592,Standard,2024-11-23,expired
S00318,U00367,Basic,2026-01-19,paused
S00319,U00060,Basic,2026-08-23,paused
S00320,U00311,Basic,2025-09-09,cancelled
S00321,U00599,Family,2025-11-21,cancelled
S00322,U00572,Premium,2025-01-31,paused
S00323,U00448,,2024-07-09,cancelled
S00324,U00659,Standard,2026-01-28,expired
S00325,U00668,Premium,2025-04-12,cancelled
S00326,U00235,Premium,2026-04-18,cancelled
S00327,U00919,Premium,2025-05-10,expired
S00328,U00379,Premium,2025-01-10,expired
S00329,U00781,Standard,2024-07-27,active
S00330,U00003,Basic,2024-12-15,paused
S00331,U00539,Basic,2026-02-10,cancelled
S00332,U00378,Standard,2026-08-26,paused
S00333,U00980,Basic,2026-07-03,expired
S00334,U00313,Premium,2025-07-19,paused
S00335,U00896,Standard,2024-09-27,paused
S00336,U00293,Basic,2024-07-20,expired
S00337,U00539,Basic,2024-10-17,paused
S00338,U00125,Family,2026-05-26,expired
S00339,U00368,Family,2024-12-09,cancelled
S00340,U00261,Standard,2025-07-07,paused
S00341,U00026,Family,2025-07-29,active
S00342,U00245,Family,2025-07-03,cancelled
S00343,U00912,Basic,2025-02-03,expired
S00344,U00486,Standard,2024-10-16,active
S00345,U00053,Premium,2025-03-22,active
S00346,U00799,Family,2026-02-20,paused
S00347,U00352,Family,2025-01-06,expired
S00348,U00212,PREM,2026-04-14,active
S00349,U00979,Basic,2024-08-16,paused
S00350,U00507,Premium,2026-04-19,active
S00351,U00680,PREM,2026-02-03,expired
S00352,U00465,Basic,2026-03-03,expired
S00353,U00468,Premium,2026-03-31,
S00354,U00787,Family,2026-03-22,expired
S00355,U00807,Basic,2026-04-02,paused
S00356,U00404,,2025-03-24,cancelled
S00357,U00252,Standard,2026-04-01,cancelled
S00358,U00949,Premium,2025-06-04,active
S00359,U00025,Basic,2025-03-14,paused
S00360,U00916,Family,2025-09-01,paused
S00361,U00716,Family,2026-08-26,active
S00362,U00521,Premium,2024-10-24,active
S00363,U00024,Standard,2024-06-02,expired
S00364,U00316,Basic,2025-10-04,expired
S00365,U00035,Premium,2025-05-04,paused
S00366,U00957,Family,2025-07-04,paused
S00367,U00530,Family,2025-02-16,paused
S00368,U00337,Premium,2024-11-10,active
S00369,U00343,Basic,2025-09-29,paused
S00370,U00475,Standard,2024-11-01,active
S00371,U00810,Standard,2024-10-03,paused
S00372,U00049,Basic,2025-06-02,expired
S00373,U99999,Basic,2024-10-26,cancelled
S00374,U00851,Premium,2024-06-18,expired
S00375,U00415,Family,2025-02-13,cancelled
S00376,U00121,PREM,2024-07-02,active
S00377,U00546,Standard,,paused
S00378,U00117,Premium,2024-07-12,active
S00379,U00346,Family,2025-09-29,expired
S00380,U00866,Family,2025-04-17,paused
S00381,U00005,Family,2025-01-08,expired
S00382,U00793,Premium,2025-05-20,active
S00383,U00692,Family,2025-01-08,expired
S00384,U00181,Family,2024-10-12,cancelled
S00385,U00068,Family,2025-10-15,active
S00386,U00712,Basic,2025-08-29,paused
S00387,UNKNOWN,Premium,2025-11-30,cancelled
S00388,U00930,Standard,2026-01-11,cancelled
S00389,U00899,Premium,2025-10-10,paused
S00390,UNKNOWN,Standard,2025-12-26,paused
S00391,U00204,Family,2025-11-30,expired
S00392,U00166,Standard,2026-07-13,cancelled
S00393,U00304,Basic,2026-01-25,active
S00394,U00796,Standard,2026-08-06,paused
S00395,U00822,Basic,2026-04-13,active
S00396,U00333,Standard,2024-12-12,paused
S00397,U00568,Premium,2026-04-01,expired
S00398,U00740,PREM,2024-08-16,cancelled
S00399,U00803,Family,2026-04-15,cancelled
S00400,U00319,Standard,2024-12-28,paused
S00401,U00487,Basic,2024-07-15,active
S00402,U99999,Premium,2024-12-11,expired
S00403,U00100,Premium,2026-01-23,active
S00404,U00157,Premium,2026-04-20,expired
S00405,U00304,Basic,2026-06-14,paused
S00406,U00604,Family,2025-05-01,paused
S00407,U00057,Standard,2026-05-19,active
S00408,U00540,Basic,2024-10-17,cancelled
S00409,U00630,Basic,2024-06-16,paused
S00410,U00073,Premium,2025-11-30,cancelled
S00411,U00680,Basic,2024-06-10,cancelled
S00412,U00626,Standard,2026-02-14,expired
S00413,U00878,Basic,2026-01-27,paused
S00414,U99999,Premium,2025-12-24,active
S00415,U00881,Premium,2025-12-12,active
S00416,U00151,Premium,not-a-date,expired
S00417,U00500,Standard,2024-10-03,expired
S00418,U00039,Standard,2026-02-20,expired
S00419,U00405,Standard,2026-05-22,unknown
S00420,U00474,Standard,2026-02-20,cancelled
S00421,U00269,Family,2026-06-14,paused
S00422,U00144,Family,2025-03-25,cancelled
S00423,U00511,Basic,2026-02-07,active
S00424,U00637,Basic,2025-12-17,cancelled
S00425,U00741,Basic,2024-06-10,cancelled
S00426,U00854,Premium,2026-03-03,paused
S00427,U00196,Premium,2026-08-26,active
S00428,U00592,Family,2025-11-13,cancelled
S00429,U00539,Premium,2024-08-09,expired
S00430,U00068,Standard,2026-05-22,paused
S00431,U00337,Premium,2024-07-22,cancelled
S00432,U00494,Basic,2024-06-24,cancelled
S00433,U00024,Premium,2024-07-01,paused
S00434,U00717,Basic,2025-04-26,cancelled
S00435,U00893,Premium,2024-08-20,cancelled
S00436,U00160,Family,2025-03-19,cancelled
S00437,U00408,,2025-12-09,paused
S00438,U00197,Family,2025-06-06,expired
S00439,U00063,Basic,2024-11-21,paused
S00440,U00303,Basic,2024-09-30,paused
S00441,U00998,Basic,2026-08-21,cancelled
S00442,U00242,Basic,2025-07-30,cancelled
S00443,U00335,Premium,2026-05-02,expired
S00444,U00409,Family,2025-12-23,cancelled
S00445,U00939,Family,2026-04-17,active
S00446,U00674,Family,2026-02-10,expired
S00447,U00177,Family,2024-11-04,expired
S00448,U00201,Standard,2025-07-12,paused
S00449,U00982,PREM,2025-07-04,paused
S00450,U00734,Family,2025-10-21,expired
S00451,U00655,Basic,2025-11-14,paused
S00452,U00722,Family,2025-08-26,active
S00453,U00011,Premium,2024-10-17,expired
S00454,U00314,Premium,2026-04-26,expired
S00455,U00080,Basic,2026-07-13,cancelled
S00456,U00514,Standard,2025-04-23,active
S00457,U00294,Premium,2025-06-04,expired
S00458,U00238,Basic,2026-01-25,paused
S00459,U00209,Family,2024-06-08,paused
S00460,U00497,Standard,2025-10-13,paused
S00461,U00300,Standard,2025-12-27,active
S00462,U99999,Family,2024-08-22,expired
S00463,U00163,Premium,2026-03-01,cancelled
S00464,U00985,Family,2025-01-05,paused
S00465,U00856,Family,2024-09-13,expired
S00466,U00029,Basic,2025-03-08,cancelled
S00467,U00689,Premium,2024-07-06,expired
S00468,U00782,Premium,2026-08-03,paused
S00469,U00175,Standard,2025-01-08,paused
S00470,U00365,PREM,2025-02-28,active
S00471,U00313,Family,2025-05-11,expired
S00472,U00163,Standard,2025-04-26,expired
S00473,U00130,Basic,2025-11-12,paused
S00474,U00249,Family,2024-11-28,expired
S00475,U00052,Standard,2025-10-30,active
S00476,U00666,Basic,2025-10-17,active
S00477,U00039,Premium,2025-10-08,expired
S00478,U00159,Premium,2026-04-15,paused
S00479,U00147,Standard,2024-08-25,cancelled
S00480,U00701,Standard,2026-08-14,cancelled
S00481,U00039,Premium,2025-02-18,active
S00482,U00989,Premium,2025-08-14,active
S00483,U00141,Family,2024-07-04,paused
S00484,U00378,Standard,2026-06-20,paused
S00485,U00430,Basic,2025-04-21,expired
S00486,U00445,Standard,not-a-date,active
S00487,U00609,Family,2026-02-23,cancelled
S00488,U00251,Basic,2024-10-10,expired
S00489,U00851,Standard,2026-03-07,expired
S00490,U00954,Standard,2024-12-19,active
S00491,U00032,Basic,2025-03-24,expired
S00492,U00220,PREM,,cancelled
S00493,U00234,Premium,2025-08-01,cancelled
S00494,U00748,Standard,2024-11-08,active
S00495,U00920,Standard,2026-03-25,paused
S00496,U00180,Basic,2025-11-28,active
S00497,U00131,Family,2025-03-13,active
S00498,U00599,Basic,2024-09-04,paused
S00499,U00720,Premium,2025-11-07,paused
S00500,U00273,Basic,2024-12-07,cancelled
S00501,U00577,Standard,2026-06-07,expired
S00502,U00137,Family,2025-09-22,active
S00503,U00227,Standard,2025-10-24,paused
S00504,U00956,Basic,2025-06-18,ACTIVE 
S00505,U00268,Family,2025-05-01,expired
S00506,U00727,Family,2024-06-27,paused
S00507,U00399,Standard,2026-02-12,paused
S00508,U00443,Basic,2025-11-28,active
S00509,U00106,Premium,2024-12-28,cancelled
S00510,U00273,Premium,2024-09-04,cancelled
S00511,U00517,Standard,2026-06-11,cancelled
S00512,U00777,Family,2024-12-07,active
S00513,U00882,Premium,2025-02-21,paused
S00514,U00282,Basic,2026-06-25,active
S00515,U00418,Family,2024-09-09,expired
S00516,U00173,Premium,2025-12-04,cancelled
S00517,U00385,Premium,2025-03-15,paused
S00518,U00297,Family,2025-04-24,expired
S00519,U00030,Basic,2025-09-20,cancelled
S00520,U00177,Family,2026-99-99,cancelled
S00521,U00110,Standard,2025-03-05,cancelled
S00522,U00068,Basic,2026-03-14,cancelled
S00523,U00519,Premium,2025-06-20,expired
S00524,U00941,Basic,2026-03-13,active
S00525,U00684,Family,2025-05-11,paused
S00526,U00595,Standard,2026-05-01,cancelled
S00527,U00213,Premium,2025-07-17,cancelled
S00528,U00677,Premium,2025-05-24,expired
S00529,U00964,Family,2025-03-15,expired
S00530,U00929,Premium,2025-03-25,expired
S00531,U00606,Standard,2025-08-28,paused
S00532,U00426,,2024-06-04,expired
S00533,U00843,Family,2024-06-16,cancelled
S00534,U00842,Basic,2025-02-14,paused
S00535,U00187,Standard,2025-04-29,expired
S00536,U00915,Family,2025-12-07,expired
S00537,U00984,Basic,2026-02-18,expired
S00538,U00912,Premium,2026-04-03,expired
S00539,U00880,Standard,2025-04-04,
S00540,U00614,Basic,2025-02-13,cancelled
S00541,U00629,Premium,2026-08-01,active
S00542,U00157,Family,2025-07-21,active
S00543,U00708,Family,2025-01-31,expired
S00544,U00369,Family,2025-11-14,active
S00545,U00495,Premium,2024-10-27,active
S00546,U00068,Premium,2026-01-12,active
S00547,U00371,Basic,2025-06-30,cancelled
S00548,U00465,Standard,2026-08-16,paused
S00549,U00360,Premium,2026-05-09,cancelled
S00550,U00395,Basic,2024-07-14,cancelled
S00551,U00806,PREM,2025-12-30,cancelled
S00552,U00056,Family,2025-08-31,paused
S00553,U00403,Basic,2025-04-16,paused
S00554,U00297,Premium,2026-07-27,expired
S00555,U00436,Standard,2025-09-22,expired
S00556,U00744,Family,2024-10-05,cancelled
S00557,U00735,Family,2026-01-19,expired
S00558,U00419,Family,2024-07-21,active
S00559,U00004,Standard,2026-07-04,cancelled
S00560,U00439,Family,2024-08-20,cancelled
S00561,U00267,Family,2026-05-10,expired
S00562,U00360,Family,2026-08-19,paused
S00563,U00661,Basic,2024-10-08,active
S00564,U00793,Basic,2025-02-03,expired
S00565,U00209,Standard,2024-10-10,cancelled
S00566,U00586,Premium,2025-06-16,unknown
S00567,U00818,Standard,2026-08-24,paused
S00568,U00210,Basic,2024-07-23,cancelled
S00569,U00464,Standard,,paused
S00570,U00575,Premium,2026-06-29,active
S00571,U00148,Family,2024-06-26,cancelled
S00572,U00008,Basic,2024-06-24,active
S00573,U00494,Basic,2025-06-04,
S00574,U00926,,2026-07-03,active
S00575,U00117,Premium,2024-08-26,cancelled
S00576,U00888,Standard,2025-08-01,unknown
S00577,U00228,Premium,2026-03-16,active
S00578,UNKNOWN,Family,2024-11-29,paused
S00579,U00635,Basic,2025-10-17,paused
S00580,U00643,Premium,2026-05-29,paused
S00581,U00129,Basic,2026-08-26,paused
S00582,U00977,Premium,2026-06-19,paused
S00583,U00134,Standard,2024-10-03,active
S00584,,Standard,2025-08-02,
S00585,U00953,Basic,2025-02-15,paused
S00586,U00690,Basic,2024-06-18,paused
S00587,U99999,Standard,2025-01-04,expired
S00588,U00386,Standard,2024-11-08,expired
S00589,U00803,Standard,2025-08-09,paused
S00590,U00381,Standard,2024-11-26,expired
S00591,U00188,Basic,2025-02-25,active
S00592,U00914,Standard,2025-10-08,active
S00593,U00660,Standard,2026-07-26,expired
S00594,U00811,Basic,2025-09-04,active
S00595,U00302,Standard,2025-08-08,active
S00596,U00488,Premium,2026-99-99,paused
S00597,U00803,Premium,2024-09-26,paused
S00598,U00340,Premium,2024-12-29,cancelled
S00599,U00992,Premium,2026-05-30,active
S00600,U00616,Basic,2025-07-13,active
S00601,U00766,Basic,2026-06-15,paused
S00602,U00537,Family,2025-05-19,paused
S00603,U00883,Family,2026-02-24,cancelled
S00604,U00898,Family,2026-03-25,cancelled
S00605,U00561,Premium,2025-04-18,cancelled
S00606,U00044,Standard,2025-09-09,active
S00607,U00895,Standard,2026-06-24,expired
S00608,U00218,Premium,2026-03-22,active
S00609,U00256,Family,2024-12-18,unknown
S00610,U00803,Standard,not-a-date,active
S00611,U00293,Premium,2026-04-23,cancelled
S00612,U00824,Basic,2025-04-20,paused
S00613,U00249,Standard,2025-12-06,active
S00614,,Basic,2025-12-08,active
S00615,U00558,Standard,2025-08-31,cancelled
S00616,U00152,Family,2024-08-21,expired
S00617,U00318,Standard,2026-07-21,expired
S00618,U00616,Basic,2024-07-03,expired
S00619,U00005,Basic,2025-01-31,cancelled
S00620,U00708,Premium,2025-04-01,expired
S00621,U00335,,not-a-date,active
S00622,U00296,Standard,2026-02-07,expired
S00623,U00589,Standard,2025-06-07,expired
S00624,U00676,Standard,2025-10-30,cancelled
S00625,U00256,PREM,2025-09-15,active
S00626,U00913,Standard,2026-05-16,active
S00627,U00521,Basic,2024-12-24,expired
S00628,U00848,Family,2025-01-15,active
S00629,U00964,Standard,2026-04-03,paused
S00630,U00957,Standard,2024-08-16,expired
S00631,U00440,Family,2024-09-10,active
S00632,U00724,PREM,2025-08-14,paused
S00633,U00815,Premium,2025-10-20,active
S00634,U00410,Basic,2025-12-25,expired
S00635,U99999,Family,2024-06-24,paused
S00636,U00847,Family,2024-06-02,cancelled
S00637,U00726,Family,2026-07-24,expired
S00638,U00057,Family,2024-07-22,cancelled
S00639,U00710,Standard,2026-03-14,paused
S00640,U00055,Basic,2026-01-22,cancelled
S00641,U00581,Family,2024-06-23,paused
S00642,U00462,Family,2026-02-16,paused
S00643,U00145,Premium,2025-01-18,cancelled
S00644,U00813,Standard,2025-07-22,paused
S00645,U00261,Family,2025-05-12,expired
S00646,U00564,Basic,2026-04-27,active
S00647,U00361,Basic,2026-06-22,active
S00648,U00484,Family,2026-02-11,paused
S00649,U00914,Standard,2024-10-24,cancelled
S00650,U00267,Premium,2025-03-02,cancelled
S00651,U00207,Standard,2025-10-20,cancelled
S00652,U00169,Basic,2024-10-18,active
S00653,U00554,Premium,2025-06-20,cancelled
S00654,U00990,Premium,2025-12-02,active
S00655,U00826,Family,2024-09-14,active
S00656,U00792,Family,2026-04-25,paused
S00657,U00083,Family,2026-06-14,cancelled
S00658,U00130,Standard,2025-06-01,expired
S00659,U00369,Basic,2026-07-20,paused
S00660,U00423,Premium,2024-10-12,cancelled
S00661,U00123,Basic,2024-06-04,paused
S00662,U00692,Standard,2024-11-24,active
S00663,U00277,Premium,2024-08-30,expired
S00664,U00706,Standard,2026-01-13,paused
S00665,U00920,Premium,2024-08-23,active
S00666,U00233,Premium,2025-05-26,
S00667,U00075,Basic,2026-06-11,paused
S00668,U00605,Basic,2024-08-13,expired
S00669,U00469,Basic,2024-12-09,cancelled
S00670,U00424,Standard,2025-10-26,expired
S00671,U00303,Standard,2025-10-30,paused
S00672,U00076,Family,2025-04-15,cancelled
S00673,U00336,Premium,2025-01-11,active
S00674,U00202,Family,2025-08-15,paused
S00675,U00100,Standard,2024-11-01,cancelled
S00676,U00957,Family,not-a-date,active
S00677,U00365,Basic,2024-09-17,ACTIVE 
S00678,U00225,Premium,2025-06-29,active
S00679,U00463,Family,2026-03-02,active
S00680,U00269,Standard,2025-10-03,active
S00681,,Premium,2024-09-22,active
S00682,U00297,Standard,2026-06-11,active
S00683,U00259,,2024-09-19,expired
S00684,U99999,Standard,2025-12-31,expired
S00685,U99999,Basic,2026-01-05,paused
S00686,,Standard,2026-04-30,cancelled
S00687,U00560,Standard,,paused
S00688,U00482,Premium,2024-07-03,expired
S00689,U00118,Standard,2026-01-22,active
S00690,U00484,Premium,2025-03-19,cancelled
S00691,U00886,Family,2025-03-15,active
S00692,U00218,Premium,2024-08-22,cancelled
S00693,U00553,Family,2025-03-12,active
S00694,U00607,Standard,2025-07-10,active
S00695,U00980,Premium,,cancelled
S00696,U00602,Family,2026-04-02,active
S00697,U00995,Premium,2026-07-19,active
S00698,U00544,Family,2025-03-09,active
S00699,U00898,Standard,2025-03-30,expired
S00700,U00432,Standard,2025-05-06,expired
S00701,U00149,Premium,2025-10-09,paused
S00702,U00636,Family,,active
S00703,U00206,Basic,2025-06-13,paused
S00704,U00618,Premium,2024-08-14,paused
S00705,U00247,Family,2024-07-30,paused
S00706,U00580,Standard,2024-11-06,cancelled
S00707,U00202,Gold,2025-09-04,ACTIVE 
S00708,U00872,Basic,2025-06-11,expired
S00709,U00801,Standard,2025-10-27,paused
S00710,U00704,Standard,2024-06-12,expired
S00711,U00505,Family,2026-07-13,unknown
S00712,U00008,Standard,2025-10-19,cancelled
S00713,U00433,Family,not-a-date,paused
S00714,U00801,Premium,2025-04-18,paused
S00715,U00662,Family,2025-03-18,cancelled
S00716,U00347,Premium,2024-10-02,cancelled
S00717,U00232,Basic,2025-11-03,paused
S00718,U00517,Family,2024-12-06,active
S00719,U00774,Family,2024-12-05,active
S00720,U00206,Standard,,cancelled
S00721,U00564,Premium,2024-09-29,cancelled
S00722,U00714,Basic,2026-06-03,cancelled
S00723,U00499,Premium,2024-06-13,cancelled
S00724,U00812,Standard,2026-05-26,cancelled
S00725,U00020,Family,2026-07-31,active
S00726,U00968,Premium,2026-07-12,cancelled
S00727,U00828,Standard,2026-08-18,cancelled
S00728,U00213,Standard,2026-02-10,paused
S00729,U00691,Standard,2024-06-19,expired
S00730,U00962,Family,2024-12-30,expired
S00731,U00620,Standard,2024-07-01,active
S00732,U00294,Premium,2025-05-18,cancelled
S00733,U00384,,2024-08-02,cancelled
S00734,U00277,,2026-04-08,expired
S00735,U00361,Basic,2024-10-10,cancelled
S00736,U00227,Standard,2026-05-02,cancelled
S00737,U00266,Standard,2025-02-07,active
S00738,U00366,Basic,2025-08-21,active
S00739,U00774,Premium,2025-12-06,cancelled
S00740,U00241,Premium,2025-11-06,expired
S00741,U00929,Basic,2026-07-29,paused
S00742,U00568,Premium,2026-05-07,cancelled
S00743,U00572,Standard,2026-01-13,expired
S00744,U00168,Family,2026-03-29,paused
S00745,U00785,Family,2024-09-05,expired
S00746,U00628,Standard,2025-07-12,expired
S00747,U00784,Standard,2025-01-27,active
S00748,,Family,2025-02-04,active
S00749,U00536,Premium,2025-06-24,paused
S00750,U00748,Premium,2025-12-08,active
S00751,U00629,Basic,2025-07-15,active
S00752,U00519,Family,2026-02-15,expired
S00753,U00730,Standard,2026-08-28,active
S00754,U00003,Premium,2025-06-26,paused
S00755,U00871,Standard,2025-11-19,active
S00756,U00583,Standard,2024-12-18,expired
S00757,U00032,Standard,2025-04-26,paused
S00758,U00505,Premium,2025-11-14,cancelled
S00759,U00724,Premium,2024-08-03,cancelled
S00760,U00746,Family,2024-09-07,paused
S00761,U00106,Premium,2025-03-30,cancelled
S00762,U00033,Basic,2024-06-30,active
S00763,U00697,Family,2024-11-11,ACTIVE 
S00764,,Basic,2026-01-22,expired
S00765,U00725,Family,2024-11-23,paused
S00766,U00846,Gold,2026-03-30,paused
S00767,U00800,Standard,2024-12-23,active
S00768,U00323,Basic,2026-06-07,cancelled
S00769,U00127,Standard,2024-08-05,paused
S00770,U00152,Premium,2024-09-15,paused
S00771,U00722,Family,2025-05-06,cancelled
S00772,U00423,Standard,2024-12-28,expired
S00773,U00226,Premium,2026-07-07,cancelled
S00774,U00798,Standard,2024-08-07,paused
S00775,U00284,Premium,2025-08-28,cancelled
S00776,U00507,Premium,2026-07-05,
S00777,U00681,Standard,2025-08-13,expired
S00778,U00406,Premium,2024-06-27,paused
S00779,U00896,Premium,2025-11-28,expired
S00780,U00122,Premium,2024-09-09,paused
S00781,U00012,Basic,2025-12-17,expired
S00782,U00055,Basic,2024-06-04,cancelled
S00783,U00380,Premium,2024-12-14,expired
S00784,U00273,Family,2026-03-19,active
S00785,U00152,Family,2025-03-25,expired
S00786,U00328,Family,2024-06-13,paused
S00787,U00142,Family,2025-12-26,expired
S00788,U00295,Premium,2025-01-20,cancelled
S00789,U00549,Basic,2025-09-03,expired
S00790,U00130,Basic,2025-10-01,expired
S00791,U00253,Premium,2026-04-26,paused
S00792,U00251,Basic,2024-10-28,cancelled
S00793,U00418,Standard,2025-10-21,expired
S00794,U99999,Standard,2024-08-06,paused
S00795,U00708,Premium,not-a-date,paused
S00796,U00615,Family,2024-07-30,cancelled
S00797,U00603,Premium,2026-06-20,expired
S00798,U00626,Premium,2025-08-28,cancelled
S00799,U00064,Basic,2025-03-19,paused
S00800,U00447,Standard,2024-07-02,expired
S00801,U00410,Standard,2024-11-28,paused
S00802,U00132,Standard,2025-06-18,expired
S00803,U00966,Family,2026-07-02,expired
S00804,U00480,Family,2025-10-15,cancelled
S00805,U00644,Basic,2026-01-22,active
S00806,U00495,Standard,2026-08-16,active
S00807,U00602,Family,2025-01-22,active
S00808,U00920,Premium,2025-05-31,expired
S00809,U00287,Basic,2026-01-20,active
S00810,U00242,Standard,2026-02-11,paused
S00811,U00464,Premium,2026-01-01,active
S00812,U00790,Premium,2025-05-23,paused
S00813,U00187,Family,2024-12-01,active
S00814,U00152,Premium,2024-08-16,paused
S00815,U00375,Family,2026-08-24,paused
S00816,U00778,Standard,2025-01-20,expired
S00817,U00548,Premium,2024-10-11,
S00818,U00398,Basic,2026-08-25,paused
S00819,U01000,Basic,2026-07-02,paused
S00820,U00923,Premium,not-a-date,expired
S00821,U00324,Standard,2025-07-06,paused
S00822,U00973,Basic,2025-05-21,cancelled
S00823,U00017,Standard,2025-04-02,cancelled
S00824,U00378,Basic,2024-11-17,expired
S00825,U00935,Basic,2025-11-25,cancelled
S00826,U00597,Standard,2025-12-27,paused
S00827,U00819,Basic,2026-02-19,cancelled
S00828,U00593,Premium,2024-08-30,cancelled
S00829,U00338,Basic,2024-07-07,expired
S00830,U00965,Premium,2026-07-19,cancelled
S00831,U00516,Family,2025-06-24,expired
S00832,U00331,Premium,2025-10-05,paused
S00833,U00121,Standard,2026-07-04,cancelled
S00834,U00114,Standard,,active
S00835,U00956,Premium,2024-09-11,paused
S00836,U00949,Family,2026-06-10,cancelled
S00837,U00393,Premium,2024-06-14,expired
S00838,U00215,Standard,2024-06-17,expired
S00839,U00935,Basic,2024-10-20,expired
S00840,U00239,Family,2026-04-23,expired
S00841,U00185,Family,2025-05-11,cancelled
S00842,U00031,Family,2026-08-27,cancelled
S00843,U00146,Basic,2025-02-21,cancelled
S00844,U00725,Premium,,paused
S00845,U00384,Standard,2024-08-05,paused
S00846,U00694,Family,2025-06-13,active
S00847,U00671,Premium,2025-06-27,paused
S00848,U00497,Standard,2026-02-26,paused
S00849,U00573,Family,2025-05-16,paused
S00850,U00259,Gold,2026-01-12,active
S00851,U00199,Standard,,expired
S00852,U00447,Basic,2025-04-03,unknown
S00853,U00643,Premium,2026-05-18,paused
S00854,U00699,Premium,2026-05-24,cancelled
S00855,U00465,Standard,2024-09-14,active
S00856,U00429,Family,2024-06-03,paused
S00857,U00816,Standard,2024-07-24,paused
S00858,U99999,Standard,2026-03-11,active
S00859,U00507,Standard,2026-06-15,cancelled
S00860,U99999,Family,2025-09-21,expired
S00861,U00163,Premium,2026-01-02,cancelled
S00862,U00871,Family,2026-07-27,cancelled
S00863,U00423,Standard,2024-06-27,active
S00864,U00236,Standard,2025-12-25,active
S00865,U00808,Basic,2024-07-09,expired
S00866,U00812,Family,2025-06-23,active
S00867,U00686,Family,2026-01-03,paused
S00868,U00712,Standard,2026-08-20,paused
S00869,U00844,Family,2025-06-05,cancelled
S00870,U00856,Basic,2025-02-25,paused
S00871,U00355,Family,2025-01-22,ACTIVE 
S00872,U00204,Premium,2025-02-22,active
S00873,U00991,Standard,2025-06-24,paused
S00874,U00824,Standard,2025-06-10,expired
S00875,U00130,Family,2026-01-10,expired
S00876,U00174,Family,2024-11-21,expired
S00877,U00972,Standard,2025-01-13,cancelled
S00878,U00179,Basic,2025-04-02,expired
S00879,U00553,Family,2026-06-21,expired
S00880,U00626,Basic,2026-02-16,cancelled
S00881,U00676,Basic,2024-09-11,expired
S00882,U00941,Premium,2025-07-23,paused
S00883,U00298,Standard,2024-10-26,paused
S00884,U00713,Family,2024-12-09,paused
S00885,U00221,Family,2026-04-01,cancelled
S00886,U00940,Standard,2024-07-09,active
S00887,U00415,,2024-10-05,unknown
S00888,U00080,Basic,2026-01-14,paused
S00889,U00401,Standard,2026-02-15,cancelled
S00890,U00460,Standard,2024-07-11,cancelled
S00891,U00786,Premium,2026-08-11,expired
S00892,U00537,Premium,2025-12-29,active
S00893,U00081,Standard,2026-03-15,paused
S00894,U00567,PREM,2025-01-03,cancelled
S00895,U00795,Standard,2025-10-19,cancelled
S00896,U00336,Basic,2024-12-06,cancelled
S00897,U00804,Basic,2024-11-07,paused
S00898,U00811,,2025-09-25,cancelled
S00899,UNKNOWN,Standard,2025-12-01,
S00900,U00528,Premium,2025-07-26,active
S00901,U00342,Basic,2026-06-20,cancelled
S00902,U00290,Family,2025-07-13,expired
S00903,U00070,Standard,2025-02-16,paused
S00904,U00586,Basic,2026-05-23,active
S00905,U00958,Basic,not-a-date,paused
S00906,U00552,Premium,2025-03-27,expired
S00907,U00361,Family,2024-09-21,paused
S00908,U00689,Basic,2025-08-24,cancelled
S00909,U00315,Standard,2024-07-04,active
S00910,U00841,Standard,2024-06-28,expired
S00911,U00887,Premium,not-a-date,paused
S00912,U00242,Family,2024-12-31,cancelled
S00913,U00860,Basic,2026-01-28,active
S00914,U00671,Premium,2025-01-08,cancelled
S00915,U00220,Family,2024-06-03,cancelled
S00916,U00854,Standard,2025-05-17,active
S00917,U00218,Basic,2024-08-06,active
S00918,U00941,Premium,2025-03-29,paused
S00919,U00672,Family,2025-01-04,unknown
S00920,U00362,Premium,2025-02-21,active
S00921,U00455,Standard,2026-08-15,expired
S00922,U00613,Premium,2025-06-19,active
S00923,U00950,Family,,cancelled
S00924,U00830,Standard,2024-08-01,active
S00925,U00994,,2025-02-14,cancelled
S00926,U00722,Premium,2025-02-26,expired
S00927,U00820,Premium,2025-11-29,paused
S00928,U00113,Premium,2025-01-27,expired
S00929,U00852,Standard,2026-08-14,paused
S00930,U00354,Basic,2025-10-03,expired
S00931,U00449,Family,2025-05-05,expired
S00932,U00633,Premium,2026-01-25,active
S00933,U00880,Standard,2024-10-04,cancelled
S00934,U00529,Basic,2025-03-28,cancelled
S00935,,Standard,2024-07-01,active
S00936,U00826,Premium,2026-05-15,cancelled
S00937,U00784,Basic,2025-01-20,active
S00938,U00247,Premium,2025-12-01,active
S00939,U00615,Premium,,cancelled
S00940,U00927,Basic,2025-01-27,active
S00941,U00155,Standard,2024-12-06,active
S00942,U00787,Basic,2026-06-19,expired
S00943,U00213,Premium,2026-07-29,expired
S00944,U00421,Premium,2025-05-16,expired
S00945,U00359,Family,2024-12-31,expired
S00946,U00701,Standard,2025-06-06,cancelled
S00947,U00831,Basic,2025-01-20,expired
S00948,U00057,Standard,2025-08-04,cancelled
S00949,U00874,Family,2025-08-06,paused
S00950,U00422,Basic,2025-01-15,cancelled
S00951,U00270,Family,2025-03-17,expired
S00952,U00556,Family,2025-09-12,paused
S00953,U00259,Standard,,paused
S00954,U00815,Basic,2026-04-12,active
S00955,U00363,Standard,2024-12-31,expired
S00956,U00329,Family,2026-04-11,cancelled
S00957,U00200,Standard,2024-09-30,paused
S00958,U00754,Standard,2025-08-31,expired
S00959,U00860,Premium,2024-10-10,
S00960,U00932,Standard,2025-06-09,expired
S00961,U00610,Standard,2024-11-07,expired
S00962,U00300,Premium,2024-09-19,paused
S00963,U00135,Standard,2024-11-06,paused
S00964,U00251,Premium,2025-06-13,
S00965,U00080,Standard,2026-02-10,cancelled
S00966,U00758,Premium,2026-06-03,active
S00967,U00796,Premium,2026-99-99,paused
S00968,U00729,Premium,2025-04-20,active
S00969,U00919,Standard,2025-09-05,cancelled
S00970,U00079,Premium,2026-01-05,paused
S00971,,Family,2024-06-14,expired
S00972,U00898,Standard,2024-11-15,paused
S00973,U00891,Family,2025-06-23,cancelled
S00974,U00113,Premium,2025-01-03,expired
S00975,U00420,Standard,2024-09-07,active
S00976,U00580,Standard,2026-03-28,cancelled
S00977,U00813,Basic,2026-03-22,paused
S00978,U99999,Family,2025-05-12,active
S00979,U00314,Family,2025-05-28,expired
S00980,U00721,Standard,2025-10-11,active
S00981,U00597,Family,2025-03-14,active
S00982,UNKNOWN,Standard,2026-06-03,expired
S00983,U00890,,2025-04-02,active
S00984,U00708,PREM,2025-01-25,active
S00985,U00034,Premium,2025-04-09,cancelled
S00986,U00731,Basic,2024-09-25,cancelled
S00987,UNKNOWN,Basic,2025-01-31,paused
S00988,U00437,Standard,2025-09-11,expired
S00989,U00832,Basic,2025-12-09,paused
S00990,U00483,Family,2025-05-24,expired
S00991,U00919,Standard,2024-09-10,active
S00992,U00758,Premium,2026-01-29,active
S00993,U00731,Premium,2026-06-28,paused
S00994,U00758,Standard,2026-02-26,expired
S00995,U00975,Basic,2024-06-09,cancelled
S00996,U00761,Basic,2026-03-29,expired
S00997,U00245,Standard,2024-11-12,expired
S00998,U00668,Premium,2025-12-21,active
S00999,U00364,Basic,2026-06-20,expired
S01000,U00862,Premium,2024-08-21,cancelled
S01001,U00151,Premium,2026-01-21,cancelled
S01002,U00519,Standard,2025-03-04,cancelled
S01003,U00467,Basic,2025-12-30,cancelled
S01004,U00836,Family,2025-04-04,cancelled
S01005,U00982,Premium,2025-03-27,active
S01006,U00479,Standard,2026-02-28,paused
S01007,U00757,Premium,2026-05-15,expired
S01008,U00612,Standard,2024-12-12,expired
S01009,U00126,Basic,2025-01-04,active
S01010,UNKNOWN,Premium,2025-05-25,paused
S01011,U00721,Basic,2026-08-27,paused
S01012,U00412,Standard,2025-02-16,paused
S01013,U00310,Standard,2024-09-28,active
S01014,U00866,Standard,2024-11-14,paused
S01015,U00231,Standard,2026-07-20,paused
S01016,U00946,Basic,2026-01-17,active
S01017,U00546,PREM,2024-12-20,expired
S01018,U00706,Basic,2025-09-27,cancelled
S01019,U00060,Basic,2024-06-04,cancelled
S01020,U00559,Standard,2025-05-02,cancelled
S01021,U00415,Basic,2024-08-01,expired
S01022,U00841,Standard,2025-10-31,cancelled
S01023,U00120,Premium,2025-05-19,active
S01024,U00137,Basic,2026-08-06,active
S01025,U00684,Basic,2026-07-28,paused
S01026,U00675,Family,2026-02-18,paused
S01027,U00536,Basic,2025-08-30,unknown
S01028,U00591,Standard,2025-12-28,paused
S01029,U00435,Standard,2024-11-04,expired
S01030,U00844,Premium,2024-11-24,active
S01031,U00788,Standard,2024-10-18,cancelled
S01032,U00105,Basic,2025-11-26,unknown
S01033,U00561,Premium,2026-01-04,expired
S01034,U00230,Premium,2025-06-06,cancelled
S01035,U00828,Basic,2026-08-26,paused
S01036,U00376,Family,2026-01-05,paused
S01037,U00118,Family,2025-01-24,cancelled
S01038,U00125,Standard,2025-07-21,active
S01039,U00384,Standard,2026-04-13,active
S01040,U00481,Family,2026-04-04,active
S01041,U00536,Basic,2024-11-22,expired
S01042,U00865,Standard,2025-12-29,active
S01043,U00774,Basic,2024-06-27,paused
S01044,U00966,Standard,2026-02-18,expired
S01045,U00345,Premium,2026-01-03,active
S01046,U00149,Premium,2026-05-23,expired
S01047,U00220,Standard,2026-03-08,cancelled
S01048,U00256,PREM,2026-03-31,cancelled
S01049,U00274,Standard,,paused
S01050,U00689,,2025-09-17,cancelled
S01051,U00866,Premium,2025-07-16,cancelled
S01052,U00371,Family,2025-04-24,paused
S01053,U00166,Premium,2026-03-11,paused
S01054,U00281,Basic,2025-04-26,active
S01055,U00399,Standard,2024-06-09,paused
S01056,U00334,Basic,2024-07-29,cancelled
S01057,U00744,Basic,2025-11-15,active
S01058,U00756,Basic,,expired
S01059,U00462,Premium,2024-12-22,cancelled
S01060,U00854,Premium,2025-08-06,active
S01061,U00499,Family,2024-06-03,active
S01062,U00080,Premium,2025-01-30,cancelled
S01063,U00163,Basic,2025-08-18,paused
S01064,U00602,Family,2024-09-27,cancelled
S01065,U00304,Family,2025-08-14,cancelled
S01066,U00873,Standard,2026-01-28,expired
S01067,U00854,Premium,2026-06-18,paused
S01068,U00913,Premium,2025-06-18,active
S01069,U00179,Family,2024-11-29,active
S01070,U00687,Basic,2024-09-06,active
S01071,U00534,Basic,2026-04-02,expired
S01072,U00606,Standard,2026-05-14,cancelled
S01073,U00604,Basic,2026-08-30,cancelled
S01074,U00576,Standard,2026-01-27,active
S01075,U00853,Basic,2026-01-12,cancelled
S01076,U00295,Standard,not-a-date,expired
S01077,U00554,Premium,2026-03-01,expired
S01078,U00140,,,cancelled
S01079,U00861,Premium,2024-07-22,paused
S01080,U00587,Premium,2026-05-07,expired
S01081,U00865,Family,2026-07-25,active
S01082,U00365,Family,2025-07-01,expired
S01083,U00895,Standard,2026-99-99,cancelled
S01084,U00773,Family,2025-09-13,paused
S01085,U00301,Basic,2025-03-11,active
S01086,U00642,Basic,2024-12-08,paused
S01087,U00825,Basic,2024-12-10,cancelled
S01088,U00410,Family,2025-04-18,active
S01089,U00271,Basic,not-a-date,active
S01090,U00414,Basic,2026-07-01,active
S01091,U00692,Basic,2025-03-31,cancelled
S01092,U00509,Family,2025-09-05,paused
S01093,U00931,Standard,2026-99-99,expired
S01094,U00552,Standard,2025-11-02,ACTIVE 
S01095,U00012,Standard,2026-03-10,cancelled
S01096,U00028,PREM,2025-08-22,cancelled
S01097,U00121,Premium,2025-02-16,cancelled
S01098,U00307,Premium,2026-07-23,paused
S01099,U00416,Family,2025-11-29,paused
S01100,U00819,Standard,2024-10-24,active
S01101,U00952,Family,2024-10-19,cancelled
S01102,U00693,Standard,2025-04-26,paused
S01103,U00403,Standard,2026-08-14,paused
S01104,U00929,Basic,2025-10-27,cancelled
S01105,U00675,Basic,2026-03-03,expired
S01106,U00075,Basic,2025-09-19,expired
S01107,U00380,Gold,2025-08-18,active
S01108,U00077,Basic,2025-11-14,active
S01109,U00517,Standard,2025-09-13,paused
S01110,U00027,Premium,2026-06-20,paused
S01111,U00065,Family,2025-02-11,active
S01112,U00119,Premium,2025-11-07,paused
S01113,U00413,Basic,2024-07-27,paused
S01114,U00015,Basic,2025-05-30,active
S01115,U00784,Basic,2025-04-11,active
S01116,U00642,Premium,2025-09-27,cancelled
S01117,U00780,Premium,,paused
S01118,U00734,Premium,2024-10-03,cancelled
S01119,U00735,Premium,2025-11-04,active
S01120,U00235,Family,2025-12-10,paused
S01121,U00865,Basic,2026-07-03,cancelled
S01122,U00357,Family,2026-03-09,expired
S01123,U00411,Family,2026-01-26,expired
S01124,U00951,Basic,2024-07-09,paused
S01125,U00398,Standard,2025-09-19,active
S01126,U00398,Basic,2025-09-12,paused
S01127,U00287,Family,2026-03-18,paused
S01128,U00631,Family,2024-10-01,active
S01129,U00491,Standard,2026-07-11,expired
S01130,U00038,Family,2026-99-99,paused
S01131,U00740,Standard,2024-09-29,cancelled
S01132,U00299,Standard,2024-06-07,paused
S01133,U00753,Family,2026-05-14,active
S01134,U00770,Basic,2025-08-12,active
S01135,U00049,Family,2026-05-20,cancelled
S01136,U00006,Standard,2024-10-22,active
S01137,U00576,Basic,2024-08-04,paused
S01138,U00706,Premium,2026-08-13,cancelled
S01139,U00460,Basic,2024-10-19,cancelled
S01140,U00642,,,paused
S01141,U00211,Basic,2025-07-05,active
S01142,U00141,Basic,2025-12-02,cancelled
S01143,U00150,Family,2024-12-20,paused
S01144,U00756,Basic,2025-11-13,active
S01145,U00388,Standard,2026-01-12,active
S01146,U00256,Standard,2026-07-13,active
S01147,U00556,Standard,2025-03-29,expired
S01148,U00126,Premium,2026-06-06,cancelled
S01149,U00738,Premium,2025-12-05,cancelled
S01150,U00196,Family,2024-11-20,cancelled
S01151,U00327,Basic,2025-10-12,paused
S01152,U00089,Premium,2025-06-28,cancelled
S01153,U00827,Standard,2025-06-27,cancelled
S01154,U00637,Standard,2026-03-12,cancelled
S01155,U00359,Standard,2024-08-17,expired
S01156,U00190,Standard,2024-12-09,paused
S01157,U00278,,2024-10-16,paused
S01158,U00060,Premium,2025-09-15,active
S01159,U00616,Standard,2025-02-25,cancelled
S01160,UNKNOWN,Basic,2024-11-18,active
S01161,U00801,Premium,2026-04-15,active
S01162,U00092,Family,2025-04-04,active
S01163,,PREM,2025-08-05,paused
S01164,U00829,Family,2026-05-12,paused
S01165,U00139,Premium,2026-05-25,cancelled
S01166,U00554,Standard,2026-06-01,active
S01167,U00080,Family,2024-06-01,active
S01168,U00189,Family,2026-04-06,paused
S01169,U00371,Basic,2025-01-31,expired
S01170,U00643,Premium,2025-02-26,active
S01171,U00842,Premium,2025-07-14,expired
S01172,U00705,Family,2024-10-26,active
S01173,U00472,Basic,2026-04-13,expired
S01174,U00731,Basic,2025-09-01,expired
S01175,U00010,Family,,active
S01176,U00150,,2024-12-03,active
S01177,U00173,Basic,2024-09-06,cancelled
S01178,U00826,Family,2025-11-01,paused
S01179,U00063,Standard,2026-05-10,cancelled
S01180,U00021,Basic,2025-12-27,cancelled
S01181,U00828,Family,2026-07-12,cancelled
S01182,U00639,Family,2025-07-11,unknown
S01183,U00403,PREM,2025-07-23,active
S01184,U00620,Family,2025-03-27,cancelled
S01185,U00803,Family,2025-05-04,cancelled
S01186,U00929,Standard,2026-03-02,active
S01187,U00773,Premium,2025-12-14,paused
S01188,U00236,Basic,2024-09-23,expired
S01189,U99999,Family,2026-02-16,paused
S01190,U00283,Family,2025-01-29,paused
S01191,U00794,Basic,2024-11-02,cancelled
S01192,U00830,Standard,2024-06-10,cancelled
S01193,U00648,Standard,2024-07-08,paused
S01194,U00542,Family,2025-10-13,expired
S01195,U00026,Standard,2025-11-08,cancelled
S01196,U00301,Family,2025-08-19,expired
S01197,U00431,Family,2025-02-04,expired
S01198,U00054,,2025-01-27,expired
S01199,U00155,Family,2026-01-12,paused
S01200,U00270,Premium,2025-11-26,paused
S01201,U00868,Premium,2025-01-30,expired
S01202,U00529,Premium,2026-03-02,cancelled
S01203,U00022,Standard,2026-07-23,paused
S01204,U00161,Basic,2026-06-17,cancelled
S01205,U00156,Standard,2026-02-19,paused
S01206,U00615,Basic,2025-11-20,paused
S01207,U00310,Standard,2024-09-09,expired
S01208,U00225,Family,2025-05-18,expired
S01209,U00197,Standard,2025-11-26,cancelled
S01210,U00194,,2025-07-24,active
S01211,U00042,Standard,2025-09-14,active
S01212,U00017,Premium,2024-09-09,cancelled
S01213,U00599,Premium,2026-02-13,cancelled
S01214,U00127,Premium,2024-09-22,expired
S01215,U00565,Basic,2024-08-23,expired
S01216,U00714,Family,2026-05-02,expired
S01217,U00921,Family,2025-06-15,cancelled
S01218,U00699,Standard,2026-02-12,paused
S01219,U00714,Family,2024-09-30,expired
S01220,U00709,Basic,,expired
S01221,U00178,Standard,2025-06-29,expired
S01222,U00163,Standard,2025-05-06,active
S01223,U00181,Family,2026-01-23,paused
S01224,U00023,Family,2025-03-01,expired
S01225,U00835,Standard,2025-12-02,active
S01226,U00592,Basic,2024-06-27,active
S01227,U00297,Standard,2025-06-16,paused
S01228,U00391,Family,2026-04-25,expired
S01229,U00185,Family,2026-07-12,cancelled
S01230,U00709,Premium,2025-07-12,expired
S01231,U00858,Premium,2024-08-09,paused
S01232,U00567,Basic,2025-04-27,expired
S01233,U00439,Standard,2025-06-23,cancelled
S01234,U00886,Basic,not-a-date,paused
S01235,U00310,Family,2025-10-16,paused
S01236,U00161,Family,2025-04-13,cancelled
S01237,U00167,Basic,2024-09-16,cancelled
S01238,U00224,Family,2024-06-09,
S01239,U99999,Premium,2024-08-09,expired
S01240,U00200,Standard,2025-07-16,cancelled
S01241,U00260,Standard,2026-08-29,cancelled
S01242,U00071,Family,2025-02-07,cancelled
S01243,U00905,,2024-11-09,paused
S01244,U00001,Standard,2024-09-07,cancelled
S01245,U00228,Premium,,expired
S01246,U00551,Family,2024-09-05,cancelled
S01247,U00351,Standard,2024-07-28,cancelled
S01248,U00252,Standard,2024-08-26,expired
S01249,U00748,Family,2025-07-06,cancelled
S01250,U00961,Family,2026-02-24,cancelled
S01251,U00713,Standard,2025-03-26,expired
S01252,U00585,Standard,2025-10-16,cancelled
S01253,U00897,Standard,2024-11-20,active
S01254,U00753,Family,2024-06-11,paused
S01255,U00054,Basic,2024-10-30,cancelled
S01256,U00586,Premium,2024-08-22,cancelled
S01257,U00976,Premium,2025-12-19,expired
S01258,U00022,Premium,2025-01-05,expired
S01259,U00300,Family,2025-02-24,active
S01260,U00984,Family,2024-12-18,expired
S01261,U00130,Basic,,paused
S01262,U00252,Basic,2024-08-26,active
S01263,U00446,Standard,2026-06-09,paused
S01264,U00348,Premium,2025-12-24,expired
S01265,U00920,Family,2026-03-16,paused
S01266,U00301,Premium,2024-11-20,expired
S01267,U00075,Standard,2024-11-11,expired
S01268,U00993,Family,2024-08-19,expired
S01269,U00161,Basic,2024-08-03,paused
S01270,U00240,Standard,2024-06-11,expired
S01271,U00946,Family,2025-06-28,active
S01272,U00070,PREM,2026-07-15,active
S01273,U00040,Basic,2025-12-21,cancelled
S01274,U00909,Basic,2026-08-27,paused
S01275,U00255,Basic,2026-05-21,cancelled
S01276,U00054,Basic,2025-11-06,cancelled
S01277,U00854,Family,2025-08-02,active
S01278,U00106,Family,2024-12-29,paused
S01279,,Premium,2025-01-28,cancelled
S01280,U00734,Premium,2024-07-17,expired
S01281,U00144,Standard,2024-06-25,expired
S01282,U00424,Standard,2025-10-16,active
S01283,U00886,Basic,2024-10-05,cancelled
S01284,U00914,Premium,2026-08-05,active
S01285,,Family,2026-07-27,active
S01286,U00880,Premium,2026-03-30,paused
S01287,U00441,Premium,2024-10-08,paused
S01288,U00730,Premium,2025-05-15,expired
S01289,UNKNOWN,Premium,2025-07-27,active
S01290,U00429,PREM,,cancelled
S01291,U00300,Standard,2025-08-27,expired
S01292,U00843,Standard,2026-06-06,cancelled
S01293,U00367,Standard,2025-02-28,cancelled
S01294,U00194,Family,2024-07-07,
S01295,U00564,Premium,2025-07-27,active
S01296,U00435,Premium,2025-07-29,expired
S01297,U00388,Premium,2025-01-05,cancelled
S01298,U00643,Standard,2026-02-11,paused
S01299,U00516,Standard,2025-05-14,active
S01300,U00986,Standard,2025-05-15,cancelled
S01301,U00198,Premium,2025-06-30,cancelled
S01302,U00523,Basic,2025-11-08,expired
S01303,U00187,Standard,2025-10-21,paused
S01304,U00458,Standard,not-a-date,cancelled
S01305,U00486,Standard,2026-01-31,paused
S01306,U00915,Family,2025-07-09,active
S01307,U00296,Basic,2024-07-31,paused
S01308,U00931,Family,2025-11-23,paused
S01309,U00011,Basic,2026-05-07,expired
S01310,U00242,Family,2024-07-21,paused
S01311,U00119,Premium,2024-06-14,active
S01312,U00826,Standard,,active
S01313,,PREM,2026-01-18,active
S01314,U00373,Basic,2026-04-25,expired
S01315,U00230,Basic,2025-05-15,expired
S01316,U00297,Standard,2025-05-04,cancelled
S01317,U00799,Standard,2025-11-22,expired
S01318,U00144,Basic,2025-07-01,expired
S01319,U00442,Standard,2025-04-02,paused
S01320,U00432,Family,2026-03-20,paused
S01321,U00211,Family,2026-07-18,cancelled
S01322,U00942,Basic,2024-06-11,active
S01323,U00605,Basic,2025-11-11,expired
S01324,U00702,Basic,2026-08-01,paused
S01325,U00620,Family,2026-03-05,expired
S01326,U00973,Basic,2025-01-07,active
S01327,U00798,Standard,2026-04-16,paused
S01328,U00326,Family,2024-10-29,expired
S01329,U00240,Premium,2025-09-16,paused
S01330,U00896,Family,2025-08-22,expired
S01331,U00825,Basic,2025-07-04,active
S01332,U00447,Standard,2024-09-15,active
S01333,U00679,Standard,2025-01-26,paused
S01334,U00735,Basic,2025-12-31,cancelled
S01335,U00849,Standard,2025-09-27,active
S01336,U00360,Basic,2024-10-07,active
S01337,U00517,Basic,2024-11-09,active
S01338,U00639,Basic,2026-01-01,active
S01339,U00005,Standard,2026-06-26,cancelled
S01340,U00541,Premium,2026-06-07,paused
S01341,U00197,Family,2025-09-13,paused
S01342,U00436,Basic,2025-02-09,active
S01343,U00001,Standard,2024-09-30,active
S01344,U00655,Standard,2024-08-15,active
S01345,U00997,Family,2026-06-25,paused
S01346,U00862,Standard,2026-08-20,cancelled
S01347,U00256,Basic,2024-08-18,active
S01348,U00940,Standard,2026-08-20,paused
S01349,U00962,Family,2025-03-06,paused
S01350,U00427,Premium,2025-08-20,active
S01351,U00368,Family,2026-07-23,expired
S01352,U00619,Standard,2025-05-13,active
S01353,U00733,Standard,2025-09-01,active
S01354,U00713,Family,2025-06-25,active
S01355,U00148,Standard,2025-09-15,paused
S01356,U00547,Basic,2026-04-16,paused
S01357,U00172,Basic,2024-08-12,cancelled
S01358,U00726,Family,2024-11-06,cancelled
S01359,U00994,Basic,2024-06-10,expired
S01360,U00888,Family,2026-01-18,
S01361,U00712,Premium,2025-05-10,paused
S01362,U00370,Family,2026-04-16,active
S01363,U00215,Basic,2025-10-29,expired
S01364,U00231,Family,2025-03-16,ACTIVE 
S01365,U00424,Premium,2025-08-01,cancelled
S01366,U00696,Basic,2025-01-08,cancelled
S01367,U00563,Standard,2025-02-20,expired
S01368,U00948,Basic,2026-08-24,paused
S01369,U00284,Basic,2024-07-29,expired
S01370,U00955,Standard,2025-04-19,active
S01371,U00193,Premium,2024-07-31,expired
S01372,U00596,Family,2025-12-26,paused
S01373,U00453,Family,2025-01-04,cancelled
S01374,U00570,Family,2025-08-16,expired
S01375,U00230,Standard,2024-07-06,expired
S01376,U00499,Premium,2026-01-18,paused
S01377,U00492,Premium,2025-09-20,cancelled
S01378,U00108,Basic,2026-07-06,cancelled
S01379,U00208,Family,2024-06-16,active
S01380,U00828,Premium,2025-10-19,cancelled
S01381,U00120,Premium,2024-11-16,active
S01382,U00301,Basic,2026-07-02,active
S01383,U00073,Standard,2026-03-28,paused
S01384,U00394,Basic,2025-12-09,cancelled
S01385,U00924,Family,2024-09-22,active
S01386,U00450,Family,2025-05-18,active
S01387,U00985,Standard,2025-02-22,
S01388,U00903,Premium,2025-03-05,active
S01389,U00396,Premium,2025-11-17,expired
S01390,U00679,Standard,2025-09-03,cancelled
S01391,U00645,Premium,2025-06-21,paused
S01392,U00207,Family,2025-11-06,
S01393,U00032,Standard,2024-09-27,active
S01394,U00644,Premium,2025-09-11,active
S01395,U00371,Family,2026-01-20,cancelled
S01396,U00730,Standard,2025-12-18,active
S01397,U00700,Family,2025-08-27,cancelled
S01398,U00196,Basic,2025-05-12,expired
S01399,U00796,Standard,2025-09-24,cancelled
S01400,U00509,Premium,2024-06-02,paused
S01401,U00307,Standard,2026-07-27,expired
S01402,U00649,Family,2025-10-16,cancelled
S01403,U00538,Family,2026-08-09,cancelled
S01404,U00305,Premium,2025-05-02,paused
S01405,U00379,Premium,2026-05-23,active
S01406,U00487,Premium,2026-08-30,expired
S01407,U00198,Basic,2024-12-06,active
S01408,U00449,Family,2024-07-11,paused
S01409,U00007,Standard,2026-07-20,active
S01410,U00817,Premium,2025-05-09,
S01411,U00016,Standard,2024-11-23,cancelled
S01412,U00497,Premium,2025-01-08,cancelled
S01413,U00792,Standard,2025-02-25,paused
S01414,U00655,Premium,2024-07-21,expired
S01415,U00861,Basic,2025-05-05,paused
S01416,U00323,Premium,2026-06-19,cancelled
S01417,U00510,Basic,,active
S01418,U00504,Family,2024-11-02,active
S01419,U00108,Family,2025-03-15,active
S01420,U00053,Basic,2026-02-13,expired
S01421,U00165,Premium,2025-08-20,paused
S01422,U00941,Premium,2024-10-26,paused
S01423,U00520,Basic,2026-06-06,expired
S01424,U00500,Basic,2025-09-25,active
S01425,U00107,Gold,2026-01-20,paused
S01426,U00293,Basic,2025-03-16,expired
S01427,U00321,Basic,2025-08-22,paused
S01428,U00620,Premium,2025-05-30,active
S01429,U00938,Standard,2025-07-11,active
S01430,U00484,PREM,2026-03-25,cancelled
S01431,U00315,Premium,2025-08-02,cancelled
S01432,U00895,Basic,2025-11-09,paused
S01433,U00417,Basic,2026-01-17,expired
S01434,U00576,Premium,2024-07-13,expired
S01435,U00068,Standard,2026-05-11,paused
S01436,U00712,Family,2025-07-19,active
S01437,U00872,Family,2024-06-23,active
S01438,U00140,Family,2025-10-12,cancelled
S01439,U00928,Family,2024-09-02,paused
S01440,U00996,Standard,2024-11-16,paused
S01441,U00563,Premium,2026-04-08,expired
S01442,U00787,Family,2025-04-21,active
S01443,U00844,Basic,2025-12-02,expired
S01444,U00112,Standard,2025-03-30,cancelled
S01445,U00975,Family,2025-06-18,active
S01446,U00182,Basic,2026-07-23,active
S01447,U00847,Basic,2024-07-18,cancelled
S01448,U00571,Family,2024-06-20,paused
S01449,U00411,Family,2024-10-22,expired
S01450,U00733,Basic,2025-04-04,cancelled
S01451,U00625,Standard,2024-09-07,active
S01452,U00657,Family,2024-09-07,cancelled
S01453,U00458,Basic,2026-03-23,cancelled
S01454,U99999,Standard,2024-07-21,paused
S01455,U00239,Family,2026-01-09,active
S01456,U00145,Family,2025-12-01,expired
S01457,U00046,Basic,2026-07-14,expired
S01458,U00120,Premium,2025-03-29,expired
S01459,U00057,Family,2025-01-29,active
S01460,U99999,Premium,2026-06-16,expired
S01461,U00732,Family,2025-06-13,cancelled
S01462,U00283,Family,2026-02-05,cancelled
S01463,U00978,Premium,2025-12-20,expired
S01464,U00624,Standard,2024-07-07,cancelled
S01465,U00667,Basic,2025-04-27,active
S01466,U00289,Standard,2024-07-23,expired
S01467,U00995,Premium,2026-02-13,paused
S01468,U00017,Basic,2025-07-29,expired
S01469,U00933,Basic,2026-05-29,active
S01470,U00607,Family,2026-03-11,expired
S01471,U00569,Premium,2025-07-22,cancelled
S01472,U00437,Family,2025-12-02,cancelled
S01473,U00639,Basic,2025-05-27,active
S01474,U00432,Premium,2026-05-10,paused
S01475,U00704,Family,2026-06-07,cancelled
S01476,U00141,Standard,2025-12-24,active
S01477,U00885,Standard,2024-10-18,expired
S01478,U00489,Standard,2025-02-26,active
S01479,U00191,Basic,2026-99-99,expired
S01480,U00465,Premium,2025-12-19,cancelled
S01481,U00345,Basic,2025-10-22,cancelled
S01482,U00539,Standard,2025-07-29,active
S01483,U00220,Standard,2025-02-24,cancelled
S01484,U00243,Family,2025-10-08,cancelled
S01485,U00704,Premium,2026-08-22,cancelled
S01486,U00823,Standard,2025-07-25,paused
S01487,U00331,Premium,2025-08-14,active
S01488,U00887,Family,2025-03-14,paused
S01489,U00650,Family,2026-08-18,active
S01490,U00437,Basic,2024-11-17,cancelled
S01491,U99999,Premium,2026-04-02,active
S01492,U00217,Family,2024-09-03,active
S01493,U00252,Basic,2024-08-05,paused
S01494,U00530,Premium,2025-07-05,active
S01495,U00325,Premium,2025-08-19,active
S01496,U00771,Family,2025-09-15,paused
S01497,U00110,Family,2025-11-23,expired
S01498,U00513,Premium,2025-07-17,expired
S01499,U00560,Family,2024-08-21,active
S01500,U00342,Gold,2026-07-07,cancelled
S01501,U00826,Basic,2026-07-13,cancelled
S01502,U00559,Premium,2024-06-12,paused
S01503,U00989,Family,2024-06-26,expired
S01504,U00559,Premium,2024-06-16,active
S01505,U00980,Family,2025-03-07,cancelled
S01506,U00409,Standard,2026-04-11,cancelled
S01507,U00423,Standard,2025-08-30,cancelled
S01508,U00316,Premium,2025-12-23,cancelled
S01509,U00363,Family,2025-03-30,paused
S01510,U00512,Premium,2025-07-29,expired
S01511,U00543,Premium,2025-08-05,cancelled
S01512,U00622,Family,2026-01-04,cancelled
S01513,U00964,Standard,2026-08-12,expired
S01514,U00492,Family,2026-07-10,cancelled
S01515,U00272,Standard,2025-10-18,cancelled
S01516,U00472,Family,2025-12-07,cancelled
S01517,U00096,Basic,2025-08-20,paused
S01518,U00380,Premium,2026-02-11,cancelled
S01519,U00461,Standard,2025-09-14,active
S01520,U00113,Family,2025-09-12,paused
S01521,U00980,Family,2026-06-09,cancelled
S01522,U00420,Family,2025-11-19,active
S01523,U00560,Basic,2026-06-03,cancelled
S01524,U00537,Family,2026-07-02,paused
S01525,U00388,Standard,2025-11-01,active
S01526,U00098,Family,2025-09-16,paused
S01527,U00023,Basic,2024-09-12,paused
S01528,U00779,Premium,2025-09-07,paused
S01529,U00111,Family,2025-06-16,cancelled
S01530,U00746,Standard,2024-09-01,active
S01531,U00943,Premium,2024-11-22,expired
S01532,U00431,Family,2025-11-05,expired
S01533,U00468,Basic,2025-09-18,expired
S01534,U00787,Basic,2026-02-18,expired
S01535,U00351,Basic,2024-07-15,active
S01536,U00155,Standard,2024-08-29,cancelled
S01537,U00596,Family,2025-11-08,cancelled
S01538,U00444,Family,2026-03-15,paused
S01539,U00762,Premium,2025-11-13,expired
S01540,U00963,Basic,2026-06-06,active
S01541,,Standard,2025-02-01,cancelled
S01542,U00518,Basic,2025-07-10,paused
S01543,U00881,Premium,2025-02-18,active
S01544,U00199,Premium,2026-01-20,cancelled
S01545,U00378,Family,2025-08-08,expired
S01546,U00915,Family,2025-07-30,cancelled
S01547,U00679,Basic,2026-07-24,active
S01548,U00657,Basic,2025-04-30,cancelled
S01549,U99999,Premium,2025-10-15,paused
S01550,U00273,Family,2026-04-27,paused
S01551,U99999,Standard,2024-07-31,paused
S01552,U00548,Standard,2024-11-19,active
S01553,U00580,Family,2025-04-17,cancelled
S01554,U00886,Premium,2025-09-29,active
S01555,U00706,Premium,2024-07-23,paused
S01556,U00359,Standard,2025-03-20,expired
S01557,U00609,Family,2025-01-13,paused
S01558,U00235,Standard,2024-07-31,paused
S01559,U00751,Family,2025-08-19,paused
S01560,U00444,Standard,2024-11-30,active
S01561,U00787,Standard,2024-06-28,expired
S01562,U00320,Standard,2026-07-27,unknown
S01563,U00196,Premium,2024-12-28,paused
S01564,U00151,Basic,2024-12-25,active
S01565,U00823,Basic,2026-07-31,cancelled
S01566,U00807,Family,2025-05-16,active
S01567,U00293,Basic,2025-03-05,expired
S01568,U00662,Gold,2025-01-22,cancelled
S01569,U00858,Family,2024-06-25,cancelled
S01570,U00845,Premium,2024-09-30,cancelled
S01571,U00373,Premium,2024-08-09,active
S01572,U00379,,2024-07-29,paused
S01573,U00629,Basic,2026-99-99,active
S01574,U00559,Standard,2026-03-04,cancelled
S01575,U00302,Family,2024-09-01,paused
S01576,U00627,Family,2025-04-08,active
S01577,U00513,Premium,not-a-date,paused
S01578,U00147,Basic,2026-02-04,active
S01579,U00316,Family,2025-05-30,active
S01580,U00092,Premium,2025-02-13,paused
S01581,U00015,Premium,2025-03-17,paused
S01582,U00015,Premium,2025-09-14,active
S01583,U00102,Premium,2025-04-05,expired
S01584,U00637,Basic,2024-08-09,cancelled
S01585,U00541,Standard,2024-10-01,ACTIVE 
S01586,U00092,Basic,2025-10-25,active
S01587,U00296,Premium,2025-03-26,active
S01588,U00727,Standard,2024-10-29,active
S01589,U00181,Basic,2026-07-29,expired
S01590,U00520,Family,2024-06-26,expired
S01591,U00004,Standard,2026-07-29,cancelled
S01592,,Standard,2025-09-17,expired
S01593,U00538,Standard,2026-08-22,active
S01594,U00622,Premium,2025-12-22,cancelled
S01595,U00454,Family,2025-05-29,cancelled
S01596,U00874,Family,2025-02-12,paused
S01597,U00863,Standard,2024-10-21,paused
S01598,U00383,Standard,2026-01-08,active
S01599,U00224,Premium,2025-08-09,cancelled
S01600,U00232,Basic,2026-05-17,paused
S01601,U00970,Basic,2026-03-02,active
S01602,U00331,Standard,2025-08-17,cancelled
S01603,U00969,Premium,2026-02-21,expired
S01604,U00468,Basic,2026-06-18,paused
S01605,U00970,Premium,2026-06-16,paused
S01606,U00196,Gold,2026-06-16,expired
S01607,U00230,Premium,2026-01-28,expired
S01608,U00010,,2024-12-13,paused
S01609,U00005,Gold,2025-07-10,cancelled
S01610,U00396,Basic,2024-12-25,expired
S01611,U00806,Basic,2024-11-10,active
S01612,U00463,Family,2025-05-17,cancelled
S01613,U00609,Basic,2025-06-20,cancelled
S01614,U00599,Basic,2025-07-13,paused
S01615,U00108,Basic,2025-08-08,cancelled
S01616,U00193,Standard,2026-08-13,expired
S01617,U00138,Basic,2025-06-04,paused
S01618,U00991,Premium,2025-09-29,paused
S01619,U00621,Family,2024-10-27,active
S01620,U00846,Family,2026-07-03,cancelled
S01621,U00994,Premium,2025-11-15,active
S01622,U99999,Family,2026-04-26,cancelled
S01623,U00594,,2025-01-02,expired
S01624,U00173,Family,2026-06-28,paused
S01625,U00687,Standard,2025-11-21,cancelled
S01626,U00940,Premium,2025-09-10,expired
S01627,U00999,Standard,2025-01-24,expired
S01628,U00547,Standard,2024-07-09,paused
S01629,,Basic,2026-99-99,expired
S01630,U00878,Standard,2025-06-12,expired
S01631,U00330,Family,2025-10-19,active
S01632,U00821,Standard,2025-08-24,active
S01633,U99999,Standard,2025-10-16,paused
S01634,U00567,Family,2024-08-27,cancelled
S01635,U00694,Standard,2025-06-18,cancelled
S01636,U00010,Premium,2025-10-18,paused
S01637,U00009,Basic,2025-12-08,cancelled
S01638,U00199,Basic,2025-03-26,cancelled
S01639,U00225,Premium,2026-06-24,expired
S01640,U00332,Family,2025-11-22,active
S01641,U00706,Family,2024-12-19,paused
S01642,U00044,Basic,2025-05-09,paused
S01643,U00254,Standard,2024-07-12,paused
S01644,U00111,Premium,2025-05-14,cancelled
S01645,U00443,Basic,2025-12-09,paused
S01646,U00509,Standard,2026-07-31,paused
S01647,U00152,Family,2025-10-04,cancelled
S01648,U00836,Basic,2025-03-11,active
S01649,U00766,Standard,2026-02-26,active
S01650,U00870,PREM,2026-06-19,paused
S01651,U00308,Family,2025-12-26,expired
S01652,U00407,Premium,2025-01-18,paused
S01653,U00845,Family,2026-05-15,expired
S01654,U00454,Premium,2025-08-22,expired
S01655,U00142,Family,2026-07-07,expired
S01656,U00062,Premium,2024-08-09,cancelled
S01657,U00815,Family,2025-06-21,paused
S01658,U99999,Family,2026-04-29,active
S01659,U00059,Standard,2025-09-23,active
S01660,U00072,Family,2025-04-03,expired
S01661,U00292,Premium,2025-06-29,expired
S01662,U00799,Family,2025-06-25,active
S01663,U00451,Standard,2025-05-18,expired
S01664,U00747,Family,2025-12-26,paused
S01665,U00989,Basic,2026-03-26,paused
S01666,U00283,Family,2024-08-02,expired
S01667,U00895,Premium,2024-06-17,paused
S01668,U00114,Premium,2025-12-16,active
S01669,U00293,Family,2026-99-99,active
S01670,U00222,Family,2024-09-03,expired
S01671,U99999,Family,2026-06-03,cancelled
S01672,U00551,Premium,2026-02-03,paused
S01673,U00177,,2025-03-27,expired
S01674,U00239,Gold,2024-10-05,active
S01675,U00986,Premium,2025-06-11,cancelled
S01676,U00203,Premium,2026-03-10,ACTIVE 
S01677,U00614,Standard,2025-07-21,active
S01678,U00878,Standard,2026-01-17,expired
S01679,U00831,Family,2024-08-05,paused
S01680,U00858,Standard,2025-10-06,paused
S01681,U00104,Premium,2024-10-20,paused
S01682,U00308,Basic,2025-03-04,expired
S01683,U00884,Basic,2025-04-04,active
S01684,U00426,Family,2026-07-02,paused
S01685,U00801,Premium,2025-08-02,active
S01686,U00190,Standard,2025-10-07,active
S01687,U00449,Premium,2025-11-30,paused
S01688,U00235,Basic,2025-08-01,cancelled
S01689,U00049,Basic,2026-08-30,paused
S01690,U00225,Premium,2024-11-27,paused
S01691,U00769,Standard,2026-08-22,paused
S01692,U00701,Premium,2025-01-05,expired
S01693,U00308,Standard,2024-12-17,expired
S01694,U00879,Basic,2024-06-24,active
S01695,U00083,Standard,2026-05-22,paused
S01696,U00556,Family,2025-08-10,expired
S01697,U00263,Basic,2024-10-12,expired
S01698,U00581,Premium,2025-09-14,active
S01699,U00260,Standard,2025-12-18,paused
S01700,U00799,Basic,2025-09-21,active
S01701,U00343,,2025-04-08,expired
S01702,U00339,Premium,2024-12-14,cancelled
S01703,U00431,Standard,2025-02-05,expired
S01704,U00770,Family,2024-10-07,paused
S01705,U00525,Premium,2026-06-20,expired
S01706,U00719,Basic,2025-04-10,expired
S01707,U00430,Family,2026-05-07,cancelled
S01708,U00037,Standard,2026-06-13,cancelled
S01709,U00715,Basic,2026-02-08,expired
S01710,U00159,Standard,2026-06-10,cancelled
S01711,U00840,Premium,2024-09-29,paused
S01712,U00814,Standard,2024-10-27,cancelled
S01713,U00282,Standard,2025-09-17,expired
S01714,U00043,Basic,2025-06-20,cancelled
S01715,U00918,Standard,2026-08-07,paused
S01716,U00876,Standard,2024-11-05,active
S01717,U00326,Basic,2026-06-01,paused
S01718,U00712,Family,2024-06-07,cancelled
S01719,U00919,Basic,2024-10-16,expired
S01720,U00127,,2025-04-28,expired
S01721,UNKNOWN,Standard,2024-11-14,expired
S01722,U00953,,2026-04-07,active
S01723,U00031,Standard,2024-08-27,cancelled
S01724,U00208,Premium,2026-07-16,expired
S01725,,Standard,2024-06-19,active
S01726,U00184,Basic,2024-10-24,cancelled
S01727,U00394,Standard,,paused
S01728,U00690,Standard,2026-07-09,unknown
S01729,U00855,Standard,2026-08-20,cancelled
S01730,U00535,Basic,2026-07-10,active
S01731,U00113,Basic,2026-01-20,expired
S01732,U00647,Basic,2024-12-30,active
S01733,U00344,Family,2024-11-22,expired
S01734,U00768,Standard,2025-09-05,active
S01735,U00891,Premium,2025-10-26,active
S01736,U00964,Premium,2024-10-12,expired
S01737,U99999,Premium,2025-05-06,active
S01738,U00915,Basic,2024-10-03,expired
S01739,U00896,Family,2026-01-26,active
S01740,U00950,Basic,2025-08-16,cancelled
S01741,U00308,Basic,2026-03-27,expired
S01742,U00290,Family,,active
S01743,U00412,Family,2025-02-21,active
S01744,U00210,Basic,2024-06-03,paused
S01745,U00580,Family,2025-06-30,expired
S01746,U00951,Family,2025-11-20,expired
S01747,U00047,Premium,2024-09-03,cancelled
S01748,U00384,Standard,2025-02-08,expired
S01749,U00900,Standard,2026-08-28,active
S01750,U00209,Standard,2025-08-26,active
S01751,U00730,Standard,2026-07-01,active
S01752,U00900,Premium,2025-10-24,expired
S01753,U00573,Standard,2026-02-20,active
S01754,U00196,Standard,2025-06-12,cancelled
S01755,U00206,Basic,2026-01-05,expired
S01756,U00915,Family,2025-10-26,cancelled
S01757,U00155,Standard,2025-03-28,paused
S01758,U00125,Premium,2024-09-26,expired
S01759,U00266,Premium,2025-04-02,expired
S01760,U00573,Family,2025-07-31,expired
S01761,U00660,Premium,2024-10-17,active
S01762,U00720,Basic,2025-01-19,paused
S01763,U00538,Standard,2026-04-15,cancelled
S01764,U00744,Premium,2025-08-30,cancelled
S01765,U00960,Premium,2026-06-25,active
S01766,U00453,Family,2025-10-02,expired
S01767,U00645,Family,2026-05-06,paused
S01768,U00117,Family,2026-99-99,cancelled
S01769,U00562,Family,not-a-date,active
S01770,U00499,Premium,2025-07-09,expired
S01771,U00809,Standard,2024-11-29,paused
S01772,U00274,Premium,2025-03-22,paused
S01773,U00087,Basic,2025-02-07,paused
S01774,U00335,Family,2025-04-23,active
S01775,U00079,Basic,2025-06-07,expired
S01776,U00161,Basic,2025-01-15,expired
S01777,U00970,PREM,2025-11-18,paused
S01778,U00133,Basic,2025-07-12,paused
S01779,U00678,Premium,2025-04-01,paused
S01780,U00262,Premium,2025-05-12,cancelled
S01781,U00900,Family,2025-09-20,cancelled
S01782,U00352,Premium,2024-06-23,expired
S01783,U00934,Basic,2024-09-29,cancelled
S01784,,PREM,2026-06-03,expired
S01785,U00616,Premium,2025-02-26,expired
S01786,U00964,Basic,2026-02-11,paused
S01787,U00373,Standard,2024-08-11,paused
S01788,U00359,Family,,cancelled
S01789,U00231,Family,2026-07-30,cancelled
S01790,U00004,Family,2026-08-19,paused
S01791,U00101,Standard,2025-10-06,cancelled
S01792,U00318,Premium,2025-12-06,expired
S01793,U00400,Standard,2024-08-25,paused
S01794,U00992,Standard,2026-02-17,active
S01795,U00802,Basic,2024-12-18,active
S01796,U00531,Standard,2025-12-26,active
S01797,U00835,Standard,2026-06-15,active
S01798,U00787,Standard,2025-08-04,expired
S01799,U00765,Basic,2025-10-21,cancelled
S01800,U00010,Premium,2025-12-15,expired
S01801,U00577,Premium,2025-03-02,cancelled
S01802,U00730,,2026-07-19,expired
S01803,U00359,Basic,2025-11-14,expired
S01804,U00494,Premium,2025-04-29,paused
S01805,U00435,Basic,2026-05-07,cancelled
S01806,U00882,Gold,2025-05-12,paused
S01807,U00405,Family,2025-11-04,paused
S01808,U00252,Basic,2025-03-29,active
S01809,U00154,Standard,2024-10-03,paused
S01810,U00667,Standard,2025-05-24,active
S01811,U00136,Basic,2024-11-07,cancelled
S01812,U00869,Premium,2026-99-99,cancelled
S01813,U00335,Basic,2026-01-08,active
S01814,U00380,Basic,2025-08-11,cancelled
S01815,U00891,Basic,2024-10-24,active
S01816,U00091,Family,2025-07-23,expired
S01817,U00513,Premium,2024-07-11,
S01818,U00760,Basic,2025-11-22,expired
S01819,U00793,Premium,2024-07-10,expired
S01820,U00711,Family,2025-05-04,active
S01821,U00254,Basic,2025-01-31,
S01822,U00860,Standard,2024-06-13,expired
S01823,U00769,Family,2025-06-17,active
S01824,U00285,Standard,2024-07-19,paused
S01825,U00394,Family,2024-09-24,expired
S01826,U00688,Premium,2025-10-28,cancelled
S01827,U00233,Standard,2026-03-27,cancelled
S01828,U00785,Family,2025-05-12,active
S01829,U00441,Family,2025-10-07,cancelled
S01830,U00743,Family,2026-01-19,active
S01831,U00070,Standard,2025-12-15,cancelled
S01832,U00822,Family,2025-08-11,expired
S01833,U00181,Standard,2025-04-12,paused
S01834,U00608,Family,2024-07-03,paused
S01835,U00963,Basic,,paused
S01836,U00120,Family,2025-04-10,expired
S01837,U00323,Standard,2025-03-11,cancelled
S01838,U00570,Basic,2025-06-02,expired
S01839,U00052,Standard,2026-08-07,paused
S01840,,Family,2025-09-30,active
S01841,U00085,Basic,2025-04-30,expired
S01842,U00574,Gold,2025-05-19,cancelled
S01843,U00224,Standard,2024-06-14,paused
S01844,U00488,Standard,2024-10-26,paused
S01845,U00894,Standard,2026-07-17,active
S01846,U00504,Basic,2025-01-25,expired
S01847,U00236,Family,2025-05-31,expired
S01848,U00744,Family,2025-12-25,expired
S01849,U99999,Premium,2025-01-10,active
S01850,U00395,Family,2025-11-04,paused
S01851,U00444,Premium,2026-02-16,expired
S01852,U00093,Family,2024-07-03,active
S01853,U00971,Standard,2026-01-20,active
S01854,U00399,Basic,2025-06-05,paused
S01855,U00090,Basic,2026-03-29,active
S01856,U00089,Family,2025-01-05,paused
S01857,U00300,Family,,paused
S01858,U00656,Basic,,paused
S01859,U00187,Standard,2024-10-29,active
S01860,U00251,Premium,2025-05-14,cancelled
S01861,U00066,Basic,2025-10-01,paused
S01862,U00802,Premium,2025-10-01,active
S01863,U00201,Premium,2025-06-07,cancelled
S01864,U00289,Premium,2025-09-09,expired
S01865,U00015,Basic,2025-09-15,active
S01866,U00937,Basic,2025-08-30,paused
S01867,U00066,Premium,2026-07-05,expired
S01868,U00651,Basic,2024-06-21,active
S01869,U00127,Standard,2025-05-04,active
S01870,U00479,Family,2024-12-20,cancelled
S01871,U00216,Standard,2025-01-12,
S01872,U00735,Premium,2026-99-99,ACTIVE 
S01873,U00801,Standard,2025-04-01,paused
S01874,U00800,Family,2026-03-14,paused
S01875,U00370,Standard,2026-07-01,active
S01876,U00514,Basic,2025-09-17,active
S01877,U99999,Premium,,expired
S01878,U00064,Basic,2026-06-18,active
S01879,U00762,Basic,2024-08-12,expired
S01880,U00887,Standard,2024-07-30,paused
S01881,U00559,Premium,2024-11-10,
S01882,U00551,Family,2026-07-01,paused
S01883,U00286,Standard,2024-09-06,active
S01884,,Premium,2025-09-20,expired
S01885,U00907,Standard,2026-07-13,expired
S01886,U00063,Basic,2026-03-11,cancelled
S01887,U00038,Family,2025-01-06,paused
S01888,U00583,Standard,2025-04-01,expired
S01889,U00320,,2025-02-27,paused
S01890,U00191,Premium,2026-03-06,cancelled
S01891,U00575,Family,2026-05-07,paused
S01892,U00460,Premium,,paused
S01893,U00445,Basic,2026-01-23,ACTIVE 
S01894,U00887,Basic,2026-02-26,expired
S01895,U00319,Premium,2024-06-12,paused
S01896,U00859,Premium,2025-04-29,active
S01897,U00726,Premium,2024-10-16,expired
S01898,U00762,Family,2024-11-22,cancelled
S01899,U00324,Standard,2026-06-14,active
S01900,U00162,Premium,2025-07-30,paused
S01901,U00152,Basic,2025-12-18,paused
S01902,U00410,Family,2026-06-14,cancelled
S01903,U00207,Standard,2026-03-14,expired
S01904,U00638,Family,2024-10-08,active
S01905,U00719,Standard,not-a-date,paused
S01906,U00882,Basic,2025-07-23,expired
S01907,U00480,Standard,2025-01-01,active
S01908,U00268,Basic,2024-11-10,cancelled
S01909,U00940,Basic,2026-99-99,active
S01910,U00853,Premium,2025-11-05,cancelled
S01911,U00600,Premium,2026-06-17,paused
S01912,U00378,Basic,2025-11-10,expired
S01913,U00555,Standard,2025-11-24,expired
S01914,U00217,Basic,2026-01-25,paused
S01915,U00041,Family,2024-10-27,active
S01916,U00897,Standard,2025-06-30,active
S01917,U00346,Premium,2025-07-31,paused
S01918,U00717,Premium,2025-12-22,active
S01919,U00473,Basic,2024-10-15,cancelled
S01920,U00473,Standard,2026-01-01,paused
S01921,U00106,Gold,2026-05-28,active
S01922,U00748,Family,2025-05-05,expired
S01923,U00412,Family,2025-03-23,active
S01924,U00694,Family,2025-06-15,expired
S01925,U00265,Family,2026-99-99,cancelled
S01926,U00671,Family,2026-06-25,ACTIVE 
S01927,U00601,Premium,2025-03-07,active
S01928,U00447,Basic,2026-03-03,expired
S01929,U00386,Basic,2026-02-20,active
S01930,U00331,Basic,2025-09-19,
S01931,U00220,Family,2025-11-27,
S01932,U00037,Family,2024-06-15,expired
S01933,U00575,Standard,2025-12-13,paused
S01934,U00209,Family,not-a-date,cancelled
S01935,U00688,Basic,2025-07-07,cancelled
S01936,U00578,Family,2024-08-11,expired
S01937,U00854,Basic,2025-07-31,cancelled
S01938,U00676,Premium,2025-10-09,active
S01939,U00093,Premium,2025-11-21,expired
S01940,U00070,Basic,2026-08-11,paused
S01941,U00857,Premium,2025-03-09,cancelled
S01942,U00940,Premium,2025-08-23,paused
S01943,U00435,Family,2026-08-30,cancelled
S01944,U99999,Standard,2025-05-03,expired
S01945,U00162,Basic,2025-02-24,cancelled
S01946,U00251,Standard,2024-06-15,cancelled
S01947,U00991,Family,2025-04-07,active
S01948,U00151,Family,2025-09-12,expired
S01949,U00792,Basic,2025-08-26,expired
S01950,U00056,Basic,2025-04-22,cancelled
S01951,U00682,Standard,2026-05-19,paused
S01952,U00767,Premium,2025-12-29,paused
S01953,U00137,Basic,2024-10-06,active
S01954,U00442,Basic,2024-10-27,expired
S01955,U00664,Family,2026-08-09,expired
S01956,U00936,Standard,2025-07-02,expired
S01957,U00578,Basic,2025-06-04,paused
S01958,U00839,Premium,2025-08-18,expired
S01959,U00541,Premium,2026-08-29,expired
S01960,U00761,Premium,2025-10-31,cancelled
S01961,U00127,Family,2025-01-25,active
S01962,U00898,Standard,2025-06-29,cancelled
S01963,U00712,Premium,2025-09-26,cancelled
S01964,U00518,Premium,2026-02-05,active
S01965,,Standard,2025-10-21,paused
S01966,U00338,Basic,2024-10-12,active
S01967,U00816,Standard,2024-11-24,cancelled
S01968,U00648,Standard,2026-06-03,ACTIVE 
S01969,U00084,Standard,2025-12-08,paused
S01970,U00501,Standard,not-a-date,cancelled
S01971,U00362,Family,2025-06-07,
S01972,U00946,Premium,2025-03-12,expired
S01973,U00360,Basic,,expired
S01974,U00506,Basic,not-a-date,paused
S01975,U00580,Family,2025-05-08,active
S01976,U00182,Standard,2025-09-30,active
S01977,U00415,Standard,2025-10-08,expired
S01978,U00431,Premium,2025-01-25,paused
S01979,U00799,Standard,2025-10-04,cancelled
S01980,U00918,Basic,2026-07-26,cancelled
S01981,U00344,Basic,2026-04-10,paused
S01982,U00302,Premium,2026-08-26,expired
S01983,U00333,Standard,2025-12-09,cancelled
S01984,U00392,Basic,2025-11-26,active
S01985,U00597,Family,2026-06-06,cancelled
S01986,U00446,Premium,2025-09-25,active
S01987,U00827,Family,2025-09-17,paused
S01988,U00191,Family,2026-04-15,active
S01989,U00914,Standard,2024-12-16,active
S01990,U00194,Family,2024-11-12,active
S01991,U00656,Family,2025-02-07,expired
S01992,U00445,Basic,2025-10-17,active
S01993,U00438,Premium,2025-02-26,expired
S01994,U00034,Premium,2025-01-21,cancelled
S01995,U00555,Family,2024-12-17,active
S01996,U00713,Basic,2025-04-06,expired
S01997,U00984,Basic,2026-05-18,paused
S01998,U00249,Premium,2024-10-12,expired
S01999,U00701,Family,2024-09-01,expired
S02000,U00210,Family,2025-11-24,cancelled
S02001,U00024,Family,2024-12-10,active
S02002,U00778,PREM,2025-12-08,active
S02003,U00050,Family,2026-06-27,active
S02004,U00194,Premium,2026-07-01,expired
S02005,U00832,Standard,2026-01-23,cancelled
S02006,U00706,Premium,2025-10-03,cancelled
S02007,U00058,Premium,2025-08-02,active
S02008,U99999,Premium,2026-01-16,cancelled
S02009,U00694,Family,2025-09-10,expired
S02010,U00166,Family,2026-03-02,active
S02011,U00122,Family,2025-09-28,cancelled
S02012,U00696,Family,2026-03-18,active
S02013,U00549,Family,2026-04-09,paused
S02014,,Basic,2025-04-05,active
S02015,U00271,Standard,2025-11-17,cancelled
S02016,U00983,Standard,2025-05-05,expired
S02017,U00362,Standard,2026-04-15,expired
S02018,U00112,Premium,2026-06-23,cancelled
S02019,U00752,Standard,2026-02-24,active
S02020,U00466,Standard,2026-06-26,active
S02021,U00189,Standard,2025-11-28,active
S02022,U00796,Premium,2026-03-29,cancelled
S02023,U00473,Premium,,expired
S02024,U00824,Premium,2025-05-19,paused
S02025,U00409,Premium,2026-03-16,active
S02026,U00319,Standard,2025-07-01,cancelled
S02027,U00719,Family,2025-04-26,
S02028,U00701,Premium,2025-07-02,expired
S02029,,Premium,2025-07-31,unknown
S02030,U00138,Family,2024-06-11,active
S02031,U00268,Basic,2025-09-02,paused
S02032,U00718,Basic,2024-09-23,cancelled
S02033,U00991,Premium,2026-04-10,paused
S02034,U00922,Basic,2024-12-12,expired
S02035,U00506,Basic,2025-08-03,active
S02036,U00829,Family,2025-08-11,cancelled
S02037,U00654,Standard,2025-07-30,cancelled
S02038,UNKNOWN,Family,,expired
S02039,U00600,Basic,2025-03-19,cancelled
S02040,U00137,Standard,,cancelled
S02041,U00107,,2026-02-03,expired
S02042,U00854,Standard,2026-05-17,expired
S02043,U99999,Family,2026-07-13,active
S02044,U00789,Basic,2025-11-11,active
S02045,U00545,Standard,2024-11-08,paused
S02046,U00089,Standard,2026-02-06,cancelled
S02047,U00335,Premium,2025-12-07,active
S02048,U00109,Family,2025-01-25,active
S02049,U00475,Standard,2026-99-99,expired
S02050,U00624,Family,2024-11-04,paused
S02051,U00381,Family,2025-08-12,expired
S02052,U00678,Family,2026-04-20,active
S02053,U00564,Standard,2025-06-09,active
S02054,U00046,Family,2024-12-23,active
S02055,U00354,Standard,2025-01-08,paused
S02056,U00572,Premium,2025-11-22,expired
S02057,U00551,Standard,2026-06-15,expired
S02058,U00523,Standard,2024-06-11,paused
S02059,U00012,Basic,2026-01-05,expired
S02060,U00001,Basic,2025-02-02,active
S02061,U00891,Family,2025-07-18,expired
S02062,U00472,Basic,2025-04-22,expired
S02063,U00016,Premium,2026-01-03,paused
S02064,U00416,Basic,2024-11-02,expired
S02065,U00305,Basic,2026-07-21,active
S02066,U00200,Family,not-a-date,active
S02067,U00277,Basic,2024-10-16,active
S02068,U00512,Family,2025-08-15,paused
S02069,U00173,Gold,2025-03-02,cancelled
S02070,U00349,Standard,2026-04-28,
S02071,U00506,Basic,2026-05-04,active
S02072,U00581,Family,2024-11-30,expired
S02073,U00515,Family,2025-10-15,cancelled
S02074,U00131,,2024-09-25,paused
S02075,U00941,Standard,2026-06-22,expired
S02076,U00989,Basic,2024-08-02,paused
S02077,U00127,Basic,not-a-date,cancelled
S02078,U00013,Premium,2026-04-22,expired
S02079,U00672,Standard,2025-11-07,expired
S02080,U00423,Premium,2025-05-26,expired
S02081,U00553,Basic,2025-09-08,expired
S02082,U00418,Family,2024-08-27,paused
S02083,U99999,Standard,2025-10-31,paused
S02084,U00633,Standard,2026-05-17,active
S02085,U00323,Family,2024-07-16,paused
S02086,U00060,Standard,2024-06-03,expired
S02087,U00455,Family,2024-12-14,active
S02088,U00745,Standard,2024-10-17,expired
S02089,U00092,Family,2026-01-13,paused
S02090,U00871,PREM,2025-09-12,cancelled
S02091,U00368,Basic,2025-08-11,cancelled
S02092,U00261,Standard,2026-08-22,paused
S02093,U00947,Family,2026-05-28,paused
S02094,UNKNOWN,Family,2025-02-05,active
S02095,U00899,Basic,2026-05-25,cancelled
S02096,U00558,Family,2025-02-14,expired
S02097,U00462,Family,2025-12-20,cancelled
S02098,U00840,Premium,2024-11-16,expired
S02099,U00985,Basic,2026-04-06,paused
S02100,U00885,Basic,2025-11-02,expired
S02101,U00743,Family,2025-07-22,expired
S02102,U00753,Family,2025-04-30,expired
S02103,U00886,PREM,2025-11-19,expired
S02104,U00517,,2025-05-01,expired
S02105,U00662,Basic,2025-05-19,active
S02106,U00528,Family,2025-04-26,active
S02107,U00500,Premium,2025-06-05,paused
S02108,U00882,Family,2025-04-12,expired
S02109,U00158,Family,2026-03-31,expired
S02110,U00730,Standard,2026-05-01,cancelled
S02111,U00324,Basic,2026-02-20,paused
S02112,U00547,Premium,,expired
S02113,U00394,Standard,2026-01-15,paused
S02114,U00183,Basic,2024-10-16,cancelled
S02115,,Premium,2025-09-18,paused
S02116,U00305,Premium,2025-07-18,paused
S02117,U00505,,2025-11-30,paused
S02118,U00771,Standard,2024-07-18,expired
S02119,U00668,Standard,2025-08-13,expired
S02120,U00166,Basic,2024-12-12,active
S02121,U00915,Premium,2026-02-16,cancelled
S02122,U00913,Basic,2025-10-16,
S02123,U00783,Basic,2025-07-07,ACTIVE 
S02124,U00439,Standard,2026-05-21,paused
S02125,U00594,Basic,2024-10-03,cancelled
S02126,U00685,Standard,2026-03-13,active
S02127,U00270,Standard,2026-99-99,active
S02128,U00156,Premium,2026-04-01,cancelled
S02129,U00275,Basic,2024-11-22,active
S02130,U00643,Premium,2024-08-18,cancelled
S02131,U00166,Family,2025-04-30,paused
S02132,UNKNOWN,Family,2025-04-29,paused
S02133,U00080,Premium,2026-05-20,paused
S02134,U00580,Standard,2024-09-25,paused
S02135,U00833,Standard,2026-03-05,active
S02136,U00080,Basic,2026-99-99,paused
S02137,U00341,Basic,2025-01-22,paused
S02138,U00936,Standard,2025-04-18,paused
S02139,U00170,Premium,2025-08-06,expired
S02140,U00376,Family,2024-12-22,cancelled
S02141,U00639,Family,2026-03-21,active
S02142,U00006,Premium,2024-10-17,active
S02143,U00521,Standard,2025-08-22,active
S02144,U00887,Basic,2025-06-18,paused
S02145,U00352,Standard,2025-05-04,active
S02146,U00370,Family,2025-04-03,paused
S02147,U00931,Family,2025-03-26,expired
S02148,U00548,Standard,2025-11-10,cancelled
S02149,U00847,Standard,2026-05-29,paused
S02150,U00896,Family,2026-02-17,active
S02151,U00052,Basic,2025-08-13,expired
S02152,U00350,Basic,2025-02-21,cancelled
S02153,U00908,Premium,2026-03-19,active
S02154,U00363,Basic,2025-05-30,paused
S02155,U00736,Premium,2026-06-19,active
S02156,U00219,Basic,2026-08-19,active
S02157,U00698,Basic,2024-10-11,cancelled
S02158,U00898,Premium,2025-02-02,active
S02159,U00625,Premium,2024-11-11,paused
S02160,U00696,Basic,2025-03-06,expired
S02161,U00350,Premium,2025-10-30,cancelled
S02162,U00662,Premium,2024-07-08,active
S02163,U00995,Gold,2024-11-08,paused
S02164,U00419,Standard,2024-09-10,active
S02165,U00222,Premium,2026-03-31,expired
S02166,U00909,Family,2024-10-27,active
S02167,U00662,Basic,2024-12-04,expired
S02168,U00158,Basic,2025-08-16,active
S02169,UNKNOWN,Family,2024-11-15,paused
S02170,U00043,Standard,2025-08-07,active
S02171,U00385,,2025-08-04,expired
S02172,U99999,Basic,2026-08-21,active
S02173,U00062,Premium,2025-11-16,active
S02174,U00006,Premium,2026-07-18,active
S02175,U00452,Premium,2025-04-09,paused
S02176,U00718,Standard,2025-07-09,cancelled
S02177,U00074,Basic,2025-03-18,paused
S02178,U00175,Premium,2025-03-24,cancelled
S02179,U00995,Family,2024-06-25,cancelled
S02180,U00135,Premium,2025-10-15,ACTIVE 
S02181,U00775,Basic,2025-06-26,paused
S02182,U99999,Family,2025-04-04,cancelled
S02183,U00851,Basic,2024-08-27,cancelled
S02184,U00850,Premium,2024-11-04,expired
S02185,U00836,Basic,2024-10-14,cancelled
S02186,U00428,Basic,2026-08-14,cancelled
S02187,U00769,Standard,2025-07-24,expired
S02188,U00122,Gold,2026-04-06,active
S02189,U00024,Premium,2025-03-24,expired
S02190,U00894,Basic,2024-09-06,expired
S02191,U00787,Standard,2025-01-01,active
S02192,U00395,Basic,2025-07-30,ACTIVE 
S02193,U00902,Family,2026-01-01,paused
S02194,U00118,Family,2025-06-30,expired
S02195,U00783,Basic,2024-09-16,expired
S02196,U00858,Premium,2025-12-21,active
S02197,U00452,Family,2026-04-29,active
S02198,U00320,Premium,2025-11-14,cancelled
S02199,U00868,Basic,2025-05-22,
S02200,U00201,Standard,2025-02-18,active
S02201,U00379,Basic,2026-04-13,expired
S02202,U00184,Premium,2025-11-23,active
S02203,U00049,Basic,2026-05-16,cancelled
S02204,U00443,Basic,2026-05-11,paused
S02205,U00611,Basic,2025-07-17,active
S02206,U00357,Family,2026-03-25,active
S02207,,Standard,2025-02-09,paused
S02208,U00911,Premium,2024-07-01,ACTIVE 
S02209,U00024,Premium,2026-02-16,paused
S02210,U00141,Family,2025-09-06,cancelled
S02211,U00542,,2025-12-21,paused
S02212,U00449,Standard,2026-07-08,expired
S02213,U00583,Family,2026-07-29,cancelled
S02214,U00827,Standard,2024-10-29,paused
S02215,U99999,Basic,2024-06-26,cancelled
S02216,U00579,Basic,2025-11-10,active
S02217,U00836,Family,2025-09-06,expired
S02218,U00148,Basic,2025-11-11,cancelled
S02219,U00745,Family,2025-09-03,paused
S02220,UNKNOWN,Basic,2025-10-03,expired
S02221,U00845,Standard,2025-03-02,active
S02222,U00027,Basic,2025-06-02,active
S02223,U00468,Family,2025-03-30,active
S02224,U00456,Basic,,paused
S02225,U00423,Premium,2026-01-31,expired
S02226,U00484,Basic,2026-03-18,cancelled
S02227,U00846,Basic,2024-06-29,active
S02228,U00531,PREM,2025-09-04,paused
S02229,U00628,Standard,2024-12-10,expired
S02230,U00991,Standard,2024-06-19,expired
S02231,U00140,Family,2026-99-99,paused
S02232,U00706,Basic,2026-02-28,cancelled
S02233,U00511,Standard,2024-10-24,cancelled
S02234,U00501,Family,2026-06-18,cancelled
S02235,U00180,Premium,2026-08-19,paused
S02236,U00627,,2026-05-19,expired
S02237,UNKNOWN,Basic,2024-11-21,expired
S02238,U00352,Basic,2025-06-24,cancelled
S02239,U00854,Premium,2024-06-24,expired
S02240,U00012,Gold,2026-06-22,expired
S02241,U00997,Standard,2026-03-11,paused
S02242,U00248,Standard,2026-08-15,cancelled
S02243,U00255,Family,2024-08-02,paused
S02244,U00369,Premium,2025-05-06,cancelled
S02245,U00343,Family,2025-10-23,paused
S02246,U00611,Standard,2024-06-25,
S02247,U00392,Premium,2025-01-06,active
S02248,U00160,Premium,2024-11-09,active
S02249,U00895,Standard,2025-09-13,cancelled
S02250,U00251,Basic,2026-07-23,active
S02251,U00045,Basic,2024-10-17,paused
S02252,U00125,Basic,2026-99-99,cancelled
S02253,U00036,Basic,2024-07-31,active
S02254,U00518,Basic,2024-12-09,expired
S02255,U00282,Standard,2026-01-14,paused
S02256,U00766,Basic,2024-07-28,paused
S02257,U00135,Basic,2024-11-03,active
S02258,U00996,Family,2024-07-15,expired
S02259,U00053,Standard,2026-02-05,paused
S02260,U00380,Premium,2024-07-08,paused
S02261,U00048,Basic,2026-07-28,expired
S02262,U00178,Standard,2024-12-30,cancelled
S02263,U00437,Family,2025-09-01,expired
S02264,U00682,Family,2026-02-19,paused
S02265,U00995,,2026-02-02,paused
S02266,U00030,Premium,not-a-date,expired
S02267,U00900,Standard,2024-12-12,expired
S02268,U00564,Premium,2025-09-14,cancelled
S02269,U00184,Basic,2024-09-10,active
S02270,U00205,Premium,2025-04-09,cancelled
S02271,U00859,Standard,,cancelled
S02272,U00505,Family,2024-10-01,active
S02273,U00453,Premium,2025-06-03,active
S02274,U00718,Family,2024-08-17,cancelled
S02275,U00993,Standard,2025-09-21,cancelled
S02276,U00518,Premium,2025-04-21,expired
S02277,U00575,Basic,2024-06-09,
S02278,U00074,Family,2026-04-13,active
S02279,U00910,Standard,2024-07-24,active
S02280,U00747,Gold,2025-06-26,paused
S02281,U00912,Basic,2025-04-12,cancelled
S02282,U00871,Basic,2026-06-01,expired
S02283,U00835,Standard,2026-05-21,paused
S02284,U00911,Premium,2025-11-02,active
S02285,U00574,Basic,2025-09-14,active
S02286,U00104,Standard,2024-07-31,active
S02287,U00791,Basic,2025-12-09,cancelled
S02288,U00032,Premium,2026-07-19,cancelled
S02289,U00372,Family,2025-09-13,cancelled
S02290,U00750,Basic,2026-08-28,cancelled
S02291,U00399,Standard,2026-04-26,paused
S02292,U00700,Premium,2025-05-20,active
S02293,U00354,Standard,2025-08-06,paused
S02294,U00909,Family,2025-09-24,ACTIVE 
S02295,U00980,Standard,2024-09-14,expired
S02296,U00584,Premium,2026-07-25,expired
S02297,U00356,Standard,2026-06-13,paused
S02298,U00902,Basic,2024-11-25,cancelled
S02299,U00056,Basic,2026-08-13,expired
S02300,U00026,Standard,2024-06-19,paused
S02301,U00942,Premium,2026-04-15,expired
S02302,U00963,Standard,2025-08-17,active
S02303,U00341,Basic,2025-06-22,paused
S02304,U00247,Premium,2026-04-15,active
S02305,U00706,Standard,2025-03-28,active
S02306,U00141,Basic,2026-03-10,paused
S02307,U00845,Premium,2026-07-02,active
S02308,U00729,Standard,2025-04-03,active
S02309,U00260,Standard,2025-01-12,cancelled
S02310,U00017,Standard,2024-09-17,expired
S02311,U00691,Family,2025-07-30,active
S02312,U00959,Premium,2024-06-21,paused
S02313,,Basic,2026-02-25,expired
S02314,U00976,Family,2025-09-10,expired
S02315,U00211,Basic,,active
S02316,U00867,Standard,2024-10-05,expired
S02317,U00829,Standard,2025-03-07,active
S02318,U00353,Standard,2025-07-13,paused
S02319,U00209,Standard,2025-11-24,paused
S02320,U00305,Basic,2025-07-24,ACTIVE 
S02321,U00823,Family,2026-07-23,paused
S02322,U00358,Family,2026-03-12,paused
S02323,U00252,Basic,2025-06-16,active
S02324,U00609,Basic,2026-03-24,active
S02325,U00124,Premium,2026-01-30,cancelled
S02326,U00025,Family,2026-08-16,active
S02327,U00825,Premium,2024-09-06,expired
S02328,U00024,Family,2024-12-04,active
S02329,U00313,Standard,2025-12-15,cancelled
S02330,U00222,Family,2024-06-16,paused
S02331,U00820,Standard,2025-05-11,expired
S02332,U00952,Standard,2025-11-13,active
S02333,U00109,Family,2026-05-24,active
S02334,U00217,Family,2025-11-24,active
S02335,U00837,Family,2025-09-18,paused
S02336,U00487,Basic,2025-01-15,expired
S02337,U00332,Basic,2025-11-06,active
S02338,U00706,Premium,2026-02-03,paused
S02339,U00767,Basic,2026-06-24,paused
S02340,U00665,Gold,2025-06-02,cancelled
S02341,U00269,Standard,2026-03-03,cancelled
S02342,U00405,Family,2024-10-22,active
S02343,U00684,Premium,2026-06-24,active
S02344,U00629,Standard,2025-08-01,paused
S02345,U00299,Family,2026-03-02,active
S02346,U00103,Standard,2025-01-05,cancelled
S02347,U00434,Family,2025-06-20,cancelled
S02348,U00954,Basic,2024-07-28,expired
S02349,U00887,Basic,2024-12-11,active
S02350,U00650,Standard,2025-04-30,paused
S02351,U00898,Family,2024-09-22,expired
S02352,U00157,Family,2026-03-05,paused
S02353,U00136,Basic,2026-08-21,cancelled
S02354,U00303,Standard,2024-08-14,active
S02355,U00535,Family,2026-05-25,cancelled
S02356,U00437,Family,2024-06-21,active
S02357,U00396,Basic,2025-02-16,
S02358,U99999,Family,2025-03-31,ACTIVE 
S02359,U00121,Family,2025-06-02,cancelled
S02360,U00319,Premium,2025-04-02,active
S02361,U00649,Family,2025-03-30,paused
S02362,U00462,Family,2025-06-28,paused
S02363,U00106,Premium,2024-06-26,paused
S02364,U00958,Standard,2025-11-29,active
S02365,U00443,Basic,2026-04-08,cancelled
S02366,U00218,,2025-03-11,expired
S02367,U00570,Family,2026-07-14,cancelled
S02368,U00061,Family,2025-01-23,active
S02369,U00065,Standard,2025-09-27,active
S02370,U00310,Standard,2026-03-18,cancelled
S02371,U00845,Family,2024-07-22,active
S02372,U00105,Basic,2026-07-02,active
S02373,U00210,Basic,2026-04-07,paused
S02374,UNKNOWN,Family,2024-06-04,cancelled
S02375,U00335,Standard,2026-08-01,cancelled
S02376,U00947,Standard,2025-03-20,paused
S02377,U00681,Family,2024-11-06,paused
S02378,U00895,Premium,2024-06-28,cancelled
S02379,U00854,Family,2025-11-24,active
S02380,U00004,Basic,2025-09-19,expired
S02381,U00117,Basic,2025-05-30,expired
S02382,U00037,Premium,2025-04-28,active
S02383,U00447,Standard,2025-09-13,cancelled
S02384,U00301,Basic,2025-07-02,active
S02385,U00649,Family,2026-01-30,paused
S02386,U00179,Standard,2024-11-20,paused
S02387,U00287,Basic,2026-04-08,cancelled
S02388,U00137,Premium,2025-07-09,active
S02389,U00291,Standard,2026-06-05,cancelled
S02390,U00299,Family,2024-08-23,expired
S02391,U00282,Premium,2025-03-29,paused
S02392,U00207,Family,2026-05-26,paused
S02393,U00914,Basic,2024-12-20,expired
S02394,U99999,Basic,2025-12-11,paused
S02395,U00919,Family,2026-03-16,expired
S02396,U00136,Premium,2026-07-02,active
S02397,U00771,Standard,2026-02-09,cancelled
S02398,U00592,Family,,paused
S02399,U00414,Premium,2025-12-15,active
S02400,U00085,Standard,2024-12-15,cancelled
S02401,U00604,Family,2026-08-02,active
S02402,U00470,Basic,2026-08-10,cancelled
S02403,U00772,Premium,2025-08-31,cancelled
S02404,U00067,,2026-06-07,expired
S02405,U00634,Premium,2025-10-27,active
S02406,U00750,Standard,2025-03-21,expired
S02407,U00051,Standard,2025-06-09,cancelled
S02408,U00077,Basic,2026-02-16,paused
S02409,U00625,Premium,2026-06-06,paused
S02410,U00344,Premium,2025-11-15,active
S02411,U00287,Basic,2026-08-02,active
S02412,U00862,Family,2024-06-26,active
S02413,U00112,Standard,2024-06-30,active
S02414,U00970,Family,2025-03-11,active
S02415,U00207,Premium,2026-99-99,paused
S02416,U00127,Standard,2025-06-11,active
S02417,U00338,Family,2024-10-18,expired
S02418,U00233,Premium,2026-07-21,active
S02419,U00366,Basic,2024-10-01,expired
S02420,U00440,Standard,2024-06-20,expired
S02421,U00916,Family,2024-06-13,expired
S02422,U00231,Premium,2026-05-31,cancelled
S02423,U00110,Premium,2025-02-21,expired
S02424,U00027,Premium,2026-06-27,paused
S02425,U00652,Premium,2025-07-01,paused
S02426,U00781,Premium,2024-08-11,paused
S02427,U00494,Standard,2026-05-06,expired
S02428,U99999,Standard,2025-03-19,active
S02429,U00134,Premium,2026-01-18,active
S02430,U00243,Premium,2026-04-15,expired
S02431,U00416,Premium,2024-07-30,expired
S02432,U00562,Premium,2025-02-18,expired
S02433,U00566,Family,2025-05-10,cancelled
S02434,U00970,Premium,2025-07-08,paused
S02435,U00174,Family,2026-08-29,cancelled
S02436,U00165,,2024-09-09,cancelled
S02437,U00479,Basic,2026-06-24,active
S02438,U00799,Basic,2025-05-11,active
S02439,U00708,Family,,cancelled
S02440,U00956,Premium,2024-12-24,cancelled
S02441,U00215,Basic,2025-10-30,cancelled
S02442,U00271,Premium,2025-12-16,expired
S02443,U00594,Premium,2025-09-08,cancelled
S02444,U00133,Standard,2025-08-24,paused
S02445,U00458,Standard,2026-07-28,cancelled
S02446,U00858,Premium,2026-04-10,paused
S02447,U00938,Family,2024-07-13,active
S02448,U00586,Standard,2025-09-03,paused
S02449,U00321,Basic,2026-99-99,expired
S02450,U00195,Premium,2025-01-18,cancelled
S02451,U00948,Standard,2026-99-99,cancelled
S02452,U00425,Basic,2024-10-01,cancelled
S02453,U00370,Family,2026-05-01,active
S02454,U00374,Basic,2025-04-20,active
S02455,U00628,Standard,2026-02-14,active
S02456,U00498,Basic,2026-05-25,paused
S02457,U00032,Basic,2026-04-29,cancelled
S02458,U00002,Basic,2026-06-25,expired
S02459,U00266,Basic,2026-02-19,cancelled
S02460,U00559,Premium,2024-08-16,active
S02461,U00759,Basic,2025-09-01,expired
S02462,U00095,Premium,2024-07-04,active
S02463,U00811,Standard,2025-03-06,paused
S02464,U00094,Basic,2026-05-08,active
S02465,U00458,Family,2024-10-10,cancelled
S02466,U00915,Family,2025-01-30,cancelled
S02467,U00884,Standard,2026-05-31,paused
S02468,U00878,Family,2024-11-29,expired
S02469,U00467,Standard,2025-07-26,expired
S02470,U00313,Standard,2024-11-16,active
S02471,U00810,Gold,2025-02-14,cancelled
S02472,U00194,Standard,2025-03-16,cancelled
S02473,U00403,Standard,2025-09-13,unknown
S02474,U00523,Family,2025-04-01,active
S02475,U00762,Standard,2025-06-28,active
S02476,U00560,Basic,2024-08-31,expired
S02477,U00451,Family,2025-09-26,
S02478,U00369,Premium,2025-07-28,unknown
S02479,U00247,Basic,2025-10-21,cancelled
S02480,U00211,Standard,2025-07-11,paused
S02481,U00808,Premium,2025-03-07,active
S02482,U00327,Family,2026-05-22,paused
S02483,U00370,Standard,2025-12-20,cancelled
S02484,U00613,Basic,2025-06-13,expired
S02485,U00664,Standard,2026-06-03,active
S02486,U00123,Standard,2025-08-24,paused
S02487,U99999,Standard,2024-08-20,paused
S02488,U00293,Standard,2026-07-03,active
S02489,U00487,Gold,2026-04-29,expired
S02490,U00382,Premium,2024-12-11,paused
S02491,U00981,Standard,2025-05-24,paused
S02492,U00916,Basic,2024-07-11,expired
S02493,U00095,Premium,2024-09-21,active
S02494,U00298,Premium,2026-03-02,cancelled
S02495,U00522,Standard,2024-07-14,paused
S02496,U00973,Family,2024-06-20,paused
S02497,U00161,Basic,2024-08-18,active
S02498,U00618,Basic,2024-08-14,cancelled
S02499,U00136,Premium,2024-12-26,expired
S02500,U00272,Basic,2025-04-09,active
S02443,U00594,Premium,2025-09-08,cancelled
S02178,U00175,Premium,2025-03-24,cancelled
S00705,U00247,Family,2024-07-30,paused
S02207,,Standard,2025-02-09,paused
S00686,,Standard,2026-04-30,cancelled
S00723,U00499,Premium,2024-06-13,cancelled
S00820,U00923,Premium,not-a-date,expired
S01805,U00435,Basic,2026-05-07,cancelled
S01335,U00849,Standard,2025-09-27,active
S00829,U00338,Basic,2024-07-07,expired
S00890,U00460,Standard,2024-07-11,cancelled
S01217,U00921,Family,2025-06-15,cancelled
S00991,U00919,Standard,2024-09-10,active
S00361,U00716,Family,2026-08-26,active
S00789,U00549,Basic,2025-09-03,expired
S00692,U00218,Premium,2024-08-22,cancelled
S00295,U00925,Standard,2025-04-20,paused
S01689,U00049,Basic,2026-08-30,paused
S00540,U00614,Basic,2025-02-13,cancelled
S02429,U00134,Premium,2026-01-18,active
S00986,U00731,Basic,2024-09-25,cancelled
S01616,U00193,Standard,2026-08-13,expired
S00767,U00800,Standard,2024-12-23,active
S01098,U00307,Premium,2026-07-23,paused
S01291,U00300,Standard,2025-08-27,expired
S02080,U00423,Premium,2025-05-26,expired
S00212,U00878,Basic,2025-09-02,expired
S00448,U00201,Standard,2025-07-12,paused
S00074,U00035,Premium,2025-04-17,active
S00569,U00464,Standard,,paused
S01894,U00887,Basic,2026-02-26,expired
S00292,U00889,Family,2025-10-10,paused
S01142,U00141,Basic,2025-12-02,cancelled
S00309,U00423,Premium,2026-02-13,active
S01757,U00155,Standard,2025-03-28,paused
S01026,U00675,Family,2026-02-18,paused
S01864,U00289,Premium,2025-09-09,expired
S01461,U00732,Family,2025-06-13,cancelled
S00354,U00787,Family,2026-03-22,expired
S01577,U00513,Premium,not-a-date,paused
S00433,U00024,Premium,2024-07-01,paused
S02074,U00131,,2024-09-25,paused
S00733,U00384,,2024-08-02,cancelled
S01830,U00743,Family,2026-01-19,active
S02267,U00900,Standard,2024-12-12,expired
S01309,U00011,Basic,2026-05-07,expired
S02024,U00824,Premium,2025-05-19,paused
S00872,U00204,Premium,2025-02-22,active
S00515,U00418,Family,2024-09-09,expired
S01253,U00897,Standard,2024-11-20,active
S02157,U00698,Basic,2024-10-11,cancelled
S02234,U00501,Family,2026-06-18,cancelled
S01490,U00437,Basic,2024-11-17,cancelled
S02360,U00319,Premium,2025-04-02,active
S02289,U00372,Family,2025-09-13,cancelled
S01147,U00556,Standard,2025-03-29,expired
S01406,U00487,Premium,2026-08-30,expired
S00851,U00199,Standard,,expired
S02193,U00902,Family,2026-01-01,paused
S00481,U00039,Premium,2025-02-18,active
S00593,U00660,Standard,2026-07-26,expired
S00121,U00490,Family,2026-07-08,paused
S01321,U00211,Family,2026-07-18,cancelled
S02112,U00547,Premium,,expired
S00060,U00064,Premium,2025-01-19,active
S02091,U00368,Basic,2025-08-11,cancelled
S00110,U00377,Basic,2024-10-26,paused
S01601,U00970,Basic,2026-03-02,active
S01221,U00178,Standard,2025-06-29,expired
S00236,U00068,Premium,2025-01-14,paused
